Age,Gender,Weight_kg,Height_m,Max_BPM,Avg_BPM,Resting_BPM,Session_Duration_hours,Calories_Burned,Workout_Type,Fat_Percentage,Water_Intake_liters,Workout_Frequency_(days/week),Experience_Level,BMI,BMI_fixed,Intensity,HRR,BPM_Efficiency,Hydration_Ratio,cluster,activity_level,recommendation
34.0,Female,86.7,1.86,174.0,152.0,74.0,1.12,712.0,Strength,12.8,2.4,5.0,2.0,14.31,25.060700659035724,635.7142857142857,100.0,0.8735632183908046,0.027681660899653977,-1,Less Active,Light exercise 1-2x/week
26.0,Female,84.7,1.83,166.0,156.0,73.0,1.0,833.0,Strength,27.9,2.8,5.0,2.0,33.49,25.291886888231954,833.0,93.0,0.9397590361445783,0.033057851239669415,-1,Less Active,Light exercise 1-2x/week
22.0,Male,64.8,1.85,187.0,166.0,64.0,1.24,1678.0,Cardio,28.7,1.9,3.0,2.0,12.73,18.93352812271731,1353.225806451613,123.0,0.8877005347593583,0.029320987654320986,-1,Very Active,High-intensity interval training 3-4x/week
54.0,Female,75.3,1.82,187.0,169.0,58.0,1.45,628.0,Cardio,31.8,2.4,4.0,1.0,20.37,22.732761743750753,433.1034482758621,129.0,0.9037433155080213,0.03187250996015936,-1,Moderate,Moderate cardio 2-3x/week
34.0,Female,52.8,1.74,177.0,169.0,66.0,1.6,1286.0,Strength,26.4,3.2,4.0,2.0,20.83,17.43955608402695,803.75,111.0,0.9548022598870056,0.060606060606060615,-1,Active,Strength and cardio mix 3x/week
38.0,Female,53.0,1.58,161.0,128.0,74.0,1.62,953.0,HIIT,23.4,2.5,2.0,2.0,13.02,21.230572023714146,588.2716049382716,87.0,0.7950310559006211,0.04716981132075472,-1,Moderate,Moderate cardio 2-3x/week
44.0,Female,46.5,1.81,191.0,142.0,74.0,1.46,1238.0,Cardio,11.9,3.7,2.0,2.0,18.12,14.193705930832392,847.945205479452,117.0,0.743455497382199,0.07956989247311828,-1,Active,Strength and cardio mix 3x/week
50.0,Female,88.5,1.63,181.0,136.0,63.0,1.63,829.0,Strength,11.6,1.8,4.0,2.0,19.16,33.309496029206976,508.58895705521473,118.0,0.7513812154696132,0.02033898305084746,-1,Moderate,Moderate cardio 2-3x/week
18.0,Female,82.9,1.54,174.0,169.0,64.0,0.77,802.0,HIIT,27.8,2.2,3.0,1.0,49.84,34.95530443582392,1041.5584415584415,110.0,0.9712643678160919,0.026537997587454766,-1,Moderate,Moderate cardio 2-3x/week
34.0,Female,65.9,1.74,195.0,169.0,73.0,2.0,1231.0,Yoga,30.5,3.2,5.0,2.0,12.32,21.766415642753337,615.5,122.0,0.8666666666666667,0.048558421851289835,-1,Moderate,Moderate cardio 2-3x/week
39.0,Female,47.0,1.78,181.0,155.0,55.0,1.89,747.0,Yoga,31.7,2.3,3.0,3.0,28.39,14.833985607877793,395.23809523809524,126.0,0.856353591160221,0.04893617021276595,-1,Moderate,Moderate cardio 2-3x/week
46.0,Male,40.0,1.88,168.0,131.0,69.0,2.0,672.0,,25.4,2.4,2.0,2.0,12.32,11.317338162064283,336.0,99.0,0.7797619047619048,0.06,-1,Moderate,Moderate cardio 2-3x/week
19.0,Male,87.7,1.98,186.0,145.0,50.0,1.61,1705.0,Strength,14.1,2.3,3.0,2.0,15.99,22.37016630956025,1059.0062111801242,136.0,0.7795698924731183,0.02622576966932725,-1,Very Active,High-intensity interval training 3-4x/week
56.0,Female,107.4,1.73,176.0,141.0,71.0,0.65,1564.0,HIIT,26.0,3.0,2.0,3.0,14.48,35.88492766213372,2406.153846153846,105.0,0.8011363636363636,0.027932960893854747,-1,Very Active,High-intensity interval training 3-4x/week
19.0,Female,71.7,1.91,197.0,148.0,74.0,1.15,464.0,Cardio,32.5,2.7,4.0,2.0,19.09,19.654066500370057,403.47826086956525,123.0,0.751269035532995,0.03765690376569038,-1,Moderate,Moderate cardio 2-3x/week
30.0,Female,90.6,1.6,161.0,125.0,52.0,1.03,1410.0,Yoga,16.0,3.5,4.0,2.0,13.91,35.39062499999999,1368.9320388349515,109.0,0.7763975155279503,0.03863134657836645,-1,Very Active,High-intensity interval training 3-4x/week
23.0,Male,56.2,1.76,195.0,141.0,55.0,1.45,1195.0,HIIT,23.9,3.2,4.0,1.0,22.61,18.143078512396695,824.1379310344828,140.0,0.7230769230769231,0.05693950177935943,-1,Active,Strength and cardio mix 3x/week
39.0,Female,71.3,1.77,171.0,124.0,74.0,0.69,871.0,Cardio,21.9,2.1,5.0,1.0,14.31,22.758466596444187,1262.3188405797102,97.0,0.7251461988304093,0.02945301542776999,-1,Less Active,Light exercise 1-2x/week
54.0,Female,47.7,1.56,181.0,128.0,74.0,1.5,853.0,Yoga,26.5,1.5,3.0,1.0,23.64,19.600591715976332,568.6666666666666,107.0,0.7071823204419889,0.031446540880503145,-1,Moderate,Moderate cardio 2-3x/week
,Male,63.0,1.51,184.0,169.0,71.0,1.3,1136.0,Cardio,23.8,2.3,3.0,2.0,22.69,27.630367089162757,873.8461538461538,113.0,0.9184782608695652,0.0365079365079365,-1,Active,Strength and cardio mix 3x/week
26.0,Male,129.9,1.71,196.0,136.0,74.0,1.27,931.0,Yoga,26.6,1.8,5.0,1.0,21.04,44.42392531035191,733.0708661417323,122.0,0.6938775510204082,0.013856812933025403,-1,Moderate,Moderate cardio 2-3x/week
22.0,Female,102.4,1.5,173.0,156.0,55.0,1.44,453.0,HIIT,17.5,1.6,4.0,3.0,18.23,45.51111111111111,314.58333333333337,118.0,0.9017341040462428,0.015625,-1,Moderate,Moderate cardio 2-3x/week
36.0,Female,64.2,1.78,192.0,130.0,74.0,1.38,1708.0,Yoga,31.9,2.1,,1.0,25.59,20.262593106930943,1237.68115942029,118.0,0.6770833333333334,0.03271028037383177,-1,Very Active,High-intensity interval training 3-4x/week
25.0,Male,57.2,1.82,184.0,140.0,74.0,1.15,888.0,Strength,26.9,2.6,4.0,2.0,15.23,17.26844583987441,772.1739130434784,110.0,0.7608695652173914,0.045454545454545456,-1,Moderate,Moderate cardio 2-3x/week
59.0,Male,71.8,1.5,165.0,152.0,74.0,1.94,758.0,Yoga,28.9,3.3,3.0,1.0,16.87,31.91111111111111,390.7216494845361,91.0,0.9212121212121213,0.04596100278551532,-1,Moderate,Moderate cardio 2-3x/week
18.0,Male,112.4,1.71,177.0,165.0,55.0,1.56,1044.0,HIIT,33.5,1.7,2.0,2.0,24.43,38.43917786669403,669.2307692307692,122.0,0.9322033898305084,0.015124555160142347,-1,Moderate,Moderate cardio 2-3x/week
18.0,Male,40.0,1.72,188.0,155.0,74.0,1.51,1266.0,Cardio,26.4,2.5,2.0,,17.79,13.520822065981614,838.4105960264901,114.0,0.824468085106383,0.0625,-1,Active,Strength and cardio mix 3x/week
32.0,Male,72.4,1.74,189.0,127.0,60.0,1.4,1090.0,Yoga,16.9,1.6,2.0,1.0,17.68,23.913330690976352,778.5714285714287,129.0,0.671957671957672,0.022099447513812154,-1,Active,Strength and cardio mix 3x/week
28.0,Male,62.4,1.56,193.0,141.0,55.0,2.0,861.0,Cardio,32.2,3.6,3.0,1.0,18.61,25.64102564102564,430.5,138.0,0.7305699481865285,0.057692307692307696,-1,Moderate,Moderate cardio 2-3x/week
27.0,Female,78.6,1.65,198.0,127.0,66.0,1.61,938.0,Yoga,26.8,3.1,3.0,1.0,17.92,28.870523415977964,582.6086956521739,132.0,0.6414141414141414,0.03944020356234097,-1,Moderate,Moderate cardio 2-3x/week
44.0,Female,45.0,1.53,199.0,158.0,50.0,0.7,930.0,Strength,21.9,3.6,4.0,1.0,27.74,19.223375624759708,1328.5714285714287,149.0,0.7939698492462312,0.08,-1,Moderate,Moderate cardio 2-3x/week
20.0,Female,103.4,1.53,180.0,166.0,56.0,1.28,631.0,HIIT,23.0,3.0,4.0,1.0,19.18,44.17104532444787,492.96875,124.0,0.9222222222222223,0.029013539651837523,-1,Moderate,Moderate cardio 2-3x/week
51.0,Male,79.2,1.85,178.0,147.0,51.0,1.52,1355.0,Strength,23.2,2.0,4.0,1.0,18.95,23.140978816654492,891.4473684210526,127.0,0.8258426966292135,0.025252525252525252,-1,Active,Strength and cardio mix 3x/week
35.0,Male,75.7,1.61,192.0,147.0,52.0,0.92,1211.0,Strength,21.2,2.4,3.0,2.0,23.19,29.204120211411595,1316.304347826087,140.0,0.765625,0.031704095112285335,-1,Active,Strength and cardio mix 3x/week
21.0,Male,76.8,1.75,166.0,125.0,74.0,1.56,1152.0,Strength,25.1,2.7,3.0,1.0,16.66,25.077551020408162,738.4615384615385,92.0,0.7530120481927711,0.03515625000000001,-1,Active,Strength and cardio mix 3x/week
48.0,Female,112.6,1.69,160.0,162.0,63.0,0.89,1482.0,Cardio,22.6,2.5,4.0,2.0,12.32,39.424389902314346,1665.1685393258426,97.0,1.0125,0.022202486678507993,-1,Very Active,High-intensity interval training 3-4x/week
18.0,Male,73.7,1.78,192.0,154.0,73.0,1.18,851.0,Strength,27.4,2.6,2.0,2.0,21.08,23.260951900012625,721.1864406779662,119.0,0.8020833333333334,0.035278154681139755,-1,Moderate,Moderate cardio 2-3x/week
18.0,Female,84.0,1.71,194.0,148.0,52.0,0.92,621.0,Strength,28.3,3.4,3.0,3.0,17.99,28.726787729557817,675.0,142.0,0.7628865979381443,0.04047619047619048,-1,Moderate,Moderate cardio 2-3x/week
28.0,Male,68.0,1.7,174.0,155.0,68.0,0.74,1464.0,Yoga,17.0,2.3,3.0,2.0,21.67,23.529411764705884,1978.3783783783783,106.0,0.8908045977011494,0.033823529411764704,-1,Very Active,High-intensity interval training 3-4x/week
30.0,Female,54.3,1.82,185.0,168.0,66.0,1.4,1415.0,,25.4,3.6,3.0,1.0,26.4,16.392947711629027,1010.7142857142858,119.0,0.9081081081081082,0.06629834254143648,-1,Very Active,High-intensity interval training 3-4x/week
18.0,Female,42.8,1.89,194.0,162.0,73.0,2.0,736.0,,22.5,1.5,3.0,2.0,18.54,11.981747431482882,368.0,121.0,0.8350515463917526,0.03504672897196262,-1,Moderate,Moderate cardio 2-3x/week
49.0,Female,102.4,1.65,185.0,148.0,68.0,1.27,980.0,Cardio,34.8,2.0,5.0,,15.52,37.61248852157944,771.6535433070866,117.0,0.8,0.01953125,-1,Moderate,Moderate cardio 2-3x/week
42.0,Female,95.5,1.95,168.0,125.0,72.0,1.91,632.0,HIIT,26.1,2.0,4.0,1.0,12.32,25.115055884286654,330.89005235602093,96.0,0.7440476190476191,0.020942408376963352,-1,Moderate,Moderate cardio 2-3x/week
27.0,Female,58.7,1.98,199.0,145.0,52.0,2.0,1119.0,Cardio,23.0,2.7,2.0,3.0,18.99,14.972961942658914,559.5,147.0,0.7286432160804021,0.04599659284497445,-1,Moderate,Moderate cardio 2-3x/week
24.0,Female,86.5,1.65,196.0,169.0,59.0,1.08,771.0,Cardio,27.3,2.1,3.0,1.0,12.9,31.772268135904504,713.8888888888888,137.0,0.8622448979591837,0.024277456647398846,-1,Moderate,Moderate cardio 2-3x/week
44.0,Female,63.6,1.78,167.0,129.0,74.0,1.34,1165.0,Yoga,10.7,3.4,4.0,1.0,15.73,20.073223077894205,869.4029850746268,93.0,0.7724550898203593,0.05345911949685534,-1,Active,Strength and cardio mix 3x/week
52.0,Male,58.7,1.58,169.0,131.0,53.0,1.14,900.0,HIIT,28.5,3.3,3.0,,19.62,23.513859958340007,789.4736842105264,116.0,0.7751479289940828,0.05621805792163543,-1,Moderate,Moderate cardio 2-3x/week
49.0,Female,56.6,1.75,198.0,120.0,72.0,1.12,1767.0,Yoga,23.6,2.6,2.0,2.0,34.37,18.481632653061226,1577.6785714285713,126.0,0.6060606060606061,0.045936395759717315,-1,Very Active,High-intensity interval training 3-4x/week
36.0,Female,40.0,1.71,178.0,169.0,69.0,1.3,1519.0,HIIT,27.5,2.7,4.0,1.0,39.74,13.679422728360864,1168.4615384615383,109.0,0.949438202247191,0.0675,-1,Very Active,High-intensity interval training 3-4x/week
23.0,Female,67.7,1.73,188.0,162.0,54.0,1.76,954.0,Yoga,18.0,3.2,3.0,1.0,16.07,22.6202011427044,542.0454545454545,134.0,0.8617021276595744,0.047267355982274745,-1,Moderate,Moderate cardio 2-3x/week
56.0,Female,40.0,1.74,172.0,146.0,74.0,1.43,876.0,Yoga,26.0,3.4,2.0,1.0,19.63,13.21178491214163,612.5874125874126,98.0,0.8488372093023255,0.08499999999999999,-1,Moderate,Moderate cardio 2-3x/week
48.0,,68.0,1.69,185.0,144.0,68.0,1.23,695.0,Yoga,14.2,2.6,2.0,1.0,28.93,23.80869017191275,565.040650406504,117.0,0.7783783783783784,0.03823529411764706,-1,Moderate,Moderate cardio 2-3x/week
24.0,Male,68.3,1.74,184.0,161.0,51.0,1.9,566.0,Cardio,27.5,3.5,4.0,,16.26,22.559122737481832,297.89473684210526,133.0,0.875,0.05124450951683748,-1,Moderate,Moderate cardio 2-3x/week
22.0,Female,99.1,1.72,182.0,169.0,62.0,1.14,1105.0,Yoga,31.4,3.6,4.0,1.0,16.91,33.497836668469446,969.2982456140352,120.0,0.9285714285714286,0.03632694248234107,-1,Active,Strength and cardio mix 3x/week
20.0,Female,72.9,1.63,164.0,156.0,51.0,1.11,582.0,Strength,27.1,3.2,3.0,2.0,19.83,27.43799164439761,524.3243243243243,113.0,0.9512195121951219,0.0438957475994513,-1,Moderate,Moderate cardio 2-3x/week
44.0,Female,40.0,1.68,175.0,156.0,74.0,1.04,1010.0,Cardio,28.1,1.8,3.0,3.0,12.32,14.172335600907031,971.1538461538461,101.0,0.8914285714285715,0.045,-1,Less Active,Light exercise 1-2x/week
33.0,Female,58.3,1.77,167.0,153.0,74.0,1.41,969.0,Strength,29.5,2.6,2.0,1.0,20.47,18.608956557821823,687.2340425531916,93.0,0.9161676646706587,0.04459691252144083,-1,Moderate,Moderate cardio 2-3x/week
18.0,Male,40.0,1.64,177.0,134.0,53.0,0.98,468.0,\nStrength,25.6,2.1,3.0,3.0,18.78,14.872099940511603,477.55102040816325,124.0,0.7570621468926554,0.052500000000000005,-1,Moderate,Moderate cardio 2-3x/week
59.0,Male,45.8,1.5,163.0,137.0,55.0,1.98,1306.0,\tCardio,24.0,2.9,4.0,2.0,26.25,20.355555555555554,659.5959595959596,108.0,0.8404907975460123,0.06331877729257643,-1,Moderate,Moderate cardio 2-3x/week
27.0,Male,52.3,1.75,180.0,128.0,61.0,1.92,931.0,Strength,15.0,2.5,4.0,2.0,23.23,17.077551020408162,484.89583333333337,119.0,0.7111111111111111,0.047801147227533466,-1,Moderate,Moderate cardio 2-3x/week
33.0,Female,76.3,1.95,188.0,125.0,72.0,0.95,899.0,Strength,21.7,2.3,5.0,1.0,26.08,20.065746219592373,946.3157894736843,116.0,0.6648936170212766,0.030144167758846655,-1,Moderate,Moderate cardio 2-3x/week
47.0,Male,77.5,1.72,176.0,151.0,56.0,1.39,679.0,Cardio,13.3,3.5,2.0,3.0,24.32,26.196592752839376,488.48920863309354,120.0,0.8579545454545454,0.04516129032258064,-1,Moderate,Moderate cardio 2-3x/week
46.0,Female,40.0,1.58,177.0,132.0,58.0,1.29,1189.0,Strength,31.1,2.5,,2.0,12.73,16.023073225444637,921.7054263565891,119.0,0.7457627118644068,0.0625,-1,Active,Strength and cardio mix 3x/week
27.0,Male,96.3,1.61,198.0,159.0,70.0,1.16,1203.0,Cardio,32.1,3.1,3.0,1.0,12.32,37.15134446973496,1037.0689655172414,128.0,0.803030303030303,0.032191069574247146,-1,Active,Strength and cardio mix 3x/week
55.0,Female,68.4,1.85,175.0,150.0,58.0,1.16,1020.0,Cardio,29.2,2.5,4.0,2.0,22.87,19.985390796201607,879.3103448275863,117.0,0.8571428571428571,0.03654970760233918,-1,Active,Strength and cardio mix 3x/week
18.0,Female,56.9,1.77,183.0,131.0,57.0,1.28,1052.0,Cardio,20.7,3.5,4.0,2.0,18.57,18.162086245970187,821.875,126.0,0.7158469945355191,0.061511423550087874,-1,Active,Strength and cardio mix 3x/week
24.0,Male,47.6,1.51,175.0,120.0,70.0,0.78,583.0,Strength,22.6,1.7,5.0,1.0,13.71,20.876277356256306,747.4358974358975,105.0,0.6857142857142857,0.03571428571428571,-1,Less Active,Light exercise 1-2x/week
26.0,Female,88.8,1.7,193.0,169.0,68.0,1.91,1145.0,Strength,18.1,3.7,2.0,2.0,30.34,30.72664359861592,599.4764397905759,125.0,0.8756476683937824,0.04166666666666667,-1,Moderate,Moderate cardio 2-3x/week
18.0,,67.5,1.69,177.0,169.0,72.0,1.07,975.0,,26.2,1.6,4.0,3.0,14.08,23.633626273589865,911.214953271028,105.0,0.9548022598870056,0.023703703703703706,-1,Less Active,Light exercise 1-2x/week
29.0,Male,96.7,1.7,175.0,141.0,54.0,2.0,880.0,Yoga,32.9,2.3,2.0,3.0,13.16,33.46020761245675,440.0,121.0,0.8057142857142857,0.023784901758014475,-1,Moderate,Moderate cardio 2-3x/week
26.0,,55.7,1.99,172.0,142.0,68.0,2.0,1583.0,Strength,18.9,3.2,4.0,1.0,12.32,14.065301381278251,791.5,104.0,0.8255813953488372,0.05745062836624776,-1,Active,Strength and cardio mix 3x/week
43.0,Male,112.0,1.71,166.0,146.0,58.0,1.62,815.0,HIIT,31.2,2.6,3.0,1.0,21.1,38.30238363941042,503.0864197530864,108.0,0.8795180722891566,0.023214285714285715,-1,Moderate,Moderate cardio 2-3x/week
48.0,Male,75.2,1.72,193.0,169.0,59.0,1.54,1726.0,Cardio,30.9,1.9,2.0,,18.64,25.419145484045433,1120.7792207792209,134.0,0.8756476683937824,0.02526595744680851,-1,Very Active,High-intensity interval training 3-4x/week
29.0,Female,72.0,1.66,167.0,144.0,68.0,0.87,1248.0,HIIT,10.0,3.6,4.0,3.0,17.55,26.1286108288576,1434.4827586206898,99.0,0.8622754491017964,0.05,-1,Very Active,High-intensity interval training 3-4x/week
22.0,Female,75.7,1.56,194.0,142.0,61.0,1.23,643.0,Strength,28.8,2.3,3.0,3.0,13.93,31.10618014464168,522.7642276422764,133.0,0.7319587628865979,0.030383091149273445,-1,Moderate,Moderate cardio 2-3x/week
20.0,Male,59.1,1.62,191.0,127.0,54.0,1.02,995.0,,26.2,3.4,3.0,,12.46,22.51943301326017,975.4901960784314,137.0,0.6649214659685864,0.05752961082910321,-1,Moderate,Moderate cardio 2-3x/week
39.0,Female,41.3,1.76,175.0,136.0,69.0,1.42,1096.0,Yoga,24.3,3.2,3.0,2.0,15.36,13.332902892561982,771.830985915493,106.0,0.7771428571428571,0.0774818401937046,-1,Active,Strength and cardio mix 3x/week
41.0,Male,40.0,1.77,176.0,148.0,65.0,1.03,1238.0,Yoga,11.6,1.9,5.0,1.0,22.98,12.767723195761114,1201.9417475728155,111.0,0.8409090909090909,0.0475,-1,Very Active,High-intensity interval training 3-4x/week
41.0,Female,63.7,1.93,195.0,155.0,61.0,1.18,1064.0,HIIT,21.2,3.4,4.0,1.0,15.76,17.101130231684074,901.6949152542373,134.0,0.7948717948717948,0.053375196232339085,-1,Active,Strength and cardio mix 3x/week
31.0,Female,100.0,1.75,190.0,169.0,67.0,1.46,1573.0,HIIT,20.8,3.4,4.0,2.0,,32.6530612244898,1077.3972602739727,123.0,0.8894736842105263,0.034,-1,Very Active,High-intensity interval training 3-4x/week
20.0,Male,45.0,1.68,171.0,154.0,74.0,1.5,1692.0,Yoga,10.0,2.4,4.0,1.0,12.32,15.94387755102041,1128.0,97.0,0.9005847953216374,0.05333333333333333,-1,Very Active,High-intensity interval training 3-4x/week
26.0,Male,47.1,1.61,189.0,138.0,52.0,1.26,1095.0,Yoga,19.3,3.6,3.0,3.0,29.91,18.170595270244203,869.047619047619,137.0,0.7301587301587301,0.07643312101910828,-1,Active,Strength and cardio mix 3x/week
37.0,Female,72.1,1.83,164.0,152.0,58.0,1.58,1091.0,Cardio,34.4,3.3,4.0,2.0,16.92,21.529457433784223,690.506329113924,106.0,0.926829268292683,0.04576976421636616,-1,Moderate,Moderate cardio 2-3x/week
59.0,Male,57.5,1.81,175.0,169.0,58.0,1.47,1349.0,Cardio,24.7,2.5,5.0,2.0,12.32,17.551356796190593,917.687074829932,117.0,0.9657142857142857,0.043478260869565216,-1,Active,Strength and cardio mix 3x/week
22.0,Male,54.3,1.85,165.0,144.0,53.0,2.0,1740.0,\tCardio,26.6,3.7,4.0,2.0,20.04,15.865595325054782,870.0,112.0,0.8727272727272727,0.06813996316758748,-1,Active,Strength and cardio mix 3x/week
25.0,Male,63.9,1.67,178.0,144.0,61.0,1.56,868.0,Strength,24.8,2.4,3.0,2.0,24.51,22.912259313707914,556.4102564102564,117.0,0.8089887640449438,0.03755868544600939,-1,Moderate,Moderate cardio 2-3x/week
32.0,Male,56.6,2.0,190.0,123.0,65.0,1.25,1309.0,HIIT,14.7,3.5,4.0,3.0,17.83,14.15,1047.2,125.0,0.6473684210526316,0.06183745583038869,-1,Very Active,High-intensity interval training 3-4x/week
29.0,Female,95.3,1.72,190.0,169.0,74.0,1.49,733.0,HIIT,29.2,3.7,5.0,3.0,20.06,32.213358572201194,491.9463087248322,116.0,0.8894736842105263,0.038824763903462754,-1,Moderate,Moderate cardio 2-3x/week
30.0,Female,96.3,2.0,173.0,136.0,74.0,2.0,1095.0,HIIT,20.4,1.5,5.0,2.0,25.83,24.075,547.5,99.0,0.7861271676300579,0.01557632398753894,-1,Moderate,Moderate cardio 2-3x/week
33.0,Male,60.5,1.54,195.0,126.0,56.0,1.27,1237.0,Cardio,29.1,3.7,4.0,2.0,21.23,25.510204081632654,974.0157480314961,139.0,0.6461538461538462,0.061157024793388436,-1,Active,Strength and cardio mix 3x/week
54.0,,56.3,1.59,172.0,169.0,68.0,1.47,936.0,Cardio,19.6,3.1,4.0,2.0,18.7,22.26968869902298,636.7346938775511,104.0,0.9825581395348837,0.055062166962699825,-1,Moderate,Moderate cardio 2-3x/week
49.0,Male,45.0,1.84,190.0,159.0,53.0,1.3,864.0,HIIT,26.5,1.5,4.0,2.0,17.11,13.291587901701323,664.6153846153846,137.0,0.8368421052631579,0.03333333333333333,-1,Moderate,Moderate cardio 2-3x/week
53.0,Male,87.7,1.84,164.0,152.0,53.0,1.37,1066.0,Cardio,24.7,2.6,5.0,2.0,25.16,25.90382797731569,778.1021897810218,111.0,0.926829268292683,0.029646522234891677,-1,Active,Strength and cardio mix 3x/week
54.0,Female,46.1,1.85,187.0,162.0,63.0,1.35,772.0,Strength,25.7,3.6,4.0,1.0,20.62,13.469685902118334,571.8518518518518,124.0,0.8663101604278075,0.07809110629067245,-1,Moderate,Moderate cardio 2-3x/week
18.0,Female,69.8,1.82,178.0,168.0,58.0,1.9,963.0,HIIT,31.4,3.7,5.0,2.0,34.21,21.072334259147443,506.8421052631579,120.0,0.9438202247191011,0.05300859598853869,-1,Moderate,Moderate cardio 2-3x/week
18.0,Male,79.2,1.77,198.0,137.0,66.0,1.2,1429.0,Yoga,12.9,3.7,3.0,2.0,19.07,25.280091927607007,1190.8333333333335,132.0,0.6919191919191919,0.04671717171717172,-1,Very Active,High-intensity interval training 3-4x/week
29.0,Male,60.6,1.76,188.0,148.0,50.0,1.38,676.0,Strength,30.2,2.5,3.0,,23.73,19.56353305785124,489.8550724637682,138.0,0.7872340425531915,0.041254125412541254,-1,Moderate,Moderate cardio 2-3x/week
22.0,Female,53.3,1.73,172.0,144.0,71.0,1.1,1235.0,Strength,22.8,2.6,3.0,1.0,13.13,17.8088141935915,1122.7272727272727,101.0,0.8372093023255814,0.04878048780487805,-1,Active,Strength and cardio mix 3x/week
20.0,Male,95.7,1.85,196.0,136.0,58.0,1.44,987.0,HIIT,23.8,1.5,3.0,2.0,15.47,27.962016070124175,685.4166666666667,138.0,0.6938775510204082,0.01567398119122257,-1,Moderate,Moderate cardio 2-3x/week
29.0,Female,57.4,1.74,198.0,165.0,67.0,1.58,880.0,Strength,20.9,3.3,4.0,1.0,,18.958911348923237,556.9620253164557,131.0,0.8333333333333334,0.05749128919860627,-1,Moderate,Moderate cardio 2-3x/week
47.0,Male,87.3,1.9,194.0,164.0,74.0,1.87,1073.0,HIIT,23.7,3.5,5.0,2.0,20.1,24.182825484764543,573.7967914438502,120.0,0.845360824742268,0.04009163802978236,-1,Moderate,Moderate cardio 2-3x/week
18.0,Male,79.2,1.66,176.0,154.0,72.0,1.58,1493.0,Strength,18.1,2.3,3.0,1.0,14.27,28.74147191174336,944.9367088607595,104.0,0.875,0.029040404040404037,-1,Active,Strength and cardio mix 3x/week
18.0,Male,73.8,1.75,187.0,149.0,74.0,1.64,1065.0,HIIT,17.7,2.4,3.0,1.0,17.79,24.097959183673467,649.390243902439,113.0,0.7967914438502673,0.032520325203252036,-1,Moderate,Moderate cardio 2-3x/week
33.0,Female,66.3,1.76,164.0,120.0,74.0,1.44,419.0,,25.4,2.6,3.0,3.0,20.67,21.4036673553719,290.97222222222223,90.0,0.7317073170731707,0.03921568627450981,-1,Moderate,Moderate cardio 2-3x/week
27.0,Male,72.8,1.82,162.0,136.0,57.0,1.23,780.0,HIIT,11.4,3.5,4.0,3.0,22.59,21.978021978021975,634.1463414634146,105.0,0.8395061728395061,0.04807692307692308,-1,Moderate,Moderate cardio 2-3x/week
38.0,Male,50.0,1.75,186.0,135.0,59.0,2.0,695.0,Strength,23.4,1.6,4.0,1.0,49.84,16.3265306122449,347.5,127.0,0.7258064516129032,0.032,-1,Moderate,Moderate cardio 2-3x/week
29.0,Female,93.5,1.85,166.0,167.0,74.0,1.01,670.0,Cardio,23.2,2.6,3.0,1.0,19.83,27.319211102994885,663.3663366336633,92.0,1.0060240963855422,0.027807486631016044,-1,Less Active,Light exercise 1-2x/week
54.0,Male,84.0,1.94,178.0,133.0,53.0,1.47,942.0,Yoga,30.7,1.5,4.0,1.0,16.61,22.31905622276544,640.8163265306123,125.0,0.7471910112359551,0.017857142857142856,-1,Moderate,Moderate cardio 2-3x/week
37.0,Female,55.3,1.73,183.0,134.0,51.0,1.1,976.0,Yoga,31.3,2.8,2.0,2.0,16.26,18.47706238096829,887.2727272727273,132.0,0.73224043715847,0.05063291139240506,-1,Moderate,Moderate cardio 2-3x/week
21.0,Male,66.6,1.85,189.0,121.0,56.0,0.88,993.0,HIIT,13.9,3.4,5.0,1.0,12.32,19.459459459459456,1128.409090909091,133.0,0.6402116402116402,0.05105105105105105,-1,Moderate,Moderate cardio 2-3x/week
21.0,,65.8,1.62,172.0,127.0,62.0,1.35,1307.0,Cardio,26.0,3.4,3.0,1.0,15.3,25.072397500381033,968.148148148148,110.0,0.7383720930232558,0.05167173252279635,-1,Very Active,High-intensity interval training 3-4x/week
26.0,Female,59.8,1.6,180.0,151.0,58.0,1.2,611.0,HIIT,16.4,2.5,3.0,3.0,12.63,23.359374999999993,509.1666666666667,122.0,0.8388888888888889,0.04180602006688963,-1,Moderate,Moderate cardio 2-3x/week
42.0,Female,80.3,1.94,192.0,169.0,52.0,1.72,753.0,Yoga,24.6,3.5,5.0,2.0,33.99,21.335954936762676,437.7906976744186,140.0,0.8802083333333334,0.043586550435865505,-1,Moderate,Moderate cardio 2-3x/week
31.0,Female,129.9,1.7,190.0,169.0,69.0,1.38,735.0,Strength,10.0,2.1,3.0,3.0,16.07,44.94809688581316,532.608695652174,121.0,0.8894736842105263,0.016166281755196306,-1,Moderate,Moderate cardio 2-3x/week
50.0,Female,40.0,1.75,162.0,169.0,55.0,2.0,1449.0,Yoga,31.7,3.5,4.0,3.0,28.18,13.061224489795919,724.5,107.0,1.0432098765432098,0.0875,-1,Moderate,Moderate cardio 2-3x/week
51.0,Female,91.7,1.72,168.0,137.0,58.0,0.86,1529.0,Cardio,10.0,1.7,,1.0,14.15,30.99648458626285,1777.906976744186,110.0,0.8154761904761905,0.018538713195201745,-1,Very Active,High-intensity interval training 3-4x/week
18.0,Male,64.8,1.82,169.0,156.0,69.0,1.93,1516.0,Strength,21.9,3.5,3.0,2.0,17.69,19.56285472768989,785.4922279792746,100.0,0.9230769230769231,0.05401234567901235,-1,Active,Strength and cardio mix 3x/week
54.0,Male,60.1,1.63,174.0,159.0,72.0,0.52,893.0,Cardio,18.4,3.6,4.0,1.0,20.56,22.620347020964285,1717.3076923076922,102.0,0.9137931034482759,0.059900166389351084,-1,Less Active,Light exercise 1-2x/week
37.0,Male,46.3,1.69,181.0,141.0,67.0,1.64,1445.0,Strength,20.7,2.5,4.0,2.0,19.11,16.210916984699416,881.0975609756098,114.0,0.7790055248618785,0.05399568034557236,-1,Active,Strength and cardio mix 3x/week
21.0,Male,66.9,1.69,197.0,149.0,74.0,1.37,872.0,Yoga,16.6,2.6,5.0,2.0,33.07,23.4235495956024,636.4963503649634,123.0,0.7563451776649747,0.03886397608370702,-1,Moderate,Moderate cardio 2-3x/week
19.0,Female,40.0,1.93,167.0,158.0,74.0,1.19,1265.0,Yoga,24.7,2.6,4.0,3.0,12.32,10.738543316599104,1063.0252100840337,93.0,0.9461077844311377,0.065,-1,Very Active,High-intensity interval training 3-4x/week
36.0,Female,50.1,1.85,199.0,140.0,68.0,0.91,1243.0,Strength,30.7,2.8,4.0,2.0,25.82,14.638422205989773,1365.934065934066,131.0,0.7035175879396985,0.0558882235528942,-1,Very Active,High-intensity interval training 3-4x/week
23.0,Male,71.3,1.77,171.0,134.0,50.0,1.34,1239.0,Cardio,35.0,2.5,3.0,3.0,18.17,22.758466596444187,924.6268656716418,121.0,0.783625730994152,0.03506311360448808,-1,Active,Strength and cardio mix 3x/week
45.0,,68.3,1.75,185.0,133.0,65.0,1.31,1595.0,,29.1,2.5,4.0,2.0,13.23,22.302040816326528,1217.557251908397,120.0,0.7189189189189189,0.036603221083455345,-1,Very Active,High-intensity interval training 3-4x/week
39.0,Female,66.8,1.61,177.0,127.0,59.0,1.64,770.0,Yoga,28.0,3.1,4.0,1.0,17.16,25.770610701747614,469.51219512195127,118.0,0.7175141242937854,0.04640718562874252,-1,Moderate,Moderate cardio 2-3x/week
45.0,Male,53.9,1.68,169.0,141.0,71.0,1.59,1031.0,Yoga,19.2,2.1,3.0,3.0,20.62,19.097222222222225,648.4276729559748,98.0,0.834319526627219,0.03896103896103897,-1,Moderate,Moderate cardio 2-3x/week
27.0,Female,40.0,1.57,178.0,169.0,52.0,1.32,949.0,Strength,28.4,3.1,3.0,2.0,21.11,16.227838857560144,718.9393939393939,126.0,0.949438202247191,0.0775,-1,Moderate,Moderate cardio 2-3x/week
37.0,Male,62.1,1.85,196.0,151.0,64.0,1.28,943.0,HIIT,26.7,3.3,4.0,1.0,20.37,18.14463111760409,736.71875,132.0,0.7704081632653061,0.05314009661835748,-1,Moderate,Moderate cardio 2-3x/week
28.0,Male,60.7,1.73,198.0,124.0,70.0,1.34,1212.0,Cardio,24.8,2.0,2.0,1.0,20.21,20.281332486885628,904.4776119402984,128.0,0.6262626262626263,0.032948929159802305,-1,Active,Strength and cardio mix 3x/week
18.0,Male,46.9,1.84,185.0,147.0,65.0,1.29,1040.0,HIIT,21.8,1.7,3.0,1.0,13.0,13.852788279773156,806.2015503875969,120.0,0.7945945945945946,0.03624733475479744,-1,Active,Strength and cardio mix 3x/week
18.0,Female,90.8,1.66,182.0,134.0,56.0,1.77,990.0,Yoga,10.0,1.8,4.0,2.0,22.03,32.95108143417042,559.3220338983051,126.0,0.7362637362637363,0.019823788546255508,-1,Moderate,Moderate cardio 2-3x/week
24.0,Female,44.0,1.79,193.0,164.0,62.0,1.84,622.0,Strength,26.3,3.5,4.0,2.0,14.27,13.73240535563809,338.04347826086956,131.0,0.8497409326424871,0.07954545454545454,-1,Moderate,Moderate cardio 2-3x/week
27.0,Female,75.1,1.86,175.0,165.0,70.0,1.29,765.0,,27.0,3.5,4.0,2.0,14.22,21.707711874205106,593.0232558139535,105.0,0.9428571428571428,0.04660452729693742,-1,Moderate,Moderate cardio 2-3x/week
23.0,Female,74.2,1.71,199.0,150.0,57.0,1.05,1166.0,Cardio,34.5,3.3,,1.0,12.32,25.375329161109406,1110.4761904761904,142.0,0.7537688442211056,0.0444743935309973,-1,Active,Strength and cardio mix 3x/week
23.0,Female,58.2,1.85,196.0,130.0,57.0,1.36,582.0,HIIT,25.7,1.5,4.0,1.0,35.08,17.005113221329438,427.94117647058823,139.0,0.6632653061224489,0.02577319587628866,-1,Moderate,Moderate cardio 2-3x/week
23.0,Female,78.7,1.68,191.0,132.0,70.0,1.28,1319.0,,21.1,3.5,2.0,2.0,20.39,27.884070294784586,1030.46875,121.0,0.6910994764397905,0.044472681067344345,-1,Very Active,High-intensity interval training 3-4x/week
43.0,Male,74.2,1.76,188.0,141.0,68.0,0.98,1426.0,Cardio,21.2,3.1,2.0,3.0,20.52,23.954028925619838,1455.1020408163265,120.0,0.75,0.04177897574123989,-1,Very Active,High-intensity interval training 3-4x/week
18.0,Male,56.1,2.0,180.0,120.0,57.0,1.04,1461.0,HIIT,27.4,2.0,5.0,2.0,12.32,14.025,1404.8076923076922,123.0,0.6666666666666666,0.035650623885918005,-1,Very Active,High-intensity interval training 3-4x/week
45.0,Female,42.1,1.86,194.0,129.0,74.0,0.91,1176.0,Strength,22.1,3.6,5.0,1.0,33.0,12.169036882876632,1292.3076923076922,120.0,0.6649484536082474,0.0855106888361045,-1,Active,Strength and cardio mix 3x/week
18.0,Male,40.0,1.73,168.0,121.0,73.0,0.64,1153.0,HIIT,29.9,3.1,2.0,3.0,18.62,13.364963747535834,1801.5625,95.0,0.7202380952380952,0.0775,-1,Active,Strength and cardio mix 3x/week
18.0,Male,40.0,1.85,175.0,144.0,51.0,2.0,1318.0,,32.7,2.0,4.0,2.0,21.16,11.68736303871439,659.0,124.0,0.8228571428571428,0.05,-1,Moderate,Moderate cardio 2-3x/week
22.0,Female,40.0,1.75,181.0,155.0,50.0,2.0,998.0,Strength,27.0,1.8,,1.0,12.82,13.061224489795919,499.0,131.0,0.856353591160221,0.045,-1,Moderate,Moderate cardio 2-3x/week
28.0,Female,107.7,1.99,188.0,129.0,55.0,2.0,1127.0,\tYoga,10.0,2.0,2.0,1.0,17.86,27.19628292214843,563.5,133.0,0.6861702127659575,0.018570102135561744,-1,Moderate,Moderate cardio 2-3x/week
18.0,Female,40.0,1.8,196.0,120.0,70.0,2.0,979.0,Cardio,10.0,2.6,4.0,1.0,20.06,12.345679012345679,489.5,126.0,0.6122448979591837,0.065,-1,Moderate,Moderate cardio 2-3x/week
57.0,Female,70.0,1.81,167.0,154.0,53.0,1.3,1149.0,Yoga,26.6,1.5,3.0,3.0,12.32,21.36686914318855,883.8461538461538,114.0,0.9221556886227545,0.02142857142857143,-1,Active,Strength and cardio mix 3x/week
55.0,Female,63.2,1.59,161.0,168.0,69.0,1.49,1094.0,Yoga,19.0,3.6,3.0,2.0,17.45,24.99901111506665,734.228187919463,92.0,1.0434782608695652,0.056962025316455694,-1,Active,Strength and cardio mix 3x/week
50.0,Male,69.6,1.71,167.0,169.0,57.0,0.98,470.0,Yoga,27.2,2.7,2.0,2.0,20.42,23.802195547347903,479.5918367346939,110.0,1.0119760479041917,0.03879310344827587,-1,Moderate,Moderate cardio 2-3x/week
32.0,Male,57.0,1.76,170.0,160.0,71.0,1.82,904.0,Strength,30.9,3.3,4.0,3.0,16.01,18.401342975206614,496.7032967032967,99.0,0.9411764705882353,0.05789473684210526,-1,Moderate,Moderate cardio 2-3x/week
20.0,Female,75.8,1.87,160.0,163.0,63.0,2.0,988.0,HIIT,23.5,2.7,4.0,3.0,12.32,21.676341902828216,494.0,97.0,1.01875,0.03562005277044855,-1,Moderate,Moderate cardio 2-3x/week
18.0,Male,54.7,1.6,167.0,156.0,57.0,1.63,1134.0,Yoga,22.7,3.4,4.0,2.0,15.86,21.367187499999996,695.7055214723927,110.0,0.9341317365269461,0.06215722120658135,-1,Moderate,Moderate cardio 2-3x/week
18.0,Male,97.5,2.0,169.0,159.0,68.0,1.17,782.0,Strength,24.8,1.8,2.0,1.0,42.88,24.375,668.3760683760684,101.0,0.9408284023668639,0.018461538461538463,-1,Moderate,Moderate cardio 2-3x/week
31.0,Female,51.0,1.56,193.0,140.0,64.0,1.41,1347.0,Cardio,28.6,3.5,2.0,2.0,25.42,20.956607495069033,955.3191489361702,129.0,0.7253886010362695,0.06862745098039216,-1,Active,Strength and cardio mix 3x/week
31.0,Female,71.0,1.81,199.0,158.0,68.0,1.87,1228.0,Strength,29.6,2.7,2.0,2.0,14.52,21.672110130948383,656.6844919786096,131.0,0.7939698492462312,0.03802816901408451,-1,Moderate,Moderate cardio 2-3x/week
28.0,Female,70.0,1.74,198.0,169.0,69.0,2.0,1468.0,Cardio,28.4,2.8,4.0,2.0,21.91,23.120623596247853,734.0,129.0,0.8535353535353535,0.04,-1,Active,Strength and cardio mix 3x/week
23.0,Male,57.8,1.87,172.0,142.0,54.0,1.46,1741.0,,28.7,3.5,3.0,2.0,13.33,16.52892561983471,1192.4657534246576,118.0,0.8255813953488372,0.060553633217993084,-1,Very Active,High-intensity interval training 3-4x/week
48.0,Male,67.3,1.61,173.0,139.0,59.0,0.86,659.0,Cardio,20.5,2.7,3.0,,18.23,25.963504494425365,766.2790697674419,114.0,0.8034682080924855,0.04011887072808321,-1,Moderate,Moderate cardio 2-3x/week
52.0,Female,73.5,1.78,181.0,162.0,67.0,2.0,1325.0,Yoga,21.1,2.3,3.0,3.0,18.08,23.197828557000378,662.5,114.0,0.8950276243093923,0.03129251700680272,-1,Moderate,Moderate cardio 2-3x/week
18.0,Male,94.7,1.52,161.0,141.0,66.0,1.4,1446.0,Yoga,16.7,2.6,3.0,2.0,22.4,40.98857340720222,1032.857142857143,95.0,0.8757763975155279,0.027455121436114043,-1,Very Active,High-intensity interval training 3-4x/week
47.0,Male,40.0,1.89,177.0,139.0,69.0,1.3,902.0,HIIT,26.7,3.3,3.0,3.0,26.2,11.197894795778394,693.8461538461538,108.0,0.7853107344632768,0.08249999999999999,-1,Moderate,Moderate cardio 2-3x/week
54.0,Female,63.5,1.51,192.0,147.0,70.0,1.23,526.0,Yoga,28.3,2.2,,3.0,17.05,27.849655716854524,427.6422764227642,122.0,0.765625,0.03464566929133858,-1,Moderate,Moderate cardio 2-3x/week
22.0,Female,60.1,1.71,198.0,161.0,70.0,1.04,533.0,HIIT,10.3,3.4,5.0,1.0,26.74,20.5533326493622,512.5,128.0,0.8131313131313131,0.056572379367720464,-1,Moderate,Moderate cardio 2-3x/week
31.0,Male,40.0,1.77,181.0,127.0,51.0,0.76,1382.0,Cardio,15.3,2.6,4.0,,14.09,12.767723195761114,1818.421052631579,130.0,0.7016574585635359,0.065,-1,Very Active,High-intensity interval training 3-4x/week
48.0,Male,55.5,1.5,183.0,133.0,51.0,0.73,830.0,Cardio,27.3,2.2,3.0,3.0,32.42,24.666666666666668,1136.986301369863,132.0,0.726775956284153,0.039639639639639644,-1,Moderate,Moderate cardio 2-3x/week
23.0,Female,95.6,1.5,196.0,152.0,56.0,0.5,639.0,Yoga,25.2,3.2,2.0,1.0,13.38,42.48888888888889,1278.0,140.0,0.7755102040816326,0.03347280334728034,-1,Moderate,Moderate cardio 2-3x/week
43.0,Male,102.5,1.79,190.0,138.0,69.0,1.54,844.0,Cardio,19.7,3.7,4.0,2.0,17.07,31.990262476202368,548.051948051948,121.0,0.7263157894736842,0.03609756097560976,-1,Moderate,Moderate cardio 2-3x/week
50.0,Male,56.6,1.96,196.0,169.0,74.0,2.0,1299.0,Strength,24.8,1.6,3.0,2.0,20.69,14.733444398167432,649.5,122.0,0.8622448979591837,0.028268551236749116,-1,Moderate,Moderate cardio 2-3x/week
30.0,Male,40.0,1.67,176.0,120.0,55.0,1.39,1710.0,Cardio,18.2,2.7,3.0,1.0,12.32,14.342572340349243,1230.2158273381297,121.0,0.6818181818181818,0.0675,-1,Very Active,High-intensity interval training 3-4x/week
25.0,Female,74.9,1.66,192.0,138.0,58.0,1.73,1766.0,HIIT,28.7,2.3,5.0,1.0,15.98,27.181013209464368,1020.8092485549133,134.0,0.71875,0.03070761014686248,-1,Very Active,High-intensity interval training 3-4x/week
19.0,Female,82.8,1.79,192.0,127.0,74.0,1.18,1140.0,Cardio,10.0,2.4,4.0,3.0,21.95,25.84189007833713,966.1016949152543,118.0,0.6614583333333334,0.028985507246376812,-1,Active,Strength and cardio mix 3x/week
41.0,Female,73.3,1.71,196.0,158.0,56.0,1.36,1234.0,Strength,30.1,3.2,4.0,3.0,25.83,25.067542149721284,907.3529411764705,140.0,0.8061224489795918,0.043656207366985,-1,Active,Strength and cardio mix 3x/week
53.0,Male,55.3,1.98,177.0,169.0,51.0,0.83,1273.0,Strength,14.7,2.1,2.0,2.0,20.9,14.105703499642892,1533.7349397590363,126.0,0.9548022598870056,0.0379746835443038,-1,Very Active,High-intensity interval training 3-4x/week
35.0,Male,95.9,1.69,175.0,129.0,58.0,1.22,1674.0,Cardio,27.5,2.1,3.0,3.0,24.01,33.5772556983299,1372.1311475409836,117.0,0.7371428571428571,0.021897810218978103,-1,Very Active,High-intensity interval training 3-4x/week
33.0,Male,89.6,1.62,175.0,137.0,56.0,1.09,906.0,Cardio,23.9,1.6,3.0,1.0,25.68,34.14113702179545,831.1926605504586,119.0,0.7828571428571428,0.01785714285714286,-1,Moderate,Moderate cardio 2-3x/week
33.0,Male,42.7,1.82,196.0,145.0,68.0,1.24,1436.0,Yoga,26.3,3.7,4.0,1.0,42.84,12.890955198647505,1158.0645161290322,128.0,0.7397959183673469,0.08665105386416862,-1,Very Active,High-intensity interval training 3-4x/week
33.0,Female,103.3,1.72,180.0,162.0,58.0,0.66,1104.0,Yoga,22.6,3.2,2.0,1.0,12.42,34.91752298539752,1672.7272727272727,122.0,0.9,0.030977734753146177,-1,Active,Strength and cardio mix 3x/week
33.0,Male,76.8,1.72,193.0,126.0,69.0,1.26,790.0,HIIT,31.8,3.3,4.0,1.0,25.47,25.959978366684695,626.984126984127,124.0,0.6528497409326425,0.04296875,-1,Moderate,Moderate cardio 2-3x/week
23.0,Female,69.1,1.63,198.0,138.0,57.0,2.0,1549.0,Yoga,21.4,3.3,2.0,1.0,31.27,26.007753396815836,774.5,141.0,0.696969696969697,0.04775687409551375,-1,Active,Strength and cardio mix 3x/week
30.0,Male,75.6,1.82,196.0,138.0,74.0,1.31,925.0,Cardio,32.4,3.3,3.0,3.0,15.35,22.823330515638204,706.1068702290077,122.0,0.7040816326530612,0.04365079365079365,-1,Moderate,Moderate cardio 2-3x/week
18.0,Female,42.0,1.74,197.0,120.0,57.0,2.0,1236.0,Cardio,26.6,1.5,3.0,2.0,19.62,13.87237415774871,618.0,140.0,0.6091370558375635,0.03571428571428571,-1,Moderate,Moderate cardio 2-3x/week
56.0,Male,62.9,1.5,194.0,153.0,74.0,1.85,991.0,Yoga,23.2,2.4,3.0,2.0,32.25,27.955555555555556,535.6756756756756,120.0,0.788659793814433,0.03815580286168521,-1,Moderate,Moderate cardio 2-3x/week
22.0,Female,53.5,1.76,194.0,137.0,66.0,2.0,1395.0,Strength,13.1,2.3,5.0,2.0,17.16,17.271435950413224,697.5,128.0,0.7061855670103093,0.04299065420560747,-1,Moderate,Moderate cardio 2-3x/week
21.0,Female,90.7,1.75,190.0,135.0,54.0,1.03,1155.0,Cardio,28.0,2.3,3.0,2.0,12.66,29.616326530612245,1121.3592233009708,136.0,0.7105263157894737,0.025358324145534728,-1,Active,Strength and cardio mix 3x/week
21.0,Male,74.7,1.59,161.0,169.0,74.0,1.08,1379.0,Yoga,15.2,2.5,3.0,2.0,21.53,29.547881808472763,1276.8518518518517,87.0,1.049689440993789,0.03346720214190094,-1,Very Active,High-intensity interval training 3-4x/week
50.0,Male,82.6,1.71,164.0,160.0,63.0,1.33,1011.0,Yoga,22.4,3.6,5.0,2.0,12.32,28.248007934065182,760.1503759398496,101.0,0.975609756097561,0.04358353510895884,-1,Moderate,Moderate cardio 2-3x/week
27.0,Female,70.1,1.58,169.0,156.0,63.0,0.82,797.0,Cardio,28.1,3.4,3.0,1.0,24.04,28.080435827591725,971.9512195121952,106.0,0.9230769230769231,0.04850213980028531,-1,Less Active,Light exercise 1-2x/week
29.0,Female,40.2,1.7,184.0,152.0,70.0,1.82,744.0,Strength,13.2,2.6,3.0,2.0,18.63,13.910034602076127,408.79120879120876,114.0,0.8260869565217391,0.06467661691542288,-1,Moderate,Moderate cardio 2-3x/week
19.0,Female,76.4,1.79,189.0,132.0,57.0,1.41,1414.0,HIIT,33.3,3.5,3.0,2.0,14.21,23.844449299335228,1002.8368794326242,132.0,0.6984126984126984,0.04581151832460733,-1,Very Active,High-intensity interval training 3-4x/week
39.0,Male,78.5,1.59,197.0,153.0,71.0,1.88,1009.0,Yoga,26.0,3.7,5.0,1.0,16.24,31.05098690716348,536.7021276595744,126.0,0.7766497461928934,0.04713375796178344,-1,Moderate,Moderate cardio 2-3x/week
18.0,,72.1,1.79,194.0,169.0,71.0,1.89,716.0,\nStrength,16.7,3.2,2.0,2.0,12.32,22.502418775943323,378.83597883597884,123.0,0.8711340206185567,0.04438280166435507,-1,Moderate,Moderate cardio 2-3x/week
26.0,Male,61.0,1.97,172.0,140.0,74.0,1.99,1298.0,Cardio,21.8,2.6,,2.0,24.27,15.718003555876214,652.2613065326633,98.0,0.813953488372093,0.042622950819672135,-1,Moderate,Moderate cardio 2-3x/week
20.0,Female,82.6,1.6,174.0,149.0,63.0,2.0,775.0,HIIT,22.9,3.3,2.0,2.0,15.06,32.26562499999999,387.5,111.0,0.8563218390804598,0.039951573849878935,-1,Moderate,Moderate cardio 2-3x/week
34.0,Male,91.2,1.5,193.0,165.0,61.0,1.13,905.0,Strength,24.0,3.4,4.0,1.0,24.8,40.53333333333333,800.8849557522125,132.0,0.8549222797927462,0.03728070175438596,-1,Moderate,Moderate cardio 2-3x/week
23.0,Male,46.7,1.65,164.0,159.0,68.0,1.81,1563.0,Yoga,15.8,2.5,4.0,2.0,19.8,17.153351698806247,863.5359116022099,96.0,0.9695121951219512,0.05353319057815845,-1,Active,Strength and cardio mix 3x/week
28.0,Female,74.2,1.5,191.0,129.0,72.0,1.77,848.0,Strength,17.3,1.5,3.0,2.0,24.11,32.97777777777778,479.0960451977401,119.0,0.675392670157068,0.02021563342318059,-1,Moderate,Moderate cardio 2-3x/week
18.0,Female,64.0,1.51,176.0,129.0,74.0,1.18,992.0,Strength,26.7,3.4,5.0,3.0,14.98,28.068944344546292,840.677966101695,102.0,0.7329545454545454,0.053125,-1,Moderate,Moderate cardio 2-3x/week
32.0,Male,52.8,1.61,169.0,169.0,70.0,0.88,1375.0,Strength,24.2,2.7,5.0,1.0,18.1,20.36958450677057,1562.5,99.0,1.0,0.05113636363636364,-1,Very Active,High-intensity interval training 3-4x/week
47.0,Male,40.0,1.73,170.0,160.0,66.0,1.27,1249.0,Cardio,22.8,3.6,2.0,1.0,26.91,13.364963747535834,983.4645669291339,104.0,0.9411764705882353,0.09,-1,Very Active,High-intensity interval training 3-4x/week
19.0,Male,40.0,1.59,187.0,152.0,73.0,1.52,948.0,Yoga,27.1,1.6,3.0,,13.85,15.822158933586486,623.6842105263158,114.0,0.8128342245989305,0.04,-1,Moderate,Moderate cardio 2-3x/week
39.0,Male,70.7,1.58,189.0,163.0,66.0,1.69,1146.0,Yoga,21.9,3.2,3.0,1.0,21.17,28.3207819259734,678.1065088757397,123.0,0.8624338624338624,0.04526166902404526,-1,Moderate,Moderate cardio 2-3x/week
37.0,Female,40.0,1.59,190.0,161.0,70.0,1.16,670.0,,24.5,3.3,4.0,2.0,,15.822158933586486,577.5862068965517,120.0,0.8473684210526315,0.08249999999999999,-1,Moderate,Moderate cardio 2-3x/week
41.0,Male,77.0,1.5,190.0,146.0,56.0,1.3,1067.0,Strength,27.5,3.3,4.0,2.0,26.26,34.22222222222222,820.7692307692307,134.0,0.7684210526315789,0.04285714285714286,-1,Active,Strength and cardio mix 3x/week
23.0,Male,117.8,1.88,168.0,167.0,55.0,1.35,1259.0,Strength,32.3,1.6,3.0,2.0,14.24,33.329560887279314,932.5925925925925,113.0,0.9940476190476191,0.013582342954159594,-1,Active,Strength and cardio mix 3x/week
31.0,Female,76.2,1.64,169.0,137.0,72.0,0.74,1207.0,Strength,23.3,2.7,,3.0,40.63,28.331350386674604,1631.081081081081,97.0,0.8106508875739645,0.03543307086614173,-1,Active,Strength and cardio mix 3x/week
50.0,Female,57.3,1.72,197.0,133.0,56.0,2.0,950.0,Yoga,11.1,3.2,2.0,3.0,22.6,19.36857760951866,475.0,141.0,0.6751269035532995,0.05584642233856894,-1,Moderate,Moderate cardio 2-3x/week
22.0,Female,103.1,1.72,168.0,166.0,59.0,1.07,978.0,HIIT,23.1,1.9,2.0,2.0,16.79,34.84991887506761,914.018691588785,109.0,0.9880952380952381,0.01842870999030068,-1,Moderate,Moderate cardio 2-3x/week
29.0,Female,77.4,1.69,179.0,132.0,74.0,1.11,712.0,Yoga,27.0,3.5,2.0,3.0,16.23,27.099891460383045,641.4414414414414,105.0,0.7374301675977654,0.04521963824289405,-1,Less Active,Light exercise 1-2x/week
18.0,Male,84.1,1.78,194.0,145.0,64.0,2.0,686.0,Cardio,30.3,3.3,3.0,3.0,14.46,26.54336573664941,343.0,130.0,0.7474226804123711,0.039239001189060645,-1,Moderate,Moderate cardio 2-3x/week
29.0,Male,40.0,1.86,180.0,169.0,63.0,1.26,986.0,Yoga,25.3,1.5,3.0,1.0,19.92,11.562030292519365,782.5396825396825,117.0,0.9388888888888889,0.0375,-1,Moderate,Moderate cardio 2-3x/week
42.0,Male,66.0,1.6,196.0,159.0,52.0,1.93,1042.0,Strength,16.4,3.5,4.0,2.0,17.81,25.781249999999996,539.8963730569949,144.0,0.8112244897959183,0.05303030303030303,-1,Moderate,Moderate cardio 2-3x/week
51.0,Female,84.6,1.77,197.0,141.0,55.0,1.44,543.0,HIIT,23.4,2.9,5.0,3.0,24.89,27.003734559034758,377.08333333333337,142.0,0.7157360406091371,0.034278959810874705,-1,Moderate,Moderate cardio 2-3x/week
51.0,Male,100.7,1.75,185.0,138.0,73.0,1.5,703.0,Strength,25.5,1.8,4.0,3.0,15.9,32.881632653061224,468.6666666666667,112.0,0.745945945945946,0.017874875868917575,-1,Moderate,Moderate cardio 2-3x/week
22.0,Male,58.6,2.0,165.0,169.0,57.0,2.0,1402.0,Strength,30.0,3.5,4.0,2.0,20.99,14.65,701.0,108.0,1.0242424242424242,0.059726962457337884,-1,Moderate,Moderate cardio 2-3x/week
21.0,Female,57.4,1.74,179.0,161.0,73.0,2.0,457.0,HIIT,27.7,2.5,3.0,1.0,24.67,18.958911348923237,228.5,106.0,0.8994413407821229,0.04355400696864112,-1,Moderate,Moderate cardio 2-3x/week
21.0,Male,69.5,1.54,167.0,158.0,72.0,1.28,1044.0,Yoga,27.9,2.9,2.0,,14.68,29.305110473941642,815.625,95.0,0.9461077844311377,0.04172661870503597,-1,Active,Strength and cardio mix 3x/week
26.0,Female,42.2,1.91,174.0,127.0,72.0,1.65,455.0,Strength,23.6,2.9,3.0,2.0,24.27,11.567665360050439,275.75757575757575,102.0,0.7298850574712644,0.06872037914691942,-1,Moderate,Moderate cardio 2-3x/week
18.0,Male,61.3,1.6,191.0,135.0,67.0,1.09,609.0,,13.7,1.6,2.0,3.0,14.7,23.945312499999993,558.7155963302752,124.0,0.7068062827225131,0.026101141924959218,-1,Moderate,Moderate cardio 2-3x/week
18.0,Male,66.6,1.62,192.0,156.0,58.0,1.3,1250.0,Cardio,21.3,3.2,5.0,1.0,12.58,25.37722908093278,961.5384615384615,134.0,0.8125,0.048048048048048055,-1,Active,Strength and cardio mix 3x/week
37.0,Female,94.4,1.7,193.0,127.0,70.0,1.27,1183.0,HIIT,16.4,3.4,4.0,1.0,19.3,32.6643598615917,931.496062992126,123.0,0.6580310880829016,0.03601694915254237,-1,Active,Strength and cardio mix 3x/week
45.0,Male,111.9,1.73,177.0,129.0,54.0,0.92,1267.0,Strength,18.3,2.6,4.0,1.0,12.32,37.3884860837315,1377.1739130434783,123.0,0.7288135593220338,0.02323503127792672,-1,Very Active,High-intensity interval training 3-4x/week
51.0,Male,61.1,1.82,165.0,163.0,57.0,1.19,1171.0,Yoga,31.7,2.5,4.0,3.0,45.75,18.445839874411302,984.0336134453783,108.0,0.9878787878787879,0.0409165302782324,-1,Active,Strength and cardio mix 3x/week
18.0,Female,96.0,1.82,198.0,144.0,58.0,1.19,323.0,Yoga,23.8,1.8,3.0,1.0,12.32,28.982007003985025,271.42857142857144,140.0,0.7272727272727273,0.01875,-1,Moderate,Moderate cardio 2-3x/week
27.0,Female,89.7,1.67,172.0,130.0,64.0,1.46,729.0,Yoga,27.7,3.4,4.0,2.0,17.56,32.16321847323318,499.3150684931507,108.0,0.7558139534883721,0.0379041248606466,-1,Moderate,Moderate cardio 2-3x/week
34.0,Female,61.0,1.69,190.0,159.0,63.0,0.99,1040.0,Cardio,23.6,3.6,5.0,3.0,18.07,21.35779559539232,1050.5050505050506,127.0,0.8368421052631579,0.05901639344262295,-1,Active,Strength and cardio mix 3x/week
31.0,Female,75.6,1.57,163.0,152.0,71.0,0.96,668.0,\tYoga,25.8,2.3,4.0,1.0,26.35,30.67061544078867,695.8333333333334,92.0,0.9325153374233128,0.03042328042328042,-1,Less Active,Light exercise 1-2x/week
19.0,Female,90.6,1.85,187.0,131.0,68.0,1.67,607.0,HIIT,27.5,3.3,2.0,2.0,19.15,26.47187728268809,363.4730538922156,119.0,0.7005347593582888,0.03642384105960265,-1,Moderate,Moderate cardio 2-3x/week
47.0,Female,90.8,1.67,186.0,120.0,74.0,1.43,506.0,Strength,32.0,2.7,3.0,3.0,18.39,32.557639212592775,353.84615384615387,112.0,0.6451612903225806,0.029735682819383262,-1,Moderate,Moderate cardio 2-3x/week
33.0,Female,129.9,1.69,168.0,152.0,74.0,1.61,810.0,Strength,27.5,3.5,,2.0,23.37,45.48160078428627,503.1055900621118,94.0,0.9047619047619048,0.026943802925327172,-1,Moderate,Moderate cardio 2-3x/week
19.0,Female,40.0,1.77,179.0,139.0,74.0,1.22,1173.0,Yoga,27.7,1.6,3.0,3.0,19.2,12.767723195761114,961.4754098360656,105.0,0.776536312849162,0.04,-1,Active,Strength and cardio mix 3x/week
27.0,Male,112.6,1.79,174.0,167.0,60.0,0.69,1282.0,Strength,28.6,1.5,2.0,1.0,22.96,35.14247370556475,1857.9710144927537,114.0,0.9597701149425287,0.013321492007104797,-1,Very Active,High-intensity interval training 3-4x/week
49.0,Male,54.2,1.64,182.0,147.0,64.0,0.95,914.0,,19.0,3.2,2.0,2.0,23.01,20.151695419393224,962.1052631578948,118.0,0.8076923076923077,0.05904059040590406,-1,Moderate,Moderate cardio 2-3x/week
46.0,Male,108.9,1.86,162.0,165.0,74.0,1.42,936.0,Strength,22.2,1.9,4.0,2.0,27.29,31.477627471383972,659.1549295774648,88.0,1.0185185185185186,0.01744719926538108,-1,Moderate,Moderate cardio 2-3x/week
37.0,,69.4,1.61,173.0,169.0,66.0,1.09,948.0,Strength,28.3,1.5,2.0,1.0,12.32,26.773658423671925,869.7247706422017,107.0,0.976878612716763,0.021613832853025934,-1,Moderate,Moderate cardio 2-3x/week
26.0,Male,43.2,1.8,185.0,149.0,52.0,1.87,1019.0,Cardio,23.5,2.1,4.0,2.0,27.59,13.333333333333334,544.9197860962566,133.0,0.8054054054054054,0.04861111111111111,-1,Moderate,Moderate cardio 2-3x/week
45.0,,68.7,1.7,179.0,126.0,74.0,1.05,1161.0,Cardio,22.9,3.1,4.0,3.0,24.13,23.771626297577857,1105.7142857142858,105.0,0.7039106145251397,0.045123726346433767,-1,Active,Strength and cardio mix 3x/week
18.0,Female,61.1,1.74,191.0,159.0,69.0,1.36,1311.0,HIIT,15.6,3.4,2.0,2.0,16.61,20.18100145329634,963.970588235294,122.0,0.8324607329842932,0.055646481178396066,-1,Active,Strength and cardio mix 3x/week
38.0,Male,85.5,1.77,175.0,156.0,50.0,1.13,766.0,HIIT,14.6,3.4,2.0,1.0,16.38,27.291008330939384,677.8761061946904,125.0,0.8914285714285715,0.039766081871345026,-1,Moderate,Moderate cardio 2-3x/week
18.0,Female,50.1,1.8,174.0,125.0,50.0,1.38,1185.0,HIIT,30.8,3.4,3.0,2.0,29.04,15.462962962962962,858.6956521739131,124.0,0.7183908045977011,0.06786427145708583,-1,Active,Strength and cardio mix 3x/week
45.0,Male,129.9,1.75,197.0,154.0,73.0,1.97,757.0,Cardio,23.5,2.4,5.0,1.0,36.13,42.416326530612245,384.26395939086296,124.0,0.7817258883248731,0.018475750577367205,-1,Moderate,Moderate cardio 2-3x/week
47.0,Female,93.3,1.73,184.0,123.0,62.0,1.45,998.0,Yoga,15.1,1.7,4.0,2.0,12.32,31.173777941127334,688.2758620689656,122.0,0.6684782608695652,0.01822079314040729,-1,Moderate,Moderate cardio 2-3x/week
45.0,Female,73.7,1.7,190.0,167.0,67.0,1.11,1100.0,Yoga,29.1,1.8,2.0,1.0,15.88,25.50173010380623,990.9909909909909,123.0,0.8789473684210526,0.024423337856173677,-1,Active,Strength and cardio mix 3x/week
18.0,Male,86.1,2.0,180.0,158.0,72.0,1.27,1173.0,HIIT,19.7,3.5,2.0,3.0,13.06,21.525,923.6220472440945,108.0,0.8777777777777778,0.04065040650406505,-1,Active,Strength and cardio mix 3x/week
18.0,Female,40.0,1.77,189.0,137.0,74.0,0.6,829.0,Cardio,24.7,2.6,4.0,1.0,16.35,12.767723195761114,1381.6666666666667,115.0,0.7248677248677249,0.065,-1,Moderate,Moderate cardio 2-3x/week
46.0,Female,40.8,1.71,191.0,162.0,52.0,0.93,903.0,Yoga,14.2,1.9,2.0,,39.04,13.953011182928082,970.9677419354838,139.0,0.8481675392670157,0.04656862745098039,-1,Moderate,Moderate cardio 2-3x/week
43.0,Male,56.4,1.8,174.0,161.0,74.0,1.03,327.0,Strength,10.0,3.2,3.0,1.0,21.21,17.407407407407405,317.4757281553398,100.0,0.9252873563218391,0.056737588652482275,-1,Less Active,Light exercise 1-2x/week
45.0,Female,60.7,1.63,170.0,139.0,74.0,1.18,1356.0,\tCardio,10.0,3.3,3.0,3.0,12.32,22.84617411268772,1149.1525423728815,96.0,0.8176470588235294,0.0543657331136738,-1,Very Active,High-intensity interval training 3-4x/week
43.0,Female,40.0,1.69,187.0,162.0,66.0,0.9,886.0,Strength,28.0,2.2,2.0,1.0,26.48,14.00511186583103,984.4444444444445,121.0,0.8663101604278075,0.05500000000000001,-1,Moderate,Moderate cardio 2-3x/week
29.0,Female,84.4,1.67,184.0,160.0,74.0,1.28,1475.0,Yoga,10.0,2.1,5.0,2.0,17.62,30.2628276381369,1152.34375,110.0,0.8695652173913043,0.024881516587677725,-1,Very Active,High-intensity interval training 3-4x/week
18.0,Female,67.5,1.71,185.0,166.0,58.0,1.81,1162.0,Cardio,10.6,3.5,3.0,2.0,37.91,23.08402585410896,641.988950276243,127.0,0.8972972972972973,0.05185185185185185,-1,Moderate,Moderate cardio 2-3x/week
21.0,Female,62.1,1.68,173.0,158.0,71.0,1.23,1186.0,Yoga,26.4,3.5,4.0,1.0,15.6,22.002551020408166,964.2276422764228,102.0,0.9132947976878613,0.05636070853462158,-1,Active,Strength and cardio mix 3x/week
41.0,Male,83.7,1.92,161.0,163.0,59.0,1.37,1308.0,Cardio,21.4,1.5,2.0,2.0,17.48,22.705078125,954.7445255474452,102.0,1.0124223602484472,0.017921146953405017,-1,Active,Strength and cardio mix 3x/week
26.0,Female,80.6,1.86,195.0,127.0,53.0,2.0,564.0,Strength,23.1,1.5,3.0,2.0,29.21,23.297491039426518,282.0,142.0,0.6512820512820513,0.01861042183622829,-1,Moderate,Moderate cardio 2-3x/week
33.0,Male,60.8,1.78,189.0,147.0,73.0,1.04,951.0,Cardio,27.3,3.3,4.0,2.0,,19.18949627572276,914.4230769230769,116.0,0.7777777777777778,0.054276315789473686,-1,Moderate,Moderate cardio 2-3x/week
21.0,Male,62.3,1.91,198.0,141.0,51.0,1.47,1394.0,Yoga,22.7,1.8,3.0,2.0,17.4,17.077382747183464,948.2993197278912,147.0,0.7121212121212122,0.028892455858747997,-1,Active,Strength and cardio mix 3x/week
49.0,Female,97.4,1.67,171.0,132.0,72.0,1.97,1091.0,Cardio,30.4,3.6,3.0,1.0,12.32,34.92416364875041,553.8071065989848,99.0,0.7719298245614035,0.03696098562628337,-1,Moderate,Moderate cardio 2-3x/week
19.0,Male,51.4,1.78,167.0,154.0,70.0,2.0,1218.0,Yoga,29.8,2.1,3.0,2.0,13.61,16.222699154147204,609.0,97.0,0.9221556886227545,0.04085603112840467,-1,Moderate,Moderate cardio 2-3x/week
31.0,Male,79.1,1.74,192.0,167.0,74.0,0.93,1157.0,Cardio,18.7,1.9,2.0,3.0,13.83,26.12630466376007,1244.0860215053763,118.0,0.8697916666666666,0.02402022756005057,-1,Active,Strength and cardio mix 3x/week
43.0,Male,57.5,2.0,172.0,126.0,64.0,1.4,735.0,Cardio,16.9,2.1,3.0,1.0,20.98,14.375,525.0,108.0,0.7325581395348837,0.036521739130434785,-1,Moderate,Moderate cardio 2-3x/week
43.0,Female,70.6,1.71,193.0,148.0,54.0,1.28,725.0,Cardio,27.1,3.6,3.0,1.0,22.55,24.144181115556925,566.40625,139.0,0.7668393782383419,0.0509915014164306,-1,Moderate,Moderate cardio 2-3x/week
18.0,Female,72.5,1.79,173.0,140.0,67.0,1.34,1629.0,Strength,27.3,2.7,5.0,1.0,19.58,22.627258824630943,1215.6716417910447,106.0,0.8092485549132948,0.03724137931034483,-1,Very Active,High-intensity interval training 3-4x/week
44.0,Female,68.0,1.66,182.0,146.0,68.0,0.82,1278.0,HIIT,20.7,3.0,5.0,1.0,16.02,24.677021338365513,1558.5365853658539,114.0,0.8021978021978022,0.04411764705882353,-1,Very Active,High-intensity interval training 3-4x/week
21.0,Female,121.6,1.78,182.0,151.0,50.0,1.81,1242.0,Yoga,21.0,3.5,4.0,2.0,16.63,38.37899255144552,686.1878453038673,132.0,0.8296703296703297,0.028782894736842108,-1,Moderate,Moderate cardio 2-3x/week
44.0,Male,55.1,1.9,196.0,165.0,55.0,1.26,901.0,,26.9,2.6,3.0,1.0,22.13,15.263157894736842,715.0793650793651,141.0,0.8418367346938775,0.047186932849364795,-1,Moderate,Moderate cardio 2-3x/week
58.0,Female,51.2,1.72,165.0,139.0,70.0,0.79,1612.0,Yoga,20.6,2.1,3.0,3.0,36.29,17.306652244456465,2040.506329113924,95.0,0.8424242424242424,0.041015625,-1,Very Active,High-intensity interval training 3-4x/week
35.0,Female,60.8,1.64,161.0,127.0,74.0,1.57,1132.0,Yoga,20.7,3.7,3.0,3.0,19.54,22.605591909577637,721.0191082802547,87.0,0.7888198757763976,0.060855263157894746,-1,Moderate,Moderate cardio 2-3x/week
18.0,Male,49.8,1.96,199.0,162.0,74.0,1.64,996.0,Strength,,2.3,4.0,2.0,14.35,12.963348604748022,607.3170731707318,125.0,0.8140703517587939,0.04618473895582329,-1,Moderate,Moderate cardio 2-3x/week
26.0,Female,64.7,1.75,172.0,157.0,52.0,1.35,1193.0,Yoga,23.5,1.6,3.0,2.0,18.21,21.1265306122449,883.7037037037037,120.0,0.9127906976744186,0.02472952086553323,-1,Active,Strength and cardio mix 3x/week
24.0,Female,58.5,1.87,183.0,128.0,74.0,1.36,1034.0,HIIT,24.8,3.3,4.0,1.0,24.49,16.7291029197289,760.2941176470588,109.0,0.6994535519125683,0.056410256410256404,-1,Active,Strength and cardio mix 3x/week
31.0,Female,49.1,1.7,162.0,167.0,63.0,1.1,891.0,Strength,23.5,2.9,3.0,1.0,15.73,16.989619377162633,809.9999999999999,99.0,1.0308641975308641,0.05906313645621181,-1,Less Active,Light exercise 1-2x/week
39.0,Female,67.8,1.59,164.0,158.0,74.0,1.65,1374.0,Strength,25.9,2.6,5.0,2.0,25.0,26.818559392429094,832.7272727272727,90.0,0.9634146341463414,0.038348082595870206,-1,Active,Strength and cardio mix 3x/week
22.0,Male,43.3,1.69,176.0,158.0,53.0,1.31,500.0,,23.7,1.5,2.0,2.0,13.83,15.16053359476209,381.6793893129771,123.0,0.8977272727272727,0.034642032332563515,-1,Moderate,Moderate cardio 2-3x/week
18.0,Male,71.5,1.69,186.0,124.0,60.0,1.53,763.0,Yoga,16.9,2.5,2.0,1.0,15.8,25.034137460172968,498.6928104575163,126.0,0.6666666666666666,0.03496503496503497,-1,Moderate,Moderate cardio 2-3x/week
50.0,Male,41.1,1.51,169.0,152.0,63.0,2.0,1069.0,Strength,24.9,1.5,4.0,2.0,31.59,18.025525196263324,534.5,106.0,0.8994082840236687,0.0364963503649635,-1,Moderate,Moderate cardio 2-3x/week
28.0,Male,73.2,1.76,171.0,159.0,61.0,1.21,973.0,HIIT,26.4,2.0,4.0,1.0,12.32,23.63119834710744,804.1322314049587,110.0,0.9298245614035088,0.0273224043715847,-1,Moderate,Moderate cardio 2-3x/week
41.0,Female,117.7,1.67,189.0,123.0,58.0,2.0,1243.0,Yoga,26.2,3.2,2.0,1.0,17.26,42.203019111477644,621.5,131.0,0.6507936507936508,0.027187765505522515,-1,Moderate,Moderate cardio 2-3x/week
31.0,Male,63.8,1.74,199.0,140.0,55.0,1.5,741.0,HIIT,28.1,1.6,3.0,2.0,25.22,21.0727969348659,494.0,144.0,0.7035175879396985,0.025078369905956115,-1,Moderate,Moderate cardio 2-3x/week
31.0,Male,62.1,1.71,172.0,169.0,55.0,1.52,854.0,HIIT,27.4,3.7,3.0,3.0,,21.23730378578024,561.8421052631579,117.0,0.9825581395348837,0.05958132045088567,-1,Moderate,Moderate cardio 2-3x/week
18.0,Male,52.0,1.66,199.0,137.0,74.0,2.0,1314.0,Cardio,26.7,3.3,3.0,1.0,20.41,18.870663376397157,657.0,125.0,0.6884422110552764,0.06346153846153846,-1,Moderate,Moderate cardio 2-3x/week
25.0,Female,73.3,1.5,185.0,169.0,67.0,1.38,433.0,Strength,30.6,1.5,4.0,1.0,22.55,32.577777777777776,313.768115942029,118.0,0.9135135135135135,0.020463847203274217,-1,Moderate,Moderate cardio 2-3x/week
18.0,Male,50.0,1.83,163.0,140.0,64.0,1.41,969.0,Yoga,19.0,1.9,3.0,2.0,14.29,14.930275612887812,687.2340425531916,99.0,0.8588957055214724,0.038,-1,Moderate,Moderate cardio 2-3x/week
34.0,Male,90.0,1.74,194.0,167.0,57.0,1.36,764.0,Cardio,25.0,2.6,4.0,2.0,13.77,29.72651605231867,561.7647058823529,137.0,0.8608247422680413,0.02888888888888889,-1,Moderate,Moderate cardio 2-3x/week
39.0,Male,109.6,1.84,199.0,152.0,74.0,1.27,790.0,HIIT,26.7,3.5,2.0,2.0,19.77,32.37240075614366,622.0472440944882,125.0,0.7638190954773869,0.03193430656934307,-1,Moderate,Moderate cardio 2-3x/week
18.0,Male,43.5,1.77,161.0,136.0,57.0,2.0,452.0,Cardio,24.4,3.3,5.0,1.0,21.96,13.884898975390213,226.0,104.0,0.84472049689441,0.07586206896551724,-1,Moderate,Moderate cardio 2-3x/week
20.0,Male,115.4,1.73,187.0,154.0,63.0,1.12,878.0,Yoga,30.7,3.5,3.0,1.0,27.02,38.557920411640886,783.9285714285713,124.0,0.8235294117647058,0.030329289428076254,-1,Moderate,Moderate cardio 2-3x/week
22.0,Male,47.4,1.91,161.0,164.0,73.0,2.0,1206.0,Cardio,26.6,3.5,5.0,3.0,15.36,12.993064883089827,603.0,88.0,1.0186335403726707,0.07383966244725738,-1,Moderate,Moderate cardio 2-3x/week
18.0,Male,54.6,1.66,189.0,142.0,64.0,1.19,523.0,HIIT,34.7,2.6,2.0,1.0,18.88,19.814196545217015,439.4957983193278,125.0,0.7513227513227513,0.047619047619047616,-1,Moderate,Moderate cardio 2-3x/week
26.0,Female,71.2,2.0,169.0,159.0,52.0,1.42,749.0,Strength,29.8,3.5,4.0,2.0,27.16,17.8,527.4647887323944,117.0,0.9408284023668639,0.04915730337078651,-1,Moderate,Moderate cardio 2-3x/week
53.0,Female,46.4,1.7,169.0,120.0,72.0,1.49,1415.0,Yoga,21.9,3.4,4.0,2.0,14.08,16.05536332179931,949.6644295302013,97.0,0.7100591715976331,0.07327586206896551,-1,Active,Strength and cardio mix 3x/week
18.0,Female,69.9,1.78,160.0,143.0,74.0,2.0,930.0,HIIT,19.6,2.0,3.0,3.0,12.32,22.06160838277995,465.0,86.0,0.89375,0.028612303290414875,-1,Moderate,Moderate cardio 2-3x/week
20.0,Male,64.9,1.69,187.0,128.0,54.0,0.68,1303.0,Cardio,10.0,3.3,4.0,3.0,14.87,22.723294002310848,1916.1764705882351,133.0,0.6844919786096256,0.050847457627118633,-1,Very Active,High-intensity interval training 3-4x/week
43.0,Female,47.6,1.65,198.0,140.0,61.0,2.0,692.0,Cardio,22.0,3.5,3.0,2.0,22.14,17.483930211202942,346.0,137.0,0.7070707070707071,0.07352941176470588,-1,Moderate,Moderate cardio 2-3x/week
23.0,Male,48.9,1.7,168.0,156.0,65.0,1.4,1776.0,Yoga,32.5,2.1,,2.0,21.36,16.920415224913498,1268.5714285714287,103.0,0.9285714285714286,0.04294478527607362,-1,Very Active,High-intensity interval training 3-4x/week
38.0,,78.6,1.98,194.0,136.0,69.0,1.3,1590.0,Strength,27.2,2.3,4.0,2.0,25.52,20.04897459442914,1223.076923076923,125.0,0.7010309278350515,0.029262086513994912,-1,Very Active,High-intensity interval training 3-4x/week
51.0,Female,72.2,1.91,184.0,140.0,70.0,1.39,960.0,HIIT,21.0,1.5,3.0,2.0,17.41,19.791124146816152,690.6474820143885,114.0,0.7608695652173914,0.02077562326869806,-1,Moderate,Moderate cardio 2-3x/week
54.0,Female,79.8,1.94,163.0,120.0,63.0,1.53,827.0,Yoga,25.3,3.3,4.0,2.0,12.32,21.203103411627165,540.5228758169934,100.0,0.7361963190184049,0.041353383458646614,-1,Moderate,Moderate cardio 2-3x/week
23.0,Female,52.4,1.86,166.0,130.0,59.0,1.53,880.0,Yoga,21.6,1.5,4.0,2.0,12.32,15.146259683200368,575.1633986928105,107.0,0.7831325301204819,0.02862595419847328,-1,Moderate,Moderate cardio 2-3x/week
42.0,,67.7,1.82,199.0,125.0,55.0,0.76,1239.0,Cardio,15.0,3.4,2.0,2.0,21.78,20.43835285593527,1630.2631578947369,144.0,0.628140703517588,0.05022156573116691,-1,Very Active,High-intensity interval training 3-4x/week
34.0,Female,88.8,1.56,198.0,160.0,53.0,1.18,1086.0,Cardio,32.6,3.4,4.0,2.0,30.43,36.489151873767256,920.3389830508476,145.0,0.8080808080808081,0.038288288288288286,-1,Active,Strength and cardio mix 3x/week
29.0,Female,101.5,1.9,175.0,165.0,74.0,1.46,1128.0,Yoga,26.3,2.7,2.0,1.0,25.74,28.11634349030471,772.6027397260274,101.0,0.9428571428571428,0.026600985221674877,-1,Active,Strength and cardio mix 3x/week
,Male,50.5,1.76,192.0,156.0,72.0,1.25,768.0,Cardio,12.8,1.7,4.0,2.0,16.06,16.302944214876035,614.4,120.0,0.8125,0.033663366336633666,-1,Moderate,Moderate cardio 2-3x/week
41.0,Female,66.2,1.83,196.0,126.0,74.0,1.6,993.0,Yoga,20.2,2.5,5.0,1.0,24.37,19.767684911463466,620.625,122.0,0.6428571428571429,0.0377643504531722,-1,Moderate,Moderate cardio 2-3x/week
37.0,Female,77.5,1.5,175.0,142.0,70.0,1.58,1141.0,Yoga,21.2,1.8,3.0,,12.32,34.44444444444444,722.1518987341772,105.0,0.8114285714285714,0.023225806451612905,-1,Moderate,Moderate cardio 2-3x/week
30.0,Female,119.6,1.72,191.0,150.0,74.0,1.77,1006.0,Yoga,13.1,2.2,4.0,3.0,13.32,40.427257977285024,568.361581920904,117.0,0.7853403141361257,0.01839464882943144,-1,Moderate,Moderate cardio 2-3x/week
38.0,Male,40.0,1.5,172.0,169.0,59.0,1.52,1107.0,HIIT,24.9,2.8,3.0,1.0,36.71,17.77777777777778,728.2894736842105,113.0,0.9825581395348837,0.06999999999999999,-1,Active,Strength and cardio mix 3x/week
18.0,Male,82.3,1.74,198.0,155.0,55.0,1.38,1368.0,Strength,26.0,3.3,2.0,3.0,17.15,27.183247456731404,991.304347826087,143.0,0.7828282828282829,0.040097205346294046,-1,Very Active,High-intensity interval training 3-4x/week
54.0,Male,71.2,1.7,190.0,120.0,58.0,1.21,708.0,,14.4,3.1,4.0,2.0,12.46,24.636678200692046,585.1239669421487,132.0,0.631578947368421,0.04353932584269663,-1,Moderate,Moderate cardio 2-3x/week
34.0,Male,53.0,1.92,199.0,134.0,68.0,1.12,790.0,Strength,19.8,3.5,4.0,3.0,16.18,14.37717013888889,705.3571428571428,131.0,0.6733668341708543,0.0660377358490566,-1,Moderate,Moderate cardio 2-3x/week
56.0,Female,45.7,1.96,192.0,153.0,71.0,2.0,868.0,Yoga,11.4,2.0,4.0,2.0,21.34,11.896084964598085,434.0,121.0,0.796875,0.0437636761487965,-1,Moderate,Moderate cardio 2-3x/week
18.0,Female,79.6,1.75,168.0,125.0,54.0,1.26,682.0,HIIT,25.1,2.4,3.0,2.0,12.32,25.991836734693877,541.2698412698413,114.0,0.7440476190476191,0.030150753768844223,-1,Moderate,Moderate cardio 2-3x/week
42.0,Female,105.3,1.67,175.0,143.0,74.0,1.1,1115.0,Strength,25.4,3.3,3.0,1.0,12.32,37.75682168596938,1013.6363636363635,101.0,0.8171428571428572,0.03133903133903134,-1,Active,Strength and cardio mix 3x/week
31.0,Male,84.5,1.56,194.0,124.0,70.0,1.31,734.0,Strength,23.6,3.3,2.0,2.0,21.57,34.72222222222222,560.3053435114504,124.0,0.6391752577319587,0.03905325443786982,-1,Moderate,Moderate cardio 2-3x/week
50.0,Male,98.6,1.54,187.0,126.0,57.0,0.72,940.0,Strength,23.5,1.6,3.0,1.0,12.32,41.57530780907404,1305.5555555555557,130.0,0.6737967914438503,0.01622718052738337,-1,Moderate,Moderate cardio 2-3x/week
27.0,Male,55.4,1.72,186.0,153.0,74.0,2.0,1281.0,\nStrength,10.9,2.4,4.0,2.0,14.56,18.726338561384534,640.5,112.0,0.8225806451612904,0.04332129963898917,-1,Moderate,Moderate cardio 2-3x/week
41.0,Female,40.0,1.77,168.0,154.0,74.0,1.14,628.0,HIIT,19.9,3.4,5.0,1.0,24.52,12.767723195761114,550.8771929824562,94.0,0.9166666666666666,0.08499999999999999,-1,Less Active,Light exercise 1-2x/week
26.0,Female,63.9,1.75,199.0,121.0,72.0,2.0,638.0,HIIT,23.6,3.4,4.0,2.0,23.96,20.865306122448978,319.0,127.0,0.6080402010050251,0.053208137715179966,-1,Moderate,Moderate cardio 2-3x/week
31.0,Female,40.0,2.0,192.0,134.0,55.0,1.44,1116.0,Strength,12.0,2.6,2.0,2.0,21.2,10.0,775.0,137.0,0.6979166666666666,0.065,-1,Active,Strength and cardio mix 3x/week
27.0,Male,91.9,1.5,185.0,154.0,60.0,1.08,825.0,HIIT,28.8,3.2,5.0,2.0,21.07,40.84444444444445,763.8888888888888,125.0,0.8324324324324325,0.03482045701849837,-1,Moderate,Moderate cardio 2-3x/week
20.0,Female,42.4,1.69,198.0,129.0,58.0,0.77,1030.0,HIIT,28.1,1.5,,1.0,20.39,14.845418577780892,1337.6623376623377,140.0,0.6515151515151515,0.03537735849056604,-1,Active,Strength and cardio mix 3x/week
21.0,Male,76.8,1.52,191.0,140.0,66.0,1.08,702.0,Cardio,21.0,3.6,3.0,2.0,25.59,33.24099722991689,650.0,125.0,0.7329842931937173,0.046875,-1,Moderate,Moderate cardio 2-3x/week
47.0,Female,70.7,1.66,195.0,169.0,60.0,1.25,1033.0,\tYoga,16.7,3.5,4.0,2.0,14.61,25.656844244447672,826.4,135.0,0.8666666666666667,0.0495049504950495,-1,Active,Strength and cardio mix 3x/week
33.0,Male,40.0,1.88,196.0,162.0,58.0,1.59,1131.0,Yoga,30.4,2.6,3.0,1.0,21.91,11.317338162064283,711.3207547169811,138.0,0.826530612244898,0.065,-1,Moderate,Moderate cardio 2-3x/week
59.0,Male,40.0,1.56,163.0,167.0,74.0,1.59,722.0,Cardio,23.7,3.2,4.0,3.0,12.32,16.43655489809336,454.08805031446536,89.0,1.0245398773006136,0.08,-1,Moderate,Moderate cardio 2-3x/week
43.0,Male,46.8,1.67,178.0,141.0,64.0,1.03,1403.0,Cardio,26.1,3.2,3.0,1.0,14.13,16.780809638208613,1362.135922330097,114.0,0.7921348314606742,0.06837606837606838,-1,Very Active,High-intensity interval training 3-4x/week
27.0,Male,100.7,1.75,163.0,166.0,61.0,1.28,1159.0,Cardio,28.1,3.7,3.0,1.0,12.32,32.881632653061224,905.46875,102.0,1.01840490797546,0.036742800397219465,-1,Active,Strength and cardio mix 3x/week
44.0,Female,73.4,1.59,199.0,152.0,72.0,0.94,721.0,Cardio,23.0,2.2,4.0,1.0,33.25,29.033661643131204,767.0212765957448,127.0,0.7638190954773869,0.02997275204359673,-1,Moderate,Moderate cardio 2-3x/week
22.0,Male,63.4,1.83,196.0,169.0,71.0,1.66,466.0,Cardio,28.0,3.4,2.0,3.0,24.61,18.931589477141745,280.72289156626505,125.0,0.8622448979591837,0.05362776025236593,-1,Moderate,Moderate cardio 2-3x/week
19.0,Female,129.9,1.71,161.0,169.0,56.0,2.0,443.0,Yoga,29.6,2.4,4.0,2.0,12.32,44.42392531035191,221.5,105.0,1.049689440993789,0.018475750577367205,-1,Moderate,Moderate cardio 2-3x/week
24.0,Female,48.3,1.73,193.0,136.0,62.0,1.98,1404.0,Strength,22.0,3.5,3.0,1.0,13.22,16.13819372514952,709.0909090909091,131.0,0.7046632124352331,0.07246376811594203,-1,Moderate,Moderate cardio 2-3x/week
45.0,Female,80.5,1.89,183.0,134.0,74.0,1.02,1311.0,HIIT,24.6,1.9,4.0,1.0,12.32,22.535763276504017,1285.2941176470588,109.0,0.73224043715847,0.023602484472049687,-1,Very Active,High-intensity interval training 3-4x/week
35.0,Female,42.9,1.51,163.0,131.0,74.0,2.0,526.0,Cardio,15.3,3.3,5.0,,13.74,18.814964255953686,263.0,89.0,0.803680981595092,0.07692307692307693,-1,Moderate,Moderate cardio 2-3x/week
18.0,Male,74.6,1.88,177.0,166.0,53.0,2.0,1010.0,Cardio,18.0,2.2,5.0,1.0,30.5,21.106835672249886,505.0,124.0,0.9378531073446328,0.02949061662198392,-1,Moderate,Moderate cardio 2-3x/week
21.0,Male,66.7,1.93,175.0,166.0,63.0,1.26,949.0,Yoga,27.8,3.4,2.0,2.0,13.53,17.906520980429008,753.1746031746031,112.0,0.9485714285714286,0.05097451274362818,-1,Moderate,Moderate cardio 2-3x/week
31.0,Female,55.0,1.6,172.0,164.0,53.0,1.85,1361.0,Strength,20.6,3.4,4.0,1.0,16.04,21.484374999999996,735.6756756756756,119.0,0.9534883720930233,0.061818181818181814,-1,Active,Strength and cardio mix 3x/week
46.0,Male,65.7,1.75,192.0,135.0,59.0,1.31,881.0,Strength,10.0,2.7,2.0,1.0,31.78,21.453061224489797,672.5190839694657,133.0,0.703125,0.0410958904109589,-1,Moderate,Moderate cardio 2-3x/week
53.0,Female,84.7,1.61,193.0,158.0,72.0,2.0,478.0,Yoga,25.6,2.4,3.0,1.0,18.57,32.67620847961113,239.0,121.0,0.8186528497409327,0.028335301062573787,-1,Moderate,Moderate cardio 2-3x/week
18.0,,80.4,1.97,172.0,137.0,74.0,1.62,617.0,Strength,22.4,3.4,3.0,1.0,16.91,20.716844031023733,380.86419753086415,98.0,0.7965116279069767,0.04228855721393034,-1,Moderate,Moderate cardio 2-3x/week
18.0,Female,63.4,1.85,191.0,148.0,69.0,0.89,1106.0,Strength,21.4,2.3,5.0,3.0,15.64,18.524470416362306,1242.6966292134832,122.0,0.774869109947644,0.0362776025236593,-1,Active,Strength and cardio mix 3x/week
48.0,Female,61.8,1.71,172.0,140.0,62.0,1.37,1266.0,Cardio,28.6,3.6,4.0,1.0,23.64,21.134708115317533,924.0875912408759,110.0,0.813953488372093,0.05825242718446602,-1,Active,Strength and cardio mix 3x/week
53.0,,64.4,1.58,198.0,158.0,74.0,1.82,1144.0,Yoga,27.2,3.0,2.0,1.0,18.33,25.797147892965867,628.5714285714286,124.0,0.797979797979798,0.046583850931677016,-1,Moderate,Moderate cardio 2-3x/week
25.0,Male,44.2,1.9,174.0,159.0,50.0,1.1,1293.0,Yoga,25.7,2.5,4.0,2.0,19.26,12.243767313019392,1175.4545454545453,124.0,0.9137931034482759,0.05656108597285067,-1,Very Active,High-intensity interval training 3-4x/week
18.0,Female,43.1,1.75,183.0,138.0,53.0,1.95,437.0,Cardio,19.1,3.6,2.0,2.0,18.14,14.073469387755102,224.10256410256412,130.0,0.7540983606557377,0.08352668213457076,-1,Moderate,Moderate cardio 2-3x/week
18.0,Male,92.1,1.59,171.0,150.0,54.0,1.17,968.0,Yoga,21.8,2.4,5.0,2.0,25.66,36.43052094458288,827.3504273504274,117.0,0.8771929824561403,0.026058631921824105,-1,Moderate,Moderate cardio 2-3x/week
31.0,Male,58.7,1.66,183.0,149.0,74.0,1.15,1368.0,Cardio,23.1,2.3,4.0,1.0,12.32,21.302075772971406,1189.5652173913045,109.0,0.8142076502732241,0.03918228279386712,-1,Very Active,High-intensity interval training 3-4x/week
59.0,Female,44.5,1.84,183.0,154.0,71.0,1.28,787.0,Cardio,26.5,1.7,2.0,2.0,20.22,13.143903591682419,614.84375,112.0,0.8415300546448088,0.038202247191011236,-1,Moderate,Moderate cardio 2-3x/week
44.0,Female,84.8,2.0,196.0,155.0,70.0,1.66,1439.0,HIIT,12.1,1.7,2.0,1.0,14.34,21.2,866.8674698795181,126.0,0.7908163265306123,0.020047169811320754,-1,Active,Strength and cardio mix 3x/week
57.0,Female,80.0,1.79,167.0,127.0,54.0,1.01,312.0,Yoga,24.3,2.6,4.0,2.0,13.16,24.968009737523797,308.91089108910893,113.0,0.7604790419161677,0.0325,-1,Moderate,Moderate cardio 2-3x/week
20.0,Male,87.1,1.91,186.0,150.0,51.0,1.39,1431.0,Yoga,27.0,2.8,3.0,3.0,21.51,23.875442010909786,1029.4964028776978,135.0,0.8064516129032258,0.03214695752009185,-1,Very Active,High-intensity interval training 3-4x/week
27.0,Male,56.4,1.76,198.0,129.0,71.0,1.79,488.0,HIIT,22.9,3.3,4.0,1.0,17.49,18.207644628099175,272.6256983240223,127.0,0.6515151515151515,0.05851063829787234,-1,Moderate,Moderate cardio 2-3x/week
32.0,Male,58.4,2.0,179.0,139.0,60.0,1.21,1379.0,Strength,23.3,3.2,4.0,2.0,22.61,14.6,1139.6694214876034,119.0,0.776536312849162,0.05479452054794521,-1,Very Active,High-intensity interval training 3-4x/week
42.0,Female,68.5,1.75,187.0,167.0,54.0,1.3,708.0,Cardio,15.4,1.6,4.0,1.0,33.91,22.367346938775512,544.6153846153846,133.0,0.893048128342246,0.023357664233576644,-1,Moderate,Moderate cardio 2-3x/week
55.0,Female,67.1,1.58,199.0,122.0,71.0,1.86,960.0,Strength,21.7,1.5,4.0,2.0,28.07,26.878705335683378,516.1290322580645,128.0,0.6130653266331658,0.022354694485842028,-1,Moderate,Moderate cardio 2-3x/week
31.0,Female,55.7,1.8,168.0,167.0,64.0,1.53,600.0,HIIT,34.4,2.8,4.0,3.0,25.27,17.191358024691358,392.156862745098,104.0,0.9940476190476191,0.05026929982046678,-1,Moderate,Moderate cardio 2-3x/week
39.0,Female,63.2,1.74,181.0,157.0,54.0,1.62,900.0,Strength,13.9,2.1,5.0,1.0,15.32,20.874620161183778,555.5555555555555,127.0,0.8674033149171271,0.03322784810126582,-1,Moderate,Moderate cardio 2-3x/week
40.0,Female,64.6,1.55,198.0,133.0,74.0,1.39,303.0,Strength,21.4,1.5,2.0,2.0,16.91,26.888657648283033,217.9856115107914,124.0,0.6717171717171717,0.02321981424148607,-1,Moderate,Moderate cardio 2-3x/week
26.0,Female,56.7,1.73,168.0,144.0,71.0,0.68,1129.0,Strength,25.5,3.4,3.0,1.0,19.65,18.944836112132045,1660.2941176470588,97.0,0.8571428571428571,0.059964726631393295,-1,Active,Strength and cardio mix 3x/week
48.0,Male,56.0,1.7,164.0,132.0,50.0,2.0,1148.0,HIIT,26.6,3.1,2.0,2.0,19.44,19.377162629757787,574.0,114.0,0.8048780487804879,0.05535714285714286,-1,Moderate,Moderate cardio 2-3x/week
54.0,Female,74.9,1.69,195.0,153.0,62.0,1.1,1389.0,Yoga,14.4,3.1,3.0,1.0,18.71,26.224571968768604,1262.7272727272725,133.0,0.7846153846153846,0.04138851802403204,-1,Very Active,High-intensity interval training 3-4x/week
18.0,Female,43.0,1.95,163.0,164.0,68.0,2.0,1349.0,Strength,18.5,3.2,2.0,2.0,12.32,11.308349769888233,674.5,95.0,1.0061349693251533,0.07441860465116279,-1,Moderate,Moderate cardio 2-3x/week
59.0,Male,70.2,1.77,172.0,124.0,68.0,1.47,1069.0,Cardio,21.4,3.5,4.0,1.0,40.19,22.407354208560758,727.2108843537416,104.0,0.7209302325581395,0.04985754985754986,-1,Moderate,Moderate cardio 2-3x/week
23.0,Male,96.5,1.8,187.0,155.0,68.0,0.92,1465.0,Yoga,29.3,3.2,3.0,1.0,12.32,29.78395061728395,1592.391304347826,119.0,0.8288770053475936,0.03316062176165803,-1,Very Active,High-intensity interval training 3-4x/week
30.0,Male,56.6,2.0,184.0,125.0,52.0,1.29,918.0,Cardio,28.9,3.3,2.0,1.0,23.89,14.15,711.6279069767442,132.0,0.6793478260869565,0.05830388692579505,-1,Moderate,Moderate cardio 2-3x/week
38.0,Female,40.0,1.88,164.0,154.0,70.0,1.63,1109.0,Yoga,20.7,1.7,2.0,2.0,12.64,11.317338162064283,680.3680981595093,94.0,0.9390243902439024,0.042499999999999996,-1,Moderate,Moderate cardio 2-3x/week
48.0,Female,81.9,1.8,180.0,165.0,67.0,1.25,1410.0,Cardio,24.0,3.5,4.0,2.0,18.28,25.27777777777778,1128.0,113.0,0.9166666666666666,0.04273504273504273,-1,Very Active,High-intensity interval training 3-4x/week
47.0,Male,121.4,1.61,164.0,155.0,74.0,0.94,934.0,Strength,24.7,2.5,2.0,1.0,30.03,46.834612862158096,993.6170212765958,90.0,0.9451219512195121,0.02059308072487644,-1,Less Active,Light exercise 1-2x/week
21.0,Female,70.5,1.84,173.0,127.0,66.0,0.97,1013.0,Cardio,26.7,1.6,5.0,3.0,25.59,20.823487712665404,1044.3298969072166,107.0,0.7341040462427746,0.02269503546099291,-1,Moderate,Moderate cardio 2-3x/week
23.0,Female,70.5,1.65,192.0,162.0,50.0,0.63,1186.0,Cardio,27.1,2.6,2.0,2.0,20.02,25.895316804407717,1882.5396825396824,142.0,0.84375,0.03687943262411348,-1,Active,Strength and cardio mix 3x/week
46.0,Male,54.8,1.69,194.0,148.0,74.0,0.52,846.0,Yoga,16.5,3.5,3.0,3.0,22.85,19.18700325618851,1626.923076923077,120.0,0.7628865979381443,0.06386861313868614,-1,Moderate,Moderate cardio 2-3x/week
42.0,Male,72.0,1.9,184.0,147.0,67.0,1.48,1047.0,Yoga,15.6,3.4,3.0,1.0,24.6,19.94459833795014,707.4324324324324,117.0,0.7989130434782609,0.04722222222222222,-1,Moderate,Moderate cardio 2-3x/week
29.0,Male,56.3,1.81,189.0,166.0,65.0,1.39,1066.0,Strength,14.3,2.9,3.0,1.0,22.34,17.18506761087879,766.9064748201439,124.0,0.8783068783068783,0.05150976909413854,-1,Active,Strength and cardio mix 3x/week
47.0,Female,51.4,1.88,176.0,125.0,58.0,0.88,1133.0,Yoga,24.0,3.3,3.0,3.0,14.3,14.542779538252603,1287.5,118.0,0.7102272727272727,0.06420233463035019,-1,Active,Strength and cardio mix 3x/week
43.0,Male,42.6,1.62,189.0,169.0,74.0,1.0,1213.0,Strength,13.6,3.5,2.0,,21.81,16.232281664380427,1213.0,115.0,0.8941798941798942,0.08215962441314553,-1,Active,Strength and cardio mix 3x/week
18.0,Male,73.0,1.78,161.0,131.0,50.0,2.0,1319.0,Strength,26.1,1.5,5.0,1.0,12.32,23.04002019946976,659.5,111.0,0.8136645962732919,0.02054794520547945,-1,Moderate,Moderate cardio 2-3x/week
50.0,Male,87.9,1.68,192.0,151.0,71.0,2.0,494.0,Strength,15.5,3.1,3.0,3.0,31.28,31.143707482993204,247.0,121.0,0.7864583333333334,0.03526734926052332,-1,Moderate,Moderate cardio 2-3x/week
35.0,Male,53.0,1.67,183.0,128.0,72.0,1.29,682.0,Yoga,21.9,2.2,3.0,2.0,16.71,19.003908350962746,528.6821705426356,111.0,0.6994535519125683,0.041509433962264156,-1,Moderate,Moderate cardio 2-3x/week
43.0,Female,46.3,1.61,190.0,136.0,69.0,2.0,1185.0,Yoga,21.4,3.5,4.0,1.0,14.14,17.861965201959798,592.5,121.0,0.7157894736842105,0.0755939524838013,-1,Moderate,Moderate cardio 2-3x/week
50.0,Male,82.8,1.9,161.0,130.0,74.0,1.51,1151.0,,16.8,3.3,4.0,3.0,28.59,22.93628808864266,762.2516556291391,87.0,0.8074534161490683,0.03985507246376811,-1,Active,Strength and cardio mix 3x/week
53.0,Female,82.9,1.6,170.0,148.0,55.0,1.93,541.0,HIIT,17.8,2.5,3.0,2.0,12.33,32.38281249999999,280.31088082901556,115.0,0.8705882352941177,0.030156815440289503,-1,Moderate,Moderate cardio 2-3x/week
18.0,Female,71.9,1.54,177.0,120.0,73.0,1.17,817.0,Strength,16.8,2.6,3.0,1.0,29.64,30.31708551189071,698.2905982905984,104.0,0.6779661016949152,0.036161335187760775,-1,Moderate,Moderate cardio 2-3x/week
27.0,Male,41.0,1.82,171.0,138.0,53.0,1.47,1273.0,Cardio,29.1,2.4,4.0,1.0,12.35,12.377732157951938,865.9863945578231,118.0,0.8070175438596491,0.058536585365853655,-1,Active,Strength and cardio mix 3x/week
18.0,Female,81.9,1.79,178.0,160.0,60.0,1.24,1172.0,,28.5,1.7,3.0,3.0,12.32,25.56099996878999,945.1612903225806,118.0,0.898876404494382,0.020757020757020756,-1,Active,Strength and cardio mix 3x/week
18.0,Male,67.7,1.69,192.0,123.0,57.0,1.44,1445.0,Cardio,26.8,3.1,3.0,2.0,21.16,23.703651832919018,1003.4722222222223,135.0,0.640625,0.04579025110782865,-1,Very Active,High-intensity interval training 3-4x/week
31.0,Female,47.4,1.73,178.0,150.0,57.0,1.64,962.0,Cardio,28.8,2.0,4.0,3.0,20.91,15.837482040829963,586.5853658536586,121.0,0.8426966292134831,0.04219409282700422,-1,Moderate,Moderate cardio 2-3x/week
18.0,Male,71.1,1.84,189.0,127.0,74.0,0.85,1303.0,Strength,15.2,2.8,2.0,3.0,30.36,21.000708884688088,1532.9411764705883,115.0,0.671957671957672,0.03938115330520394,-1,Very Active,High-intensity interval training 3-4x/week
22.0,Male,89.8,1.79,179.0,163.0,59.0,2.0,1098.0,Strength,28.2,1.7,3.0,1.0,12.32,28.026590930370464,549.0,120.0,0.9106145251396648,0.01893095768374165,-1,Moderate,Moderate cardio 2-3x/week
28.0,Female,81.7,1.81,177.0,130.0,50.0,1.45,507.0,Cardio,23.2,1.7,3.0,1.0,34.26,24.938188699978635,349.65517241379314,127.0,0.7344632768361582,0.0208078335373317,-1,Moderate,Moderate cardio 2-3x/week
40.0,Male,40.4,1.68,171.0,130.0,54.0,2.0,527.0,Strength,27.3,3.3,4.0,3.0,20.47,14.314058956916101,263.5,117.0,0.7602339181286549,0.08168316831683169,-1,Moderate,Moderate cardio 2-3x/week
56.0,Male,40.0,1.63,181.0,133.0,50.0,0.89,1674.0,Yoga,23.4,1.5,3.0,2.0,20.75,15.05513944822914,1880.8988764044943,131.0,0.7348066298342542,0.0375,-1,Very Active,High-intensity interval training 3-4x/week
41.0,Male,40.2,1.76,198.0,135.0,56.0,1.93,964.0,Strength,18.8,3.4,4.0,1.0,19.02,12.97778925619835,499.4818652849741,142.0,0.6818181818181818,0.08457711442786069,-1,Moderate,Moderate cardio 2-3x/week
47.0,Male,49.9,1.74,190.0,120.0,65.0,1.97,406.0,HIIT,29.4,1.5,5.0,2.0,16.01,16.481701677896684,206.09137055837564,125.0,0.631578947368421,0.030060120240480964,-1,Moderate,Moderate cardio 2-3x/week
42.0,Male,41.9,1.84,168.0,154.0,71.0,1.49,1029.0,,30.6,2.6,4.0,2.0,22.97,12.37594517958412,690.6040268456376,97.0,0.9166666666666666,0.06205250596658712,-1,Moderate,Moderate cardio 2-3x/week
26.0,Male,40.0,1.72,164.0,169.0,58.0,0.89,1198.0,HIIT,17.0,1.6,5.0,2.0,20.71,13.520822065981614,1346.067415730337,106.0,1.0304878048780488,0.04,-1,Active,Strength and cardio mix 3x/week
18.0,Male,47.3,1.75,196.0,169.0,56.0,1.32,706.0,Cardio,29.0,1.9,2.0,2.0,30.5,15.444897959183672,534.8484848484849,140.0,0.8622448979591837,0.04016913319238901,-1,Moderate,Moderate cardio 2-3x/week
19.0,Female,76.6,1.84,188.0,138.0,71.0,1.72,699.0,HIIT,28.3,3.5,4.0,1.0,19.76,22.625236294896027,406.3953488372093,117.0,0.7340425531914894,0.04569190600522194,-1,Moderate,Moderate cardio 2-3x/week
32.0,Female,69.5,1.65,192.0,140.0,52.0,1.71,1163.0,Cardio,29.8,3.5,4.0,1.0,15.8,25.528007346189167,680.1169590643275,140.0,0.7291666666666666,0.050359712230215826,-1,Moderate,Moderate cardio 2-3x/week
46.0,Female,68.6,1.63,177.0,150.0,58.0,2.0,1074.0,Strength,25.8,3.6,3.0,3.0,19.42,25.819564153712975,537.0,119.0,0.847457627118644,0.05247813411078718,-1,Moderate,Moderate cardio 2-3x/week
46.0,Male,73.0,2.0,184.0,123.0,64.0,0.9,1159.0,Cardio,10.0,3.4,5.0,3.0,14.91,18.25,1287.7777777777778,120.0,0.6684782608695652,0.04657534246575342,-1,Active,Strength and cardio mix 3x/week
52.0,Female,40.8,1.71,181.0,169.0,73.0,1.44,303.0,Yoga,28.3,1.6,3.0,1.0,18.31,13.953011182928082,210.41666666666669,108.0,0.9337016574585635,0.03921568627450981,-1,Moderate,Moderate cardio 2-3x/week
19.0,Male,42.1,1.6,194.0,148.0,73.0,1.27,1305.0,Cardio,12.7,3.3,2.0,2.0,16.65,16.445312499999996,1027.55905511811,121.0,0.7628865979381443,0.07838479809976247,-1,Very Active,High-intensity interval training 3-4x/week
34.0,Male,40.0,1.82,176.0,141.0,66.0,1.34,1709.0,Cardio,24.1,3.0,4.0,1.0,15.3,12.075836251660427,1275.3731343283582,110.0,0.8011363636363636,0.075,-1,Very Active,High-intensity interval training 3-4x/week
18.0,Female,67.1,1.71,174.0,165.0,74.0,1.84,577.0,\nStrength,27.1,2.7,4.0,3.0,24.9,22.94723162682535,313.5869565217391,100.0,0.9482758620689655,0.04023845007451565,-1,Moderate,Moderate cardio 2-3x/week
53.0,Male,67.2,1.68,190.0,138.0,55.0,1.67,924.0,,22.6,1.5,3.0,1.0,13.91,23.809523809523814,553.2934131736528,135.0,0.7263157894736842,0.022321428571428572,-1,Moderate,Moderate cardio 2-3x/week
29.0,Male,72.1,2.0,166.0,124.0,67.0,2.0,1582.0,Strength,32.7,3.4,3.0,2.0,21.75,18.025,791.0,99.0,0.7469879518072289,0.047156726768377254,-1,Active,Strength and cardio mix 3x/week
49.0,Female,62.0,1.87,195.0,125.0,74.0,1.04,842.0,HIIT,20.0,3.5,3.0,1.0,22.02,17.72998941919986,809.6153846153846,121.0,0.6410256410256411,0.056451612903225805,-1,Moderate,Moderate cardio 2-3x/week
52.0,Male,71.3,1.84,197.0,126.0,73.0,1.22,765.0,Cardio,29.2,1.8,2.0,,12.32,21.05978260869565,627.0491803278688,124.0,0.6395939086294417,0.02524544179523142,-1,Moderate,Moderate cardio 2-3x/week
28.0,,85.6,1.54,168.0,128.0,59.0,1.45,860.0,Yoga,14.9,2.4,4.0,1.0,12.32,36.09377635351661,593.1034482758621,109.0,0.7619047619047619,0.028037383177570093,-1,Moderate,Moderate cardio 2-3x/week
21.0,Male,51.9,1.57,170.0,167.0,73.0,1.25,1082.0,Strength,27.5,1.6,3.0,2.0,18.89,21.055620917684287,865.6,97.0,0.9823529411764705,0.03082851637764933,-1,Active,Strength and cardio mix 3x/week
33.0,Male,92.8,1.59,161.0,150.0,52.0,1.19,1640.0,Cardio,23.8,2.6,3.0,3.0,15.84,36.70740872592065,1378.1512605042017,109.0,0.9316770186335404,0.028017241379310345,-1,Very Active,High-intensity interval training 3-4x/week
58.0,Female,40.0,1.7,193.0,120.0,52.0,0.99,1178.0,Yoga,21.2,2.5,5.0,1.0,12.32,13.84083044982699,1189.8989898989898,141.0,0.6217616580310881,0.0625,-1,Active,Strength and cardio mix 3x/week
36.0,Female,44.9,1.79,166.0,120.0,74.0,1.66,811.0,HIIT,16.2,3.3,3.0,1.0,29.4,14.013295465185232,488.5542168674699,92.0,0.7228915662650602,0.07349665924276169,-1,Moderate,Moderate cardio 2-3x/week
33.0,Male,78.6,1.7,161.0,168.0,65.0,2.0,855.0,Cardio,10.0,3.2,2.0,1.0,16.53,27.197231833910035,427.5,96.0,1.0434782608695652,0.04071246819338423,-1,Moderate,Moderate cardio 2-3x/week
42.0,Female,54.0,1.69,179.0,169.0,53.0,1.19,458.0,,25.7,3.3,3.0,3.0,14.91,18.906901018871892,384.87394957983196,126.0,0.9441340782122905,0.06111111111111111,-1,Moderate,Moderate cardio 2-3x/week
29.0,Male,53.8,1.66,163.0,133.0,64.0,2.0,1187.0,Strength,34.5,1.5,4.0,1.0,23.95,19.523878647118597,593.5,99.0,0.8159509202453987,0.02788104089219331,-1,Moderate,Moderate cardio 2-3x/week
26.0,Female,91.7,1.58,167.0,120.0,52.0,1.65,1334.0,Cardio,29.2,2.6,2.0,2.0,,36.732895369331835,808.4848484848485,115.0,0.718562874251497,0.028353326063249727,-1,Active,Strength and cardio mix 3x/week
44.0,Male,63.3,1.88,189.0,150.0,74.0,1.02,1184.0,Strength,16.5,3.5,4.0,1.0,13.03,17.90968764146673,1160.7843137254902,115.0,0.7936507936507936,0.05529225908372828,-1,Active,Strength and cardio mix 3x/week
42.0,Female,98.1,1.73,165.0,120.0,69.0,1.52,477.0,Yoga,21.7,1.9,2.0,2.0,15.29,32.77757359083163,313.8157894736842,96.0,0.7272727272727273,0.019367991845056064,-1,Moderate,Moderate cardio 2-3x/week
56.0,,40.0,1.85,194.0,158.0,67.0,1.43,1633.0,Yoga,30.6,1.9,4.0,1.0,21.57,11.68736303871439,1141.958041958042,127.0,0.8144329896907216,0.0475,-1,Very Active,High-intensity interval training 3-4x/week
32.0,Male,87.2,1.5,193.0,152.0,58.0,1.28,1538.0,Cardio,23.2,2.1,3.0,3.0,16.29,38.75555555555556,1201.5625,135.0,0.7875647668393783,0.02408256880733945,-1,Very Active,High-intensity interval training 3-4x/week
31.0,Male,64.8,1.71,174.0,164.0,57.0,1.64,857.0,HIIT,26.2,2.7,4.0,,23.64,22.1606648199446,522.5609756097562,117.0,0.9425287356321839,0.04166666666666667,-1,Moderate,Moderate cardio 2-3x/week
48.0,Male,51.6,1.8,181.0,161.0,68.0,0.82,1487.0,Cardio,22.5,1.9,4.0,2.0,13.29,15.925925925925926,1813.4146341463415,113.0,0.8895027624309392,0.036821705426356585,-1,Very Active,High-intensity interval training 3-4x/week
21.0,Male,69.4,1.85,177.0,153.0,74.0,1.55,879.0,Strength,10.0,2.4,3.0,2.0,17.58,20.277574872169467,567.0967741935484,103.0,0.864406779661017,0.034582132564841495,-1,Moderate,Moderate cardio 2-3x/week
38.0,Female,77.4,1.54,169.0,149.0,50.0,2.0,867.0,Strength,29.0,3.6,5.0,2.0,13.58,32.636194973857314,433.5,119.0,0.8816568047337278,0.046511627906976744,-1,Moderate,Moderate cardio 2-3x/week
58.0,Female,76.3,1.56,190.0,145.0,72.0,2.0,913.0,Strength,,3.3,3.0,3.0,16.67,31.352728468113078,456.5,118.0,0.7631578947368421,0.043250327653997375,-1,Moderate,Moderate cardio 2-3x/week
42.0,Female,82.3,1.94,198.0,132.0,57.0,1.46,1050.0,Yoga,10.0,3.2,3.0,2.0,20.23,21.867361037304708,719.1780821917808,141.0,0.6666666666666666,0.03888213851761847,-1,Moderate,Moderate cardio 2-3x/week
40.0,Female,95.5,1.84,196.0,144.0,68.0,1.94,1568.0,Yoga,26.7,3.7,3.0,1.0,17.55,28.207703213610586,808.2474226804123,128.0,0.7346938775510204,0.0387434554973822,-1,Active,Strength and cardio mix 3x/week
19.0,Male,60.7,1.7,183.0,128.0,74.0,1.22,817.0,Strength,20.9,2.8,4.0,1.0,35.87,21.00346020761246,669.672131147541,109.0,0.6994535519125683,0.046128500823723224,-1,Moderate,Moderate cardio 2-3x/week
34.0,Male,40.0,1.88,188.0,131.0,54.0,1.29,840.0,Cardio,11.9,1.9,3.0,3.0,18.81,11.317338162064283,651.1627906976744,134.0,0.6968085106382979,0.0475,-1,Moderate,Moderate cardio 2-3x/week
37.0,Female,63.1,1.84,185.0,158.0,56.0,1.3,1248.0,HIIT,31.9,3.5,3.0,1.0,26.39,18.637759924385634,960.0,129.0,0.8540540540540541,0.0554675118858954,-1,Active,Strength and cardio mix 3x/week
51.0,Female,55.7,1.5,188.0,143.0,58.0,1.19,1302.0,HIIT,27.7,2.0,3.0,1.0,28.28,24.755555555555556,1094.1176470588236,130.0,0.7606382978723404,0.03590664272890485,-1,Very Active,High-intensity interval training 3-4x/week
52.0,Male,53.1,1.55,184.0,167.0,50.0,1.95,1205.0,Strength,14.6,3.5,5.0,1.0,12.32,22.10197710718002,617.948717948718,134.0,0.907608695652174,0.06591337099811675,-1,Moderate,Moderate cardio 2-3x/week
52.0,Female,65.8,1.82,168.0,167.0,71.0,1.15,751.0,Strength,17.1,1.5,3.0,1.0,32.86,19.8647506339814,653.0434782608696,97.0,0.9940476190476191,0.022796352583586626,-1,Moderate,Moderate cardio 2-3x/week
35.0,Female,40.4,1.71,176.0,130.0,70.0,1.97,1110.0,HIIT,17.0,3.6,4.0,3.0,29.32,13.816216955644473,563.4517766497462,106.0,0.7386363636363636,0.08910891089108912,-1,Moderate,Moderate cardio 2-3x/week
45.0,Male,40.0,1.75,194.0,120.0,50.0,1.67,1296.0,Yoga,28.8,1.9,3.0,3.0,26.88,13.061224489795919,776.0479041916168,144.0,0.6185567010309279,0.0475,-1,Active,Strength and cardio mix 3x/week
31.0,Male,40.0,2.0,176.0,162.0,69.0,1.45,949.0,Cardio,26.9,3.2,3.0,2.0,30.36,10.0,654.4827586206897,107.0,0.9204545454545454,0.08,-1,Moderate,Moderate cardio 2-3x/week
27.0,Male,40.0,1.68,166.0,128.0,59.0,1.6,1112.0,Yoga,10.0,2.6,4.0,2.0,19.67,14.172335600907031,695.0,107.0,0.7710843373493976,0.065,-1,Moderate,Moderate cardio 2-3x/week
18.0,Male,73.0,1.89,172.0,153.0,56.0,1.19,596.0,Cardio,15.6,3.4,5.0,1.0,17.22,20.43615800229557,500.8403361344538,116.0,0.8895348837209303,0.04657534246575342,-1,Moderate,Moderate cardio 2-3x/week
35.0,Female,127.6,1.65,174.0,156.0,56.0,1.9,1084.0,HIIT,20.4,3.4,5.0,1.0,15.36,46.86868686868687,570.5263157894738,118.0,0.896551724137931,0.02664576802507837,-1,Moderate,Moderate cardio 2-3x/week
18.0,,40.0,1.68,178.0,147.0,71.0,2.0,831.0,HIIT,17.3,3.5,4.0,1.0,24.89,14.172335600907031,415.5,107.0,0.8258426966292135,0.0875,-1,Moderate,Moderate cardio 2-3x/week
19.0,Female,43.6,1.7,168.0,126.0,55.0,1.42,685.0,HIIT,23.9,1.5,4.0,3.0,19.35,15.08650519031142,482.3943661971831,113.0,0.75,0.034403669724770644,-1,Moderate,Moderate cardio 2-3x/week
24.0,Male,54.0,1.71,191.0,169.0,71.0,1.23,730.0,Cardio,29.0,2.7,2.0,2.0,15.39,18.467220683287167,593.4959349593496,120.0,0.8848167539267016,0.05,-1,Moderate,Moderate cardio 2-3x/week
44.0,Male,53.1,1.64,160.0,160.0,74.0,1.65,749.0,Cardio,27.0,3.2,,2.0,27.79,19.742712671029153,453.93939393939394,86.0,1.0,0.06026365348399247,-1,Moderate,Moderate cardio 2-3x/week
21.0,Female,87.8,1.88,195.0,133.0,74.0,1.95,621.0,HIIT,19.9,3.4,3.0,3.0,20.22,24.8415572657311,318.46153846153845,121.0,0.6820512820512821,0.0387243735763098,-1,Moderate,Moderate cardio 2-3x/week
38.0,Male,82.7,2.0,178.0,138.0,72.0,1.46,1219.0,Yoga,25.8,3.6,4.0,1.0,24.74,20.675,834.931506849315,106.0,0.7752808988764045,0.04353083434099154,-1,Active,Strength and cardio mix 3x/week
33.0,Male,84.0,1.7,194.0,156.0,73.0,0.5,580.0,Cardio,20.5,2.5,3.0,3.0,13.38,29.065743944636683,1160.0,121.0,0.8041237113402062,0.02976190476190476,-1,Moderate,Moderate cardio 2-3x/week
18.0,Female,58.4,1.87,167.0,168.0,74.0,1.42,1306.0,Cardio,26.9,3.2,2.0,1.0,17.66,16.700506162601158,919.7183098591549,93.0,1.0059880239520957,0.05479452054794521,-1,Active,Strength and cardio mix 3x/week
48.0,Male,63.8,1.79,185.0,135.0,71.0,1.69,1242.0,HIIT,29.7,1.5,4.0,1.0,25.54,19.911987765675228,734.9112426035504,114.0,0.7297297297297297,0.023510971786833857,-1,Active,Strength and cardio mix 3x/week
45.0,Male,94.6,1.69,178.0,147.0,56.0,1.95,1105.0,Yoga,29.9,1.8,2.0,2.0,15.15,33.122089562690384,566.6666666666666,122.0,0.8258426966292135,0.019027484143763214,-1,Moderate,Moderate cardio 2-3x/week
21.0,Female,40.0,1.58,165.0,134.0,69.0,1.05,624.0,Strength,29.2,1.7,3.0,1.0,12.47,16.023073225444637,594.2857142857142,96.0,0.8121212121212121,0.042499999999999996,-1,Less Active,Light exercise 1-2x/week
59.0,Female,71.1,1.73,184.0,125.0,66.0,1.07,691.0,Cardio,25.2,2.6,2.0,3.0,34.41,23.756223061244942,645.7943925233644,118.0,0.6793478260869565,0.036568213783403664,-1,Moderate,Moderate cardio 2-3x/week
19.0,,116.6,1.72,187.0,126.0,70.0,1.1,779.0,Strength,23.8,2.6,3.0,2.0,16.61,39.4131963223364,708.1818181818181,117.0,0.6737967914438503,0.022298456260720415,-1,Moderate,Moderate cardio 2-3x/week
36.0,Female,55.0,1.77,161.0,142.0,74.0,1.04,1564.0,,19.8,3.2,2.0,2.0,21.97,17.555619394171533,1503.8461538461538,87.0,0.8819875776397516,0.05818181818181818,-1,Very Active,High-intensity interval training 3-4x/week
22.0,Female,48.6,1.72,177.0,156.0,70.0,1.39,708.0,Yoga,25.4,3.4,3.0,1.0,20.42,16.427798810167662,509.35251798561154,107.0,0.8813559322033898,0.06995884773662552,-1,Moderate,Moderate cardio 2-3x/week
42.0,Male,57.3,1.73,194.0,153.0,65.0,1.97,1132.0,Strength,22.2,3.2,4.0,1.0,19.54,19.14531056834508,574.6192893401015,129.0,0.788659793814433,0.05584642233856894,-1,Moderate,Moderate cardio 2-3x/week
36.0,Female,55.9,1.76,181.0,169.0,74.0,1.91,474.0,Strength,18.2,1.5,5.0,1.0,12.32,18.046229338842974,248.1675392670157,107.0,0.9337016574585635,0.026833631484794278,-1,Moderate,Moderate cardio 2-3x/week
41.0,Male,73.2,2.0,179.0,161.0,58.0,1.06,758.0,HIIT,17.6,1.8,2.0,1.0,18.61,18.3,715.0943396226414,121.0,0.8994413407821229,0.02459016393442623,-1,Moderate,Moderate cardio 2-3x/week
24.0,Female,91.8,1.82,171.0,140.0,52.0,2.0,1065.0,Strength,16.1,2.7,4.0,2.0,24.37,27.71404419756068,532.5,119.0,0.8187134502923976,0.029411764705882356,-1,Moderate,Moderate cardio 2-3x/week
42.0,Female,47.7,1.72,183.0,150.0,57.0,1.95,782.0,Yoga,31.4,3.1,3.0,,14.27,16.123580313683075,401.02564102564105,126.0,0.819672131147541,0.0649895178197065,-1,Moderate,Moderate cardio 2-3x/week
55.0,Female,51.9,1.64,171.0,150.0,68.0,1.05,1619.0,Strength,22.8,2.2,5.0,3.0,25.06,19.296549672813804,1541.904761904762,103.0,0.8771929824561403,0.04238921001926783,-1,Very Active,High-intensity interval training 3-4x/week
36.0,Male,60.1,1.78,186.0,169.0,51.0,1.46,1108.0,Cardio,35.0,2.0,3.0,1.0,16.06,18.9685645751799,758.9041095890411,135.0,0.9086021505376344,0.033277870216306155,-1,Active,Strength and cardio mix 3x/week
18.0,Female,40.0,1.56,196.0,149.0,56.0,0.79,1027.0,Strength,27.6,1.9,2.0,1.0,12.98,16.43655489809336,1300.0,140.0,0.7602040816326531,0.0475,-1,Active,Strength and cardio mix 3x/week
23.0,Female,64.7,2.0,184.0,169.0,55.0,1.46,860.0,Strength,32.4,2.5,5.0,2.0,20.45,16.175,589.0410958904109,129.0,0.9184782608695652,0.03863987635239567,-1,Moderate,Moderate cardio 2-3x/week
24.0,Male,73.0,1.61,188.0,131.0,60.0,0.56,864.0,Yoga,27.4,3.6,2.0,2.0,12.36,28.162493730951734,1542.8571428571427,128.0,0.6968085106382979,0.049315068493150684,-1,Moderate,Moderate cardio 2-3x/week
48.0,Female,79.1,1.63,168.0,135.0,53.0,1.15,1302.0,Yoga,35.0,3.3,4.0,1.0,27.86,29.77153825887312,1132.1739130434783,115.0,0.8035714285714286,0.041719342604298354,-1,Very Active,High-intensity interval training 3-4x/week
47.0,Female,82.2,1.72,174.0,126.0,70.0,1.15,1211.0,Yoga,25.0,3.7,2.0,3.0,12.4,27.785289345592215,1053.0434782608697,104.0,0.7241379310344828,0.045012165450121655,-1,Active,Strength and cardio mix 3x/week
54.0,Male,40.0,1.79,162.0,162.0,54.0,2.0,444.0,Yoga,16.9,2.3,5.0,3.0,22.6,12.484004868761899,222.0,108.0,1.0,0.057499999999999996,-1,Moderate,Moderate cardio 2-3x/week
33.0,Female,60.7,1.57,179.0,135.0,69.0,1.24,964.0,HIIT,26.0,2.9,3.0,1.0,15.19,24.62574546634752,777.4193548387096,110.0,0.7541899441340782,0.04777594728171334,-1,Moderate,Moderate cardio 2-3x/week
29.0,,48.9,1.7,194.0,145.0,55.0,1.12,487.0,Cardio,33.9,2.2,5.0,2.0,28.96,16.920415224913498,434.82142857142856,139.0,0.7474226804123711,0.044989775051124746,-1,Moderate,Moderate cardio 2-3x/week
50.0,Female,76.4,1.54,172.0,133.0,71.0,1.3,1311.0,Strength,25.2,2.1,3.0,1.0,33.64,32.214538708045204,1008.4615384615385,101.0,0.7732558139534884,0.027486910994764396,-1,Very Active,High-intensity interval training 3-4x/week
49.0,Female,95.6,1.67,164.0,134.0,74.0,1.71,466.0,Cardio,26.0,1.8,3.0,2.0,14.67,34.278747893434684,272.51461988304095,90.0,0.8170731707317073,0.01882845188284519,-1,Moderate,Moderate cardio 2-3x/week
25.0,Female,85.1,1.98,185.0,148.0,58.0,1.29,785.0,Yoga,22.5,3.5,4.0,1.0,14.37,21.706968676665646,608.5271317829457,127.0,0.8,0.041128084606345476,-1,Moderate,Moderate cardio 2-3x/week
34.0,Female,72.9,1.71,164.0,122.0,73.0,1.78,432.0,HIIT,27.8,1.5,2.0,2.0,20.67,24.93074792243768,242.69662921348313,91.0,0.7439024390243902,0.0205761316872428,-1,Moderate,Moderate cardio 2-3x/week
30.0,Female,42.2,1.63,177.0,134.0,74.0,2.0,685.0,Yoga,26.4,3.7,3.0,2.0,28.27,15.883172117881744,342.5,103.0,0.7570621468926554,0.08767772511848342,-1,Moderate,Moderate cardio 2-3x/week
49.0,Male,40.0,1.76,193.0,124.0,72.0,1.3,1196.0,Cardio,11.2,2.2,4.0,2.0,16.86,12.913223140495868,920.0,121.0,0.6424870466321243,0.05500000000000001,-1,Active,Strength and cardio mix 3x/week
18.0,Male,51.8,1.58,164.0,164.0,51.0,0.84,1110.0,Cardio,25.8,3.5,3.0,3.0,16.04,20.749879826950806,1321.4285714285716,113.0,1.0,0.06756756756756757,-1,Active,Strength and cardio mix 3x/week
22.0,Male,64.6,2.0,196.0,137.0,73.0,0.85,704.0,HIIT,21.4,2.5,3.0,3.0,22.43,16.15,828.2352941176471,123.0,0.6989795918367347,0.03869969040247678,-1,Moderate,Moderate cardio 2-3x/week
47.0,Male,66.5,1.79,193.0,155.0,51.0,0.69,1656.0,,24.0,2.8,5.0,1.0,16.95,20.754658094316657,2400.0,142.0,0.8031088082901554,0.042105263157894736,-1,Very Active,High-intensity interval training 3-4x/week
54.0,Male,55.2,1.8,168.0,137.0,55.0,2.0,1472.0,HIIT,27.0,3.1,4.0,2.0,23.47,17.037037037037038,736.0,113.0,0.8154761904761905,0.05615942028985507,-1,Active,Strength and cardio mix 3x/week
49.0,Female,105.3,1.83,165.0,150.0,70.0,1.53,699.0,Strength,31.4,3.7,3.0,1.0,39.35,31.44316044074173,456.8627450980392,95.0,0.9090909090909091,0.035137701804368475,-1,Moderate,Moderate cardio 2-3x/week
18.0,Male,74.1,1.76,170.0,135.0,62.0,1.24,1214.0,Cardio,13.7,2.5,3.0,2.0,13.25,23.921745867768593,979.0322580645161,108.0,0.7941176470588235,0.033738191632928474,-1,Active,Strength and cardio mix 3x/week
46.0,Female,40.0,1.75,170.0,142.0,63.0,0.96,919.0,Cardio,22.3,2.4,4.0,2.0,12.41,13.061224489795919,957.2916666666667,107.0,0.8352941176470589,0.06,-1,Moderate,Moderate cardio 2-3x/week
18.0,Male,91.1,1.76,197.0,162.0,59.0,1.52,1362.0,Cardio,28.8,3.4,3.0,1.0,14.34,29.409865702479337,896.0526315789474,138.0,0.8223350253807107,0.03732162458836444,-1,Active,Strength and cardio mix 3x/week
21.0,Female,49.2,1.64,177.0,164.0,53.0,0.58,1114.0,HIIT,23.3,2.9,3.0,1.0,23.08,18.292682926829272,1920.689655172414,124.0,0.9265536723163842,0.058943089430894303,-1,Active,Strength and cardio mix 3x/week
48.0,Female,40.0,1.77,180.0,127.0,54.0,1.48,1460.0,HIIT,27.2,2.4,5.0,3.0,18.51,12.767723195761114,986.4864864864865,126.0,0.7055555555555556,0.06,-1,Very Active,High-intensity interval training 3-4x/week
48.0,Female,60.0,1.92,165.0,140.0,72.0,2.0,1751.0,HIIT,11.1,1.5,2.0,2.0,32.68,16.276041666666668,875.5,93.0,0.8484848484848485,0.025,-1,Active,Strength and cardio mix 3x/week
51.0,Female,46.2,1.73,192.0,169.0,62.0,1.55,1389.0,Cardio,32.8,1.7,,3.0,14.87,15.43653312840389,896.1290322580645,130.0,0.8802083333333334,0.03679653679653679,-1,Active,Strength and cardio mix 3x/week
36.0,Male,68.2,1.91,188.0,131.0,69.0,2.0,1162.0,Strength,33.1,1.5,3.0,3.0,,18.69466297524739,581.0,119.0,0.6968085106382979,0.0219941348973607,-1,Moderate,Moderate cardio 2-3x/week
44.0,Male,56.1,1.68,191.0,152.0,69.0,1.8,1223.0,Strength,15.4,2.6,4.0,2.0,17.28,19.876700680272112,679.4444444444445,122.0,0.7958115183246073,0.04634581105169341,-1,Moderate,Moderate cardio 2-3x/week
51.0,Male,65.8,1.62,191.0,169.0,74.0,1.36,1073.0,HIIT,28.2,3.5,2.0,,21.21,25.072397500381033,788.970588235294,117.0,0.8848167539267016,0.05319148936170213,-1,Active,Strength and cardio mix 3x/week
45.0,Male,59.5,1.61,194.0,121.0,55.0,1.3,741.0,Cardio,24.5,2.0,4.0,3.0,21.71,22.954361328652443,570.0,139.0,0.6237113402061856,0.03361344537815126,-1,Moderate,Moderate cardio 2-3x/week
58.0,Male,73.5,1.93,175.0,169.0,61.0,1.45,1019.0,HIIT,14.0,2.7,2.0,2.0,14.74,19.732073344250853,702.7586206896552,114.0,0.9657142857142857,0.036734693877551024,-1,Moderate,Moderate cardio 2-3x/week
21.0,Male,54.7,1.56,191.0,157.0,55.0,1.13,682.0,\tCardio,25.2,1.5,4.0,2.0,,22.47698882314267,603.5398230088496,136.0,0.8219895287958116,0.027422303473491772,-1,Moderate,Moderate cardio 2-3x/week
18.0,Female,52.1,1.73,183.0,135.0,74.0,1.4,1141.0,Cardio,23.9,3.1,3.0,1.0,12.32,17.407865281165424,815.0,109.0,0.7377049180327869,0.05950095969289827,-1,Active,Strength and cardio mix 3x/week
59.0,Female,60.6,1.92,180.0,168.0,55.0,1.46,1046.0,,24.6,2.0,3.0,3.0,30.51,16.438802083333336,716.4383561643835,125.0,0.9333333333333333,0.033003300330033,-1,Moderate,Moderate cardio 2-3x/week
20.0,Female,104.3,1.79,197.0,158.0,72.0,1.3,933.0,Strength,23.4,3.2,2.0,3.0,16.4,32.55204269529665,717.6923076923076,125.0,0.8020304568527918,0.03068072866730585,-1,Moderate,Moderate cardio 2-3x/week
52.0,Male,47.8,1.79,168.0,144.0,68.0,0.95,715.0,Cardio,27.3,2.4,5.0,3.0,17.21,14.918385818170469,752.6315789473684,100.0,0.8571428571428571,0.0502092050209205,-1,Less Active,Light exercise 1-2x/week
18.0,Female,51.1,1.83,180.0,130.0,57.0,1.05,939.0,Strength,17.0,3.0,3.0,2.0,16.85,15.258741676371343,894.2857142857142,123.0,0.7222222222222222,0.05870841487279843,-1,Moderate,Moderate cardio 2-3x/week
34.0,Male,62.5,1.87,185.0,167.0,73.0,0.96,1353.0,Cardio,29.6,2.3,4.0,1.0,31.91,17.87297320483857,1409.375,112.0,0.9027027027027027,0.0368,-1,Very Active,High-intensity interval training 3-4x/week
59.0,Female,57.4,1.56,190.0,156.0,72.0,1.15,813.0,Cardio,18.5,2.7,3.0,2.0,25.59,23.58645627876397,706.9565217391305,118.0,0.8210526315789474,0.047038327526132406,-1,Moderate,Moderate cardio 2-3x/week
37.0,Male,108.7,1.55,163.0,122.0,68.0,1.19,1104.0,Strength,26.9,1.6,4.0,2.0,26.23,45.24453694068678,927.7310924369748,95.0,0.7484662576687117,0.014719411223551058,-1,Active,Strength and cardio mix 3x/week
41.0,Female,40.0,1.6,164.0,143.0,73.0,1.52,727.0,Yoga,23.5,3.4,5.0,2.0,15.53,15.624999999999996,478.2894736842105,91.0,0.8719512195121951,0.08499999999999999,-1,Moderate,Moderate cardio 2-3x/week
53.0,Female,65.2,1.72,196.0,152.0,50.0,1.87,1073.0,Cardio,24.8,3.7,,1.0,22.39,22.03893996755003,573.7967914438502,146.0,0.7755102040816326,0.05674846625766871,-1,Moderate,Moderate cardio 2-3x/week
23.0,Male,90.0,1.58,172.0,164.0,60.0,0.78,682.0,Strength,25.0,3.2,4.0,1.0,12.32,36.05191475725044,874.3589743589744,112.0,0.9534883720930233,0.035555555555555556,-1,Moderate,Moderate cardio 2-3x/week
48.0,Female,84.1,1.69,187.0,136.0,56.0,1.68,758.0,Strength,22.2,2.3,3.0,3.0,16.11,29.445747697909738,451.1904761904762,131.0,0.7272727272727273,0.027348394768133173,-1,Moderate,Moderate cardio 2-3x/week
43.0,Female,57.8,1.57,190.0,142.0,56.0,1.39,698.0,Strength,21.3,1.6,4.0,1.0,20.73,23.44922714917441,502.158273381295,134.0,0.7473684210526316,0.027681660899653984,-1,Moderate,Moderate cardio 2-3x/week
55.0,Female,100.0,1.63,183.0,155.0,74.0,2.0,1256.0,Cardio,10.5,2.4,3.0,2.0,12.32,37.63784862057285,628.0,109.0,0.8469945355191257,0.024,-1,Moderate,Moderate cardio 2-3x/week
30.0,Female,61.9,1.55,181.0,150.0,72.0,1.93,1117.0,HIIT,27.1,3.6,3.0,2.0,12.32,25.76482830385015,578.7564766839379,109.0,0.8287292817679558,0.05815831987075929,-1,Moderate,Moderate cardio 2-3x/week
19.0,Male,58.6,1.64,187.0,135.0,66.0,1.18,1564.0,Yoga,10.0,3.4,3.0,2.0,21.91,21.787626412849498,1325.4237288135594,121.0,0.7219251336898396,0.058020477815699655,-1,Very Active,High-intensity interval training 3-4x/week
21.0,Male,80.8,1.8,195.0,137.0,64.0,1.1,1285.0,Cardio,29.8,2.7,3.0,3.0,21.28,24.93827160493827,1168.181818181818,131.0,0.7025641025641025,0.03341584158415842,-1,Very Active,High-intensity interval training 3-4x/week
21.0,Female,42.7,1.81,166.0,139.0,71.0,1.42,1044.0,Cardio,26.0,3.2,3.0,3.0,12.32,13.033790177345015,735.2112676056338,95.0,0.8373493975903614,0.07494145199063232,-1,Active,Strength and cardio mix 3x/week
29.0,Male,60.9,1.86,191.0,152.0,60.0,1.79,1108.0,Strength,31.5,1.5,4.0,3.0,42.08,17.603191120360734,618.9944134078212,131.0,0.7958115183246073,0.024630541871921183,-1,Moderate,Moderate cardio 2-3x/week
40.0,Male,78.8,1.7,176.0,169.0,63.0,1.78,1179.0,Strength,21.1,1.9,2.0,1.0,17.55,27.26643598615917,662.3595505617977,113.0,0.9602272727272727,0.024111675126903553,-1,Moderate,Moderate cardio 2-3x/week
37.0,Female,85.3,1.69,162.0,136.0,71.0,1.49,859.0,HIIT,22.8,3.4,4.0,2.0,19.95,29.86590105388467,576.510067114094,91.0,0.8395061728395061,0.03985932004689332,-1,Moderate,Moderate cardio 2-3x/week
47.0,Female,84.8,1.58,180.0,157.0,54.0,0.83,940.0,Cardio,26.3,1.9,5.0,2.0,17.99,33.96891523794263,1132.5301204819277,126.0,0.8722222222222222,0.02240566037735849,-1,Moderate,Moderate cardio 2-3x/week
43.0,Male,57.4,1.69,166.0,143.0,66.0,1.14,775.0,Strength,23.7,3.3,3.0,1.0,13.31,20.09733552746753,679.8245614035088,100.0,0.8614457831325302,0.05749128919860627,-1,Less Active,Light exercise 1-2x/week
33.0,Male,40.0,1.81,189.0,157.0,71.0,1.32,1298.0,HIIT,20.1,3.4,2.0,3.0,16.68,12.209639510393455,983.3333333333333,118.0,0.8306878306878307,0.08499999999999999,-1,Very Active,High-intensity interval training 3-4x/week
33.0,Female,129.9,1.56,189.0,138.0,73.0,2.0,993.0,Strength,34.0,2.3,3.0,2.0,24.54,53.37771203155818,496.5,116.0,0.7301587301587301,0.01770592763664357,-1,Moderate,Moderate cardio 2-3x/week
50.0,Male,55.0,1.5,177.0,120.0,69.0,1.07,715.0,Yoga,27.2,1.7,4.0,2.0,26.53,24.444444444444443,668.2242990654205,108.0,0.6779661016949152,0.030909090909090907,-1,Moderate,Moderate cardio 2-3x/week
18.0,Male,41.6,1.94,168.0,153.0,57.0,0.86,1068.0,Strength,25.0,3.1,4.0,1.0,19.74,11.053246891274313,1241.860465116279,111.0,0.9107142857142857,0.07451923076923077,-1,Active,Strength and cardio mix 3x/week
43.0,Male,56.9,1.68,161.0,154.0,61.0,2.0,742.0,Strength,26.5,2.0,3.0,1.0,21.48,20.160147392290252,371.0,100.0,0.9565217391304348,0.0351493848857645,-1,Moderate,Moderate cardio 2-3x/week
20.0,Female,84.8,1.74,165.0,151.0,59.0,1.49,717.0,HIIT,24.9,3.4,4.0,3.0,14.13,28.008984013740253,481.20805369127515,106.0,0.9151515151515152,0.04009433962264151,-1,Moderate,Moderate cardio 2-3x/week
24.0,Female,96.9,1.88,181.0,166.0,72.0,1.36,1220.0,Cardio,15.8,3.7,3.0,2.0,30.18,27.416251697600728,897.0588235294117,109.0,0.9171270718232044,0.038183694530443756,-1,Active,Strength and cardio mix 3x/week
24.0,Male,81.2,1.56,182.0,166.0,66.0,1.62,1148.0,Yoga,25.5,2.7,4.0,3.0,31.34,33.36620644312952,708.6419753086419,116.0,0.9120879120879121,0.0332512315270936,-1,Moderate,Moderate cardio 2-3x/week
53.0,Female,70.5,1.9,198.0,146.0,69.0,0.84,766.0,Cardio,31.9,2.9,5.0,1.0,16.4,19.52908587257618,911.9047619047619,129.0,0.7373737373737373,0.04113475177304964,-1,Moderate,Moderate cardio 2-3x/week
38.0,Male,58.7,1.72,189.0,152.0,58.0,1.21,1063.0,HIIT,21.2,1.6,3.0,1.0,23.03,19.841806381828018,878.5123966942149,131.0,0.8042328042328042,0.027257240204429302,-1,Active,Strength and cardio mix 3x/week
26.0,Male,62.0,1.65,199.0,142.0,56.0,1.61,1361.0,HIIT,35.0,3.5,2.0,3.0,13.96,22.77318640955005,845.3416149068322,143.0,0.7135678391959799,0.056451612903225805,-1,Active,Strength and cardio mix 3x/week
18.0,Male,100.6,1.74,179.0,138.0,68.0,1.2,1261.0,Cardio,23.2,3.5,2.0,2.0,20.9,33.227639054036196,1050.8333333333335,111.0,0.770949720670391,0.03479125248508946,-1,Very Active,High-intensity interval training 3-4x/week
33.0,Female,63.0,1.71,189.0,126.0,57.0,1.24,1175.0,Strength,25.6,3.2,3.0,1.0,15.02,21.545090797168363,947.5806451612904,132.0,0.6666666666666666,0.050793650793650794,-1,Active,Strength and cardio mix 3x/week
29.0,Male,79.4,1.71,186.0,124.0,74.0,2.0,877.0,Yoga,29.6,1.5,3.0,2.0,27.97,27.153654115796318,438.5,112.0,0.6666666666666666,0.01889168765743073,-1,Moderate,Moderate cardio 2-3x/week
57.0,Female,57.6,1.86,169.0,120.0,73.0,1.99,929.0,HIIT,22.9,2.4,,2.0,14.02,16.649323621227886,466.83417085427135,96.0,0.7100591715976331,0.041666666666666664,-1,Moderate,Moderate cardio 2-3x/week
37.0,Male,108.5,1.97,192.0,120.0,74.0,2.0,1091.0,Cardio,27.2,1.5,2.0,1.0,23.59,27.957432554304415,545.5,118.0,0.625,0.013824884792626729,-1,Moderate,Moderate cardio 2-3x/week
34.0,Female,73.9,1.75,192.0,165.0,74.0,1.64,816.0,Cardio,35.0,1.5,3.0,2.0,22.1,24.13061224489796,497.5609756097561,118.0,0.859375,0.020297699594046006,-1,Moderate,Moderate cardio 2-3x/week
57.0,Male,67.9,1.78,187.0,163.0,59.0,2.0,1168.0,Yoga,23.9,3.7,3.0,2.0,,21.430374952657495,584.0,128.0,0.8716577540106952,0.054491899852724596,-1,Moderate,Moderate cardio 2-3x/week
36.0,Male,72.8,1.63,184.0,130.0,68.0,1.44,669.0,HIIT,25.1,1.7,3.0,3.0,12.32,27.400353795777033,464.58333333333337,116.0,0.7065217391304348,0.023351648351648352,-1,Moderate,Moderate cardio 2-3x/week
34.0,Female,57.6,1.7,167.0,141.0,68.0,0.88,710.0,Cardio,14.7,1.5,3.0,2.0,15.66,19.93079584775087,806.8181818181819,99.0,0.844311377245509,0.026041666666666664,-1,Less Active,Light exercise 1-2x/week
48.0,Female,49.3,1.74,179.0,142.0,74.0,1.31,723.0,HIIT,19.2,3.5,4.0,3.0,19.2,16.28352490421456,551.9083969465648,105.0,0.7932960893854749,0.07099391480730223,-1,Moderate,Moderate cardio 2-3x/week
18.0,Male,41.6,1.85,181.0,169.0,52.0,2.0,1130.0,Yoga,14.5,3.4,5.0,3.0,12.32,12.154857560262965,565.0,129.0,0.9337016574585635,0.08173076923076923,-1,Moderate,Moderate cardio 2-3x/week
33.0,Male,65.6,1.87,189.0,168.0,56.0,1.16,1437.0,Yoga,16.3,3.5,2.0,1.0,17.53,18.75947267579856,1238.793103448276,133.0,0.8888888888888888,0.05335365853658537,-1,Very Active,High-intensity interval training 3-4x/week
19.0,,86.3,1.89,164.0,131.0,74.0,0.97,1175.0,HIIT,19.5,2.4,,2.0,28.62,24.159458021891886,1211.340206185567,90.0,0.7987804878048781,0.027809965237543453,-1,Active,Strength and cardio mix 3x/week
43.0,Female,73.6,1.79,170.0,169.0,72.0,1.16,1408.0,Strength,17.4,1.5,4.0,1.0,14.69,22.97056895852189,1213.793103448276,98.0,0.9941176470588236,0.020380434782608696,-1,Very Active,High-intensity interval training 3-4x/week
48.0,,40.0,2.0,194.0,159.0,70.0,1.48,419.0,Cardio,13.5,2.5,4.0,2.0,21.29,10.0,283.1081081081081,124.0,0.8195876288659794,0.0625,-1,Moderate,Moderate cardio 2-3x/week
49.0,Female,56.0,1.6,183.0,169.0,66.0,0.98,1263.0,Strength,27.9,1.7,5.0,1.0,20.47,21.874999999999996,1288.7755102040817,117.0,0.9234972677595629,0.030357142857142857,-1,Very Active,High-intensity interval training 3-4x/week
48.0,Female,40.0,1.66,189.0,120.0,74.0,1.36,614.0,Cardio,14.8,2.1,3.0,1.0,12.32,14.51589490492089,451.4705882352941,115.0,0.6349206349206349,0.052500000000000005,-1,Moderate,Moderate cardio 2-3x/week
27.0,Female,55.8,1.67,192.0,167.0,74.0,2.0,642.0,Yoga,28.8,3.4,3.0,2.0,28.68,20.007888414787192,321.0,118.0,0.8697916666666666,0.06093189964157706,-1,Moderate,Moderate cardio 2-3x/week
41.0,Male,73.2,1.75,190.0,137.0,58.0,1.24,1048.0,Strength,30.4,3.4,2.0,3.0,23.65,23.902040816326533,845.1612903225806,132.0,0.7210526315789474,0.046448087431693985,-1,Active,Strength and cardio mix 3x/week
44.0,Male,40.0,1.72,179.0,124.0,74.0,0.85,1043.0,Cardio,22.8,2.1,5.0,3.0,20.78,13.520822065981614,1227.0588235294117,105.0,0.6927374301675978,0.052500000000000005,-1,Active,Strength and cardio mix 3x/week
54.0,Male,58.5,1.96,185.0,133.0,60.0,2.0,1131.0,Yoga,13.1,2.5,3.0,1.0,18.11,15.228029987505208,565.5,125.0,0.7189189189189189,0.042735042735042736,-1,Moderate,Moderate cardio 2-3x/week
45.0,Female,57.5,1.55,190.0,123.0,54.0,1.33,893.0,HIIT,28.8,3.3,3.0,1.0,17.65,23.933402705515086,671.4285714285714,136.0,0.6473684210526316,0.057391304347826085,-1,Moderate,Moderate cardio 2-3x/week
24.0,Female,55.6,1.73,175.0,120.0,71.0,1.09,775.0,Yoga,17.2,3.0,4.0,2.0,22.74,18.57729960907481,711.0091743119266,104.0,0.6857142857142857,0.0539568345323741,-1,Less Active,Light exercise 1-2x/week
32.0,Female,42.4,1.79,176.0,135.0,56.0,1.63,843.0,Yoga,27.1,1.5,2.0,2.0,18.17,13.233045160887613,517.1779141104295,120.0,0.7670454545454546,0.03537735849056604,-1,Moderate,Moderate cardio 2-3x/week
18.0,,40.0,1.68,163.0,137.0,61.0,1.1,1470.0,Cardio,31.7,1.7,4.0,3.0,19.34,14.172335600907031,1336.3636363636363,102.0,0.8404907975460123,0.042499999999999996,-1,Very Active,High-intensity interval training 3-4x/week
33.0,Female,77.0,1.69,191.0,154.0,58.0,1.16,1187.0,Cardio,29.1,3.2,4.0,2.0,12.32,26.959840341724732,1023.2758620689656,133.0,0.806282722513089,0.04155844155844156,-1,Active,Strength and cardio mix 3x/week
28.0,Female,74.7,1.69,163.0,158.0,58.0,1.37,854.0,HIIT,14.0,3.4,4.0,2.0,13.79,26.15454640943945,623.3576642335765,105.0,0.9693251533742331,0.04551539491298527,-1,Moderate,Moderate cardio 2-3x/week
59.0,Male,65.1,1.68,161.0,144.0,62.0,2.0,1050.0,Strength,26.1,2.0,5.0,3.0,23.59,23.065476190476193,525.0,99.0,0.8944099378881988,0.030721966205837177,-1,Moderate,Moderate cardio 2-3x/week
21.0,Female,40.0,1.8,176.0,122.0,73.0,1.37,1171.0,HIIT,10.0,3.7,3.0,1.0,19.84,12.345679012345679,854.7445255474452,103.0,0.6931818181818182,0.0925,-1,Active,Strength and cardio mix 3x/week
23.0,Male,64.3,1.58,160.0,123.0,62.0,1.02,1360.0,Strength,22.0,3.4,4.0,1.0,19.45,25.757090209902255,1333.3333333333333,98.0,0.76875,0.05287713841368585,-1,Very Active,High-intensity interval training 3-4x/week
21.0,Male,100.4,1.62,188.0,128.0,73.0,1.4,614.0,Strength,29.3,3.3,2.0,1.0,33.21,38.25636335924401,438.5714285714286,115.0,0.6808510638297872,0.03286852589641434,-1,Moderate,Moderate cardio 2-3x/week
23.0,Male,52.3,1.74,184.0,122.0,65.0,1.38,915.0,Yoga,10.0,3.5,4.0,1.0,18.17,17.27440877262518,663.0434782608696,119.0,0.6630434782608695,0.06692160611854685,-1,Moderate,Moderate cardio 2-3x/week
51.0,Male,57.3,1.71,188.0,169.0,50.0,1.09,1375.0,Strength,28.1,3.6,2.0,3.0,19.69,19.59577305837694,1261.467889908257,138.0,0.898936170212766,0.06282722513089006,-1,Very Active,High-intensity interval training 3-4x/week
20.0,Male,92.8,2.0,195.0,154.0,58.0,1.44,676.0,Yoga,24.3,1.5,4.0,2.0,16.6,23.2,469.44444444444446,137.0,0.7897435897435897,0.016163793103448277,-1,Moderate,Moderate cardio 2-3x/week
18.0,Male,56.2,1.75,164.0,127.0,57.0,1.45,952.0,Strength,29.6,3.5,4.0,3.0,17.29,18.351020408163265,656.551724137931,107.0,0.774390243902439,0.06227758007117437,-1,Moderate,Moderate cardio 2-3x/week
24.0,Female,65.3,1.74,178.0,168.0,63.0,1.12,984.0,HIIT,25.6,3.3,4.0,2.0,19.87,21.56823886907121,878.5714285714284,115.0,0.9438202247191011,0.05053598774885146,-1,Moderate,Moderate cardio 2-3x/week
37.0,Male,60.2,1.76,194.0,169.0,72.0,1.7,1114.0,Yoga,31.4,1.8,4.0,2.0,32.81,19.434400826446282,655.2941176470589,122.0,0.8711340206185567,0.02990033222591362,-1,Moderate,Moderate cardio 2-3x/week
54.0,Female,56.6,1.67,199.0,123.0,60.0,1.09,962.0,Strength,25.0,3.1,5.0,2.0,12.32,20.294739861594177,882.5688073394494,139.0,0.6180904522613065,0.054770318021201414,-1,Moderate,Moderate cardio 2-3x/week
21.0,,105.4,1.77,188.0,169.0,72.0,1.45,999.0,Strength,22.5,3.7,3.0,3.0,25.09,33.64295062083054,688.9655172413793,116.0,0.898936170212766,0.03510436432637571,-1,Moderate,Moderate cardio 2-3x/week
34.0,Male,63.8,1.8,192.0,129.0,54.0,1.92,1229.0,Cardio,13.8,3.1,4.0,2.0,14.24,19.691358024691358,640.1041666666667,138.0,0.671875,0.04858934169278997,-1,Moderate,Moderate cardio 2-3x/week
42.0,Female,58.4,1.7,164.0,156.0,50.0,1.43,1427.0,Strength,23.6,2.5,,1.0,16.68,20.207612456747405,997.9020979020979,114.0,0.9512195121951219,0.04280821917808219,-1,Very Active,High-intensity interval training 3-4x/week
43.0,Female,43.9,1.82,173.0,164.0,72.0,1.61,567.0,HIIT,16.3,3.2,3.0,1.0,19.29,13.253230286197319,352.17391304347825,101.0,0.9479768786127167,0.07289293849658315,-1,Moderate,Moderate cardio 2-3x/week
55.0,Female,91.1,1.85,190.0,149.0,74.0,1.49,649.0,Strength,31.8,3.0,3.0,1.0,29.5,26.61796932067202,435.5704697986577,116.0,0.7842105263157895,0.03293084522502744,-1,Moderate,Moderate cardio 2-3x/week
43.0,Female,40.0,1.55,172.0,159.0,59.0,1.28,1480.0,Yoga,19.9,3.0,3.0,3.0,21.42,16.649323621227886,1156.25,113.0,0.9244186046511628,0.075,-1,Very Active,High-intensity interval training 3-4x/week
49.0,Female,40.0,1.89,192.0,168.0,50.0,1.51,837.0,Strength,29.4,3.5,3.0,1.0,16.63,11.197894795778394,554.3046357615895,142.0,0.875,0.0875,-1,Moderate,Moderate cardio 2-3x/week
27.0,Female,96.8,1.73,174.0,136.0,71.0,1.91,887.0,Strength,31.7,2.6,3.0,2.0,19.05,32.34321226903672,464.3979057591623,103.0,0.7816091954022989,0.026859504132231406,-1,Moderate,Moderate cardio 2-3x/week
36.0,Male,69.0,1.76,191.0,153.0,73.0,1.01,1276.0,,16.7,2.9,4.0,1.0,13.89,22.275309917355372,1263.3663366336634,118.0,0.8010471204188482,0.042028985507246375,-1,Very Active,High-intensity interval training 3-4x/week
20.0,Male,43.5,1.52,189.0,146.0,63.0,2.0,1213.0,Strength,24.3,2.5,4.0,2.0,25.35,18.827908587257618,606.5,126.0,0.7724867724867724,0.05747126436781609,-1,Moderate,Moderate cardio 2-3x/week
55.0,Male,54.2,1.62,197.0,127.0,56.0,1.18,335.0,Strength,28.3,2.4,2.0,1.0,20.94,20.652339582380733,283.8983050847458,141.0,0.6446700507614214,0.04428044280442804,-1,Moderate,Moderate cardio 2-3x/week
34.0,Male,59.8,1.77,186.0,151.0,55.0,0.97,792.0,Yoga,23.0,2.1,3.0,2.0,24.41,19.087746177662865,816.4948453608248,131.0,0.8118279569892473,0.035117056856187295,-1,Moderate,Moderate cardio 2-3x/week
18.0,Female,52.2,1.75,171.0,165.0,72.0,1.45,570.0,Strength,26.1,3.4,4.0,1.0,12.48,17.044897959183675,393.1034482758621,99.0,0.9649122807017544,0.06513409961685823,-1,Moderate,Moderate cardio 2-3x/week
40.0,Male,45.4,1.84,167.0,156.0,50.0,1.13,771.0,Cardio,11.5,3.5,4.0,2.0,12.32,13.409735349716446,682.3008849557523,117.0,0.9341317365269461,0.07709251101321586,-1,Moderate,Moderate cardio 2-3x/week
28.0,Female,62.1,1.68,191.0,130.0,74.0,0.85,1098.0,Strength,13.9,2.8,4.0,2.0,28.14,22.002551020408166,1291.764705882353,117.0,0.680628272251309,0.04508856682769726,-1,Active,Strength and cardio mix 3x/week
26.0,Male,72.8,1.57,196.0,138.0,61.0,1.04,1382.0,Strength,29.8,3.4,2.0,3.0,16.61,29.53466672075946,1328.8461538461538,135.0,0.7040816326530612,0.046703296703296704,-1,Very Active,High-intensity interval training 3-4x/week
27.0,Female,73.5,1.92,168.0,155.0,50.0,1.18,1048.0,Strength,14.2,3.4,5.0,2.0,18.37,19.938151041666668,888.135593220339,118.0,0.9226190476190477,0.04625850340136054,-1,Active,Strength and cardio mix 3x/week
22.0,Male,78.4,1.66,182.0,168.0,70.0,1.67,495.0,Strength,10.0,2.5,3.0,,19.29,28.451154013644945,296.4071856287425,112.0,0.9230769230769231,0.03188775510204082,-1,Moderate,Moderate cardio 2-3x/week
51.0,Female,87.1,1.77,185.0,126.0,60.0,1.46,990.0,Cardio,21.1,3.4,2.0,1.0,12.9,27.801717258769827,678.082191780822,125.0,0.6810810810810811,0.03903559127439725,-1,Moderate,Moderate cardio 2-3x/week
45.0,Male,76.3,1.67,177.0,168.0,50.0,1.41,1013.0,Cardio,11.6,3.1,3.0,3.0,14.42,27.358456739216177,718.4397163120568,127.0,0.9491525423728814,0.04062909567496724,-1,Moderate,Moderate cardio 2-3x/week
33.0,Female,75.5,1.85,181.0,147.0,59.0,1.22,1267.0,HIIT,21.8,2.8,3.0,2.0,18.19,22.059897735573408,1038.5245901639344,122.0,0.8121546961325967,0.037086092715231785,-1,Very Active,High-intensity interval training 3-4x/week
44.0,Female,49.3,1.55,193.0,168.0,72.0,1.48,918.0,Cardio,21.5,3.6,5.0,1.0,21.77,20.520291363163366,620.2702702702703,121.0,0.8704663212435233,0.07302231237322516,-1,Moderate,Moderate cardio 2-3x/week
56.0,Female,92.0,1.86,184.0,167.0,71.0,1.56,999.0,Cardio,24.2,2.1,5.0,3.0,31.52,26.59266967279454,640.3846153846154,113.0,0.907608695652174,0.02282608695652174,-1,Moderate,Moderate cardio 2-3x/week
35.0,Male,44.0,1.59,168.0,144.0,54.0,1.39,1040.0,,29.0,3.4,2.0,2.0,27.49,17.404374826945133,748.2014388489209,114.0,0.8571428571428571,0.07727272727272727,-1,Active,Strength and cardio mix 3x/week
46.0,Male,92.6,1.76,197.0,144.0,74.0,0.96,1291.0,HIIT,13.8,3.3,2.0,2.0,12.37,29.894111570247933,1344.7916666666667,123.0,0.7309644670050761,0.035637149028077755,-1,Very Active,High-intensity interval training 3-4x/week
23.0,Male,83.0,1.74,160.0,120.0,72.0,1.35,1628.0,Yoga,21.0,3.3,5.0,2.0,15.13,27.414453692693883,1205.9259259259259,88.0,0.75,0.03975903614457831,-1,Very Active,High-intensity interval training 3-4x/week
21.0,Female,78.5,1.8,179.0,169.0,59.0,1.64,683.0,Yoga,23.9,2.7,4.0,1.0,22.33,24.228395061728392,416.4634146341464,120.0,0.9441340782122905,0.034394904458598725,-1,Moderate,Moderate cardio 2-3x/week
56.0,Female,56.2,1.69,198.0,155.0,74.0,1.64,1486.0,Cardio,24.4,1.8,2.0,1.0,21.59,19.6771821714926,906.0975609756098,124.0,0.7828282828282829,0.03202846975088968,-1,Active,Strength and cardio mix 3x/week
58.0,Male,87.4,1.64,188.0,148.0,57.0,0.56,1249.0,Strength,10.0,3.5,3.0,3.0,16.94,32.495538370017854,2230.3571428571427,131.0,0.7872340425531915,0.04004576659038901,-1,Very Active,High-intensity interval training 3-4x/week
26.0,Male,92.2,1.59,176.0,143.0,55.0,1.57,1050.0,Strength,24.5,2.4,4.0,2.0,23.0,36.47007634191685,668.7898089171974,121.0,0.8125,0.026030368763557483,-1,Moderate,Moderate cardio 2-3x/week
18.0,Male,83.1,1.94,188.0,153.0,56.0,1.41,1180.0,Yoga,24.4,3.3,3.0,2.0,17.84,22.079923477521522,836.8794326241135,132.0,0.8138297872340425,0.039711191335740074,-1,Active,Strength and cardio mix 3x/week
18.0,Male,53.1,1.7,181.0,169.0,73.0,1.01,1740.0,Strength,23.8,2.3,4.0,1.0,,18.373702422145332,1722.7722772277227,108.0,0.9337016574585635,0.04331450094161958,-1,Very Active,High-intensity interval training 3-4x/week
53.0,Female,76.2,1.67,185.0,142.0,68.0,1.55,804.0,HIIT,25.5,3.4,3.0,1.0,18.46,27.322600308365306,518.7096774193549,117.0,0.7675675675675676,0.04461942257217848,-1,Moderate,Moderate cardio 2-3x/week
46.0,Female,48.4,1.82,163.0,163.0,68.0,1.51,1221.0,HIIT,19.2,3.7,5.0,2.0,12.32,14.611761864509116,808.6092715231788,95.0,1.0,0.07644628099173555,-1,Active,Strength and cardio mix 3x/week
24.0,Female,47.3,1.92,189.0,155.0,74.0,1.4,505.0,HIIT,29.5,3.4,5.0,2.0,12.34,12.830946180555555,360.7142857142857,115.0,0.8201058201058201,0.0718816067653277,-1,Moderate,Moderate cardio 2-3x/week
31.0,Female,71.4,1.68,180.0,143.0,68.0,1.37,606.0,Yoga,23.8,3.2,2.0,2.0,21.59,25.297619047619055,442.33576642335765,112.0,0.7944444444444444,0.04481792717086835,-1,Moderate,Moderate cardio 2-3x/week
24.0,Male,103.6,1.88,175.0,154.0,60.0,1.55,436.0,Yoga,20.9,3.2,3.0,1.0,13.85,29.31190583974649,281.2903225806452,115.0,0.88,0.030888030888030892,-1,Moderate,Moderate cardio 2-3x/week
35.0,Female,81.0,1.78,196.0,151.0,67.0,2.0,1246.0,HIIT,10.0,3.3,3.0,1.0,19.74,25.5649539199596,623.0,129.0,0.7704081632653061,0.04074074074074074,-1,Moderate,Moderate cardio 2-3x/week
55.0,Female,94.9,1.52,196.0,120.0,73.0,2.0,1309.0,HIIT,27.9,1.5,2.0,,12.32,41.07513850415513,654.5,123.0,0.6122448979591837,0.015806111696522653,-1,Moderate,Moderate cardio 2-3x/week
21.0,Female,80.0,1.67,167.0,169.0,57.0,0.94,899.0,\nStrength,29.8,3.1,3.0,2.0,17.15,28.685144680698485,956.3829787234043,110.0,1.0119760479041917,0.03875,-1,Moderate,Moderate cardio 2-3x/week
29.0,Female,40.0,1.77,191.0,169.0,58.0,1.2,613.0,Strength,22.2,2.2,4.0,2.0,29.56,12.767723195761114,510.83333333333337,133.0,0.8848167539267016,0.05500000000000001,-1,Moderate,Moderate cardio 2-3x/week
35.0,Male,69.5,1.68,172.0,155.0,59.0,1.78,1350.0,HIIT,23.6,1.6,3.0,,16.62,24.624433106575967,758.4269662921348,113.0,0.9011627906976745,0.02302158273381295,-1,Active,Strength and cardio mix 3x/week
37.0,Male,48.3,1.81,167.0,134.0,69.0,1.97,1276.0,Yoga,26.1,1.8,3.0,2.0,20.81,14.743139708800097,647.7157360406092,98.0,0.8023952095808383,0.037267080745341616,-1,Moderate,Moderate cardio 2-3x/week
18.0,Male,44.8,1.67,193.0,137.0,61.0,1.3,719.0,Yoga,21.6,2.3,4.0,1.0,12.32,16.06368102119115,553.0769230769231,132.0,0.7098445595854922,0.05133928571428571,-1,Moderate,Moderate cardio 2-3x/week
54.0,Male,68.9,1.78,187.0,155.0,60.0,1.42,913.0,,30.7,3.4,3.0,1.0,17.82,21.745991667718723,642.9577464788732,127.0,0.8288770053475936,0.049346879535558774,-1,Moderate,Moderate cardio 2-3x/week
44.0,Female,63.6,1.77,161.0,169.0,50.0,1.57,1283.0,Cardio,17.8,2.1,3.0,,17.92,20.300679881260173,817.1974522292993,111.0,1.049689440993789,0.0330188679245283,-1,Active,Strength and cardio mix 3x/week
27.0,Female,40.0,1.72,178.0,132.0,72.0,0.83,857.0,Cardio,27.3,3.2,4.0,2.0,17.8,13.520822065981614,1032.5301204819277,106.0,0.7415730337078652,0.08,-1,Less Active,Light exercise 1-2x/week
35.0,Female,66.7,1.72,171.0,153.0,65.0,1.15,776.0,HIIT,18.7,2.5,4.0,1.0,22.98,22.545970795024342,674.7826086956522,106.0,0.8947368421052632,0.037481259370314844,-1,Moderate,Moderate cardio 2-3x/week
44.0,Male,47.3,1.72,198.0,164.0,70.0,1.46,1103.0,Strength,26.7,1.5,4.0,,23.85,15.988372093023257,755.4794520547946,128.0,0.8282828282828283,0.031712473572938694,-1,Active,Strength and cardio mix 3x/week
39.0,Female,70.3,1.74,170.0,152.0,59.0,2.0,864.0,Cardio,20.4,1.5,3.0,2.0,17.03,23.219711983088914,432.0,111.0,0.8941176470588236,0.021337126600284497,-1,Moderate,Moderate cardio 2-3x/week
26.0,Male,57.8,1.61,162.0,135.0,65.0,1.91,684.0,Yoga,18.2,3.7,3.0,1.0,12.32,22.298522433548086,358.1151832460733,97.0,0.8333333333333334,0.06401384083044984,-1,Moderate,Moderate cardio 2-3x/week
18.0,Male,40.0,1.72,193.0,138.0,74.0,1.41,726.0,Yoga,28.0,3.7,2.0,3.0,32.62,13.520822065981614,514.8936170212767,119.0,0.7150259067357513,0.0925,-1,Moderate,Moderate cardio 2-3x/week
33.0,Male,79.8,1.53,172.0,148.0,72.0,1.98,1132.0,Yoga,14.7,1.7,3.0,2.0,16.6,34.08945277457388,571.7171717171717,100.0,0.8604651162790697,0.021303258145363407,-1,Moderate,Moderate cardio 2-3x/week
18.0,,75.8,1.99,191.0,167.0,71.0,1.53,850.0,HIIT,10.0,3.5,4.0,1.0,15.4,19.140930784576145,555.5555555555555,120.0,0.8743455497382199,0.04617414248021108,-1,Moderate,Moderate cardio 2-3x/week
47.0,Female,74.7,1.77,195.0,130.0,68.0,1.93,1056.0,HIIT,22.1,3.4,4.0,2.0,24.44,23.843723068083882,547.1502590673575,127.0,0.6666666666666666,0.04551539491298527,-1,Moderate,Moderate cardio 2-3x/week
38.0,Male,101.8,1.51,163.0,169.0,72.0,1.42,1384.0,Strength,25.6,3.3,4.0,1.0,20.89,44.64716459804394,974.6478873239437,91.0,1.0368098159509203,0.03241650294695481,-1,Very Active,High-intensity interval training 3-4x/week
42.0,Female,86.7,1.7,196.0,135.0,68.0,1.22,923.0,Strength,27.2,3.2,3.0,2.0,17.49,30.000000000000004,756.5573770491803,128.0,0.6887755102040817,0.03690888119953864,-1,Moderate,Moderate cardio 2-3x/week
18.0,Male,40.9,1.87,160.0,140.0,50.0,1.28,1261.0,HIIT,17.1,2.1,4.0,2.0,39.61,11.69607366524636,985.15625,110.0,0.875,0.05134474327628362,-1,Very Active,High-intensity interval training 3-4x/week
28.0,Male,87.3,1.51,190.0,168.0,56.0,2.0,1306.0,Yoga,32.0,2.3,4.0,2.0,14.46,38.287794394982676,653.0,134.0,0.8842105263157894,0.026345933562428408,-1,Moderate,Moderate cardio 2-3x/week
26.0,Male,89.2,1.81,161.0,169.0,61.0,1.34,820.0,Strength,23.5,2.6,4.0,1.0,27.63,27.227496108177405,611.9402985074627,100.0,1.049689440993789,0.02914798206278027,-1,Moderate,Moderate cardio 2-3x/week
30.0,Male,100.1,1.76,170.0,160.0,55.0,1.43,1694.0,HIIT,25.9,1.8,3.0,2.0,15.73,32.31534090909091,1184.6153846153848,115.0,0.9411764705882353,0.017982017982017984,-1,Very Active,High-intensity interval training 3-4x/week
18.0,Female,80.8,1.85,188.0,141.0,74.0,1.19,838.0,Yoga,12.1,3.5,2.0,1.0,14.81,23.608473338203066,704.2016806722689,114.0,0.75,0.04331683168316832,-1,Moderate,Moderate cardio 2-3x/week
58.0,Female,68.6,1.72,164.0,155.0,72.0,1.23,797.0,Yoga,27.2,2.5,2.0,1.0,12.32,23.188209843158464,647.9674796747968,92.0,0.9451219512195121,0.03644314868804665,-1,Moderate,Moderate cardio 2-3x/week
46.0,Female,45.7,1.96,168.0,137.0,64.0,1.38,1303.0,Strength,29.8,3.3,2.0,2.0,22.82,11.896084964598085,944.2028985507247,104.0,0.8154761904761905,0.07221006564551422,-1,Active,Strength and cardio mix 3x/week
19.0,Female,55.2,1.71,172.0,136.0,74.0,1.93,670.0,Yoga,10.0,3.1,4.0,1.0,20.85,18.877603365137993,347.1502590673575,98.0,0.7906976744186046,0.05615942028985507,-1,Moderate,Moderate cardio 2-3x/week
31.0,Female,91.7,1.74,172.0,166.0,56.0,1.28,892.0,Yoga,19.8,3.1,4.0,3.0,12.32,30.28801691108469,696.875,116.0,0.9651162790697675,0.03380588876772083,-1,Moderate,Moderate cardio 2-3x/week
47.0,Male,78.7,1.69,170.0,144.0,57.0,1.0,845.0,Yoga,24.5,1.9,4.0,1.0,22.0,27.555057596022554,845.0,113.0,0.8470588235294118,0.0241423125794155,-1,Moderate,Moderate cardio 2-3x/week
28.0,Female,40.0,1.57,165.0,169.0,68.0,1.04,669.0,Cardio,30.2,2.6,2.0,2.0,15.05,16.227838857560144,643.2692307692307,97.0,1.0242424242424242,0.065,-1,Less Active,Light exercise 1-2x/week
22.0,Male,47.1,1.87,165.0,132.0,68.0,0.72,674.0,Strength,31.7,3.2,2.0,2.0,34.98,13.469072607166346,936.1111111111112,97.0,0.8,0.06794055201698514,-1,Less Active,Light exercise 1-2x/week
23.0,Male,85.1,1.79,194.0,138.0,55.0,1.16,829.0,Strength,23.7,2.6,4.0,2.0,19.2,26.55972035829094,714.6551724137931,139.0,0.711340206185567,0.030552291421856642,-1,Moderate,Moderate cardio 2-3x/week
48.0,Female,87.9,1.5,180.0,164.0,68.0,1.41,974.0,Yoga,22.1,2.6,4.0,1.0,13.04,39.06666666666667,690.7801418439717,112.0,0.9111111111111111,0.02957906712172924,-1,Moderate,Moderate cardio 2-3x/week
24.0,Female,74.2,1.58,177.0,140.0,71.0,1.28,780.0,Strength,23.6,1.9,4.0,2.0,30.92,29.722800833199805,609.375,106.0,0.7909604519774012,0.025606469002695417,-1,Moderate,Moderate cardio 2-3x/week
22.0,Male,49.6,1.87,190.0,137.0,54.0,1.6,1326.0,HIIT,30.5,1.9,5.0,1.0,14.25,14.183991535359889,828.75,136.0,0.7210526315789474,0.03830645161290322,-1,Active,Strength and cardio mix 3x/week
18.0,Male,63.9,1.86,161.0,147.0,51.0,1.83,1178.0,Strength,24.0,3.3,2.0,1.0,24.05,18.470343392299686,643.7158469945355,110.0,0.9130434782608695,0.05164319248826291,-1,Moderate,Moderate cardio 2-3x/week
43.0,Male,75.0,1.8,170.0,141.0,61.0,1.09,790.0,Yoga,32.8,2.4,3.0,2.0,,23.148148148148145,724.7706422018348,109.0,0.8294117647058824,0.032,-1,Moderate,Moderate cardio 2-3x/week
54.0,Male,69.8,1.75,170.0,131.0,72.0,1.29,954.0,Strength,32.0,3.2,2.0,1.0,21.66,22.791836734693877,739.5348837209302,98.0,0.7705882352941177,0.04584527220630373,-1,Moderate,Moderate cardio 2-3x/week
42.0,Female,40.5,1.64,196.0,137.0,59.0,1.12,1150.0,Yoga,13.4,3.7,5.0,2.0,12.32,15.058001189767998,1026.7857142857142,137.0,0.6989795918367347,0.09135802469135802,-1,Active,Strength and cardio mix 3x/week
18.0,Female,43.8,1.96,193.0,142.0,50.0,1.03,1590.0,Strength,29.7,3.6,2.0,3.0,21.88,11.401499375260308,1543.6893203883494,143.0,0.7357512953367875,0.08219178082191782,-1,Very Active,High-intensity interval training 3-4x/week
24.0,Female,45.7,1.63,199.0,144.0,71.0,0.94,1137.0,Yoga,19.6,1.8,2.0,3.0,12.32,17.200496819601796,1209.5744680851064,128.0,0.7236180904522613,0.039387308533916844,-1,Active,Strength and cardio mix 3x/week
25.0,Male,40.8,1.69,194.0,145.0,54.0,1.65,1353.0,HIIT,24.4,2.5,4.0,1.0,22.31,14.28521410314765,820.0,140.0,0.7474226804123711,0.06127450980392157,-1,Active,Strength and cardio mix 3x/week
59.0,Male,82.0,1.51,185.0,121.0,70.0,1.82,625.0,Strength,28.5,2.2,4.0,3.0,24.72,35.963334941449936,343.4065934065934,115.0,0.654054054054054,0.02682926829268293,-1,Moderate,Moderate cardio 2-3x/week
29.0,Female,60.9,1.92,192.0,151.0,67.0,1.5,1407.0,Cardio,18.0,3.5,5.0,1.0,43.3,16.520182291666668,938.0,125.0,0.7864583333333334,0.05747126436781609,-1,Active,Strength and cardio mix 3x/week
27.0,Male,55.0,1.68,169.0,136.0,64.0,1.07,1389.0,Cardio,24.6,2.1,4.0,2.0,18.54,19.48696145124717,1298.1308411214952,105.0,0.8047337278106509,0.038181818181818185,-1,Very Active,High-intensity interval training 3-4x/week
34.0,Female,80.0,2.0,173.0,125.0,56.0,1.82,773.0,Strength,22.3,2.8,4.0,2.0,14.62,20.0,424.7252747252747,117.0,0.7225433526011561,0.034999999999999996,-1,Moderate,Moderate cardio 2-3x/week
24.0,Male,44.3,1.65,189.0,129.0,56.0,1.9,972.0,Yoga,27.8,3.3,2.0,1.0,15.86,16.271808999081728,511.5789473684211,133.0,0.6825396825396826,0.0744920993227991,-1,Moderate,Moderate cardio 2-3x/week
24.0,Male,63.6,1.74,199.0,135.0,61.0,1.31,486.0,HIIT,26.1,2.2,2.0,3.0,25.85,21.00673801030519,370.9923664122137,138.0,0.678391959798995,0.03459119496855346,-1,Moderate,Moderate cardio 2-3x/week
29.0,Female,50.2,1.89,197.0,125.0,51.0,1.46,1286.0,Strength,27.6,3.3,2.0,3.0,15.27,14.053357968701885,880.8219178082192,146.0,0.6345177664974619,0.06573705179282868,-1,Active,Strength and cardio mix 3x/week
58.0,Male,43.6,1.67,176.0,142.0,74.0,1.13,1089.0,HIIT,26.7,3.4,4.0,2.0,28.29,15.633403850980674,963.7168141592921,102.0,0.8068181818181818,0.07798165137614678,-1,Active,Strength and cardio mix 3x/week
38.0,Male,60.5,1.72,187.0,139.0,50.0,1.34,1096.0,Yoga,20.9,3.7,4.0,2.0,25.58,20.45024337479719,817.910447761194,137.0,0.7433155080213903,0.061157024793388436,-1,Active,Strength and cardio mix 3x/week
39.0,Female,76.7,1.86,193.0,122.0,65.0,1.29,1770.0,\tYoga,23.1,3.2,3.0,1.0,17.75,22.170193085905883,1372.093023255814,128.0,0.6321243523316062,0.041720990873533245,-1,Very Active,High-intensity interval training 3-4x/week
18.0,Male,71.9,1.88,177.0,159.0,57.0,2.0,1571.0,Yoga,10.0,2.4,3.0,2.0,15.96,20.34291534631055,785.5,120.0,0.8983050847457628,0.03337969401947148,-1,Active,Strength and cardio mix 3x/week
25.0,Female,59.2,1.84,168.0,160.0,51.0,1.53,1476.0,Yoga,25.1,3.7,4.0,2.0,13.81,17.485822306238184,964.7058823529411,117.0,0.9523809523809523,0.0625,-1,Very Active,High-intensity interval training 3-4x/week
27.0,Male,57.4,1.89,193.0,128.0,51.0,0.92,1121.0,Yoga,22.4,3.5,4.0,2.0,16.0,16.068979031941996,1218.4782608695652,142.0,0.6632124352331606,0.06097560975609756,-1,Active,Strength and cardio mix 3x/week
33.0,Male,69.5,1.75,178.0,131.0,74.0,1.51,1651.0,Strength,32.4,1.6,3.0,3.0,21.58,22.693877551020407,1093.3774834437086,104.0,0.7359550561797753,0.02302158273381295,-1,Very Active,High-intensity interval training 3-4x/week
23.0,Male,47.4,1.96,161.0,142.0,65.0,1.18,441.0,Cardio,18.7,1.6,3.0,1.0,21.34,12.338608912952937,373.7288135593221,96.0,0.8819875776397516,0.03375527426160338,-1,Moderate,Moderate cardio 2-3x/week
33.0,Male,76.5,1.75,198.0,139.0,57.0,1.22,984.0,Strength,12.5,3.4,3.0,1.0,32.82,24.979591836734695,806.5573770491803,141.0,0.702020202020202,0.044444444444444446,-1,Moderate,Moderate cardio 2-3x/week
18.0,Female,53.5,1.68,198.0,134.0,74.0,1.9,368.0,HIIT,28.1,3.1,5.0,2.0,23.57,18.955498866213155,193.6842105263158,124.0,0.6767676767676768,0.05794392523364486,-1,Moderate,Moderate cardio 2-3x/week
25.0,Female,83.1,1.72,182.0,167.0,67.0,0.89,771.0,Strength,23.8,2.3,4.0,1.0,12.32,28.0895078420768,866.2921348314607,115.0,0.9175824175824175,0.027677496991576414,-1,Moderate,Moderate cardio 2-3x/week
47.0,Female,70.4,1.93,177.0,153.0,74.0,1.28,846.0,Strength,23.5,1.6,3.0,2.0,12.32,18.899836237214423,660.9375,103.0,0.864406779661017,0.022727272727272728,-1,Moderate,Moderate cardio 2-3x/week
39.0,Female,50.3,1.94,164.0,160.0,66.0,0.58,992.0,Cardio,10.0,2.9,4.0,1.0,14.72,13.36486342863216,1710.344827586207,98.0,0.975609756097561,0.05765407554671968,-1,Less Active,Light exercise 1-2x/week
28.0,Female,65.3,1.68,161.0,145.0,73.0,0.72,408.0,HIIT,32.4,1.7,5.0,,25.26,23.136337868480727,566.6666666666667,88.0,0.9006211180124224,0.026033690658499236,-1,Less Active,Light exercise 1-2x/week
20.0,Male,66.2,1.85,196.0,120.0,58.0,0.84,420.0,HIIT,24.9,1.5,4.0,1.0,12.32,19.342585829072316,500.0,138.0,0.6122448979591837,0.022658610271903322,-1,Moderate,Moderate cardio 2-3x/week
19.0,Female,51.4,1.84,169.0,152.0,58.0,1.14,1175.0,\tCardio,20.9,3.5,5.0,3.0,16.95,15.181947069943288,1030.701754385965,111.0,0.8994082840236687,0.06809338521400779,-1,Active,Strength and cardio mix 3x/week
58.0,Female,78.3,1.52,176.0,123.0,74.0,1.49,1063.0,Cardio,30.5,3.4,3.0,2.0,25.33,33.89023545706371,713.4228187919463,102.0,0.6988636363636364,0.04342273307790549,-1,Moderate,Moderate cardio 2-3x/week
31.0,Female,79.4,1.56,171.0,126.0,69.0,1.42,963.0,Cardio,21.3,3.1,3.0,3.0,26.3,32.626561472715316,678.1690140845071,102.0,0.7368421052631579,0.03904282115869018,-1,Moderate,Moderate cardio 2-3x/week
25.0,Male,72.5,1.78,177.0,142.0,67.0,1.99,1047.0,HIIT,27.4,3.0,4.0,3.0,12.32,22.88221184193915,526.1306532663317,110.0,0.8022598870056498,0.041379310344827586,-1,Moderate,Moderate cardio 2-3x/week
21.0,Male,92.1,1.77,175.0,167.0,74.0,1.66,737.0,Cardio,25.3,3.3,4.0,2.0,17.16,29.397682658239965,443.9759036144579,101.0,0.9542857142857143,0.035830618892508145,-1,Moderate,Moderate cardio 2-3x/week
55.0,Female,72.6,1.55,191.0,137.0,50.0,2.0,1084.0,Cardio,24.1,2.5,3.0,2.0,19.76,30.21852237252861,542.0,141.0,0.7172774869109948,0.03443526170798898,-1,Moderate,Moderate cardio 2-3x/week
40.0,Male,76.7,1.68,177.0,133.0,57.0,0.89,984.0,Cardio,27.3,3.1,2.0,3.0,23.76,27.175453514739235,1105.6179775280898,120.0,0.751412429378531,0.04041720990873533,-1,Moderate,Moderate cardio 2-3x/week
39.0,Male,91.0,1.73,165.0,169.0,72.0,1.49,813.0,Strength,23.3,3.4,2.0,3.0,22.08,30.405292525644022,545.6375838926175,93.0,1.0242424242424242,0.03736263736263736,-1,Moderate,Moderate cardio 2-3x/week
26.0,Female,78.3,1.58,184.0,141.0,68.0,1.5,1436.0,Yoga,15.0,3.7,3.0,1.0,28.61,31.365165838807876,957.3333333333334,116.0,0.7663043478260869,0.04725415070242657,-1,Active,Strength and cardio mix 3x/week
26.0,Female,54.2,1.64,190.0,151.0,65.0,0.82,1184.0,Yoga,16.7,3.3,2.0,1.0,19.39,20.151695419393224,1443.9024390243903,125.0,0.7947368421052632,0.060885608856088555,-1,Active,Strength and cardio mix 3x/week
18.0,Male,83.2,1.62,169.0,156.0,57.0,1.37,871.0,Cardio,10.0,2.5,4.0,,18.69,31.70248437738149,635.7664233576642,112.0,0.9230769230769231,0.03004807692307692,-1,Moderate,Moderate cardio 2-3x/week
19.0,Female,64.8,1.6,189.0,149.0,59.0,0.5,880.0,\tYoga,22.3,1.9,4.0,2.0,21.61,25.312499999999993,1760.0,130.0,0.7883597883597884,0.029320987654320986,-1,Moderate,Moderate cardio 2-3x/week
25.0,Female,45.5,1.58,182.0,136.0,69.0,2.0,1137.0,Yoga,17.4,1.7,2.0,2.0,15.04,18.226245793943274,568.5,113.0,0.7472527472527473,0.03736263736263736,-1,Moderate,Moderate cardio 2-3x/week
42.0,Female,59.0,1.89,175.0,142.0,63.0,1.25,1092.0,HIIT,27.7,3.5,5.0,1.0,17.68,16.516894823773132,873.6,112.0,0.8114285714285714,0.059322033898305086,-1,Active,Strength and cardio mix 3x/week
43.0,Female,89.2,1.73,163.0,135.0,67.0,1.51,1367.0,Yoga,14.5,3.5,3.0,1.0,25.4,29.80386915700491,905.2980132450331,96.0,0.8282208588957055,0.03923766816143497,-1,Active,Strength and cardio mix 3x/week
47.0,Female,108.3,1.67,176.0,169.0,69.0,1.07,1204.0,Yoga,27.6,3.7,2.0,2.0,13.44,38.83251461149557,1125.233644859813,107.0,0.9602272727272727,0.034164358264081256,-1,Active,Strength and cardio mix 3x/week
30.0,Male,87.9,1.62,178.0,138.0,65.0,1.68,1205.0,Yoga,20.9,2.6,4.0,,34.99,33.493369913123,717.2619047619048,113.0,0.7752808988764045,0.02957906712172924,-1,Moderate,Moderate cardio 2-3x/week
48.0,Female,45.9,1.94,169.0,141.0,74.0,1.13,1507.0,Cardio,29.1,3.2,5.0,2.0,12.32,12.195770007439686,1333.628318584071,95.0,0.834319526627219,0.06971677559912855,-1,Very Active,High-intensity interval training 3-4x/week
18.0,Male,107.0,1.75,177.0,155.0,71.0,2.0,645.0,Strength,27.0,3.2,5.0,2.0,27.94,34.93877551020408,322.5,106.0,0.8757062146892656,0.029906542056074768,-1,Moderate,Moderate cardio 2-3x/week
39.0,Male,40.7,1.84,197.0,145.0,55.0,1.48,1128.0,Strength,25.3,1.5,4.0,1.0,22.28,12.021502835538753,762.1621621621622,142.0,0.7360406091370558,0.036855036855036855,-1,Active,Strength and cardio mix 3x/week
50.0,Female,88.5,2.0,181.0,146.0,72.0,1.33,1088.0,Cardio,11.9,2.3,4.0,1.0,17.26,22.125,818.0451127819548,109.0,0.8066298342541437,0.02598870056497175,-1,Active,Strength and cardio mix 3x/week
43.0,Female,79.0,1.73,186.0,158.0,55.0,1.2,1146.0,Cardio,25.2,3.6,4.0,2.0,19.64,26.395803401383272,955.0,131.0,0.8494623655913979,0.04556962025316456,-1,Active,Strength and cardio mix 3x/week
27.0,Female,40.0,1.85,177.0,156.0,65.0,1.58,1014.0,Cardio,24.0,3.7,5.0,3.0,22.49,11.68736303871439,641.7721518987341,112.0,0.8813559322033898,0.0925,-1,Moderate,Moderate cardio 2-3x/week
19.0,Male,51.8,1.6,176.0,159.0,72.0,1.14,574.0,Cardio,25.3,2.0,4.0,2.0,16.69,20.234374999999996,503.5087719298246,104.0,0.9034090909090909,0.03861003861003861,-1,Less Active,Light exercise 1-2x/week
38.0,Female,89.3,1.58,184.0,135.0,58.0,1.58,995.0,HIIT,24.0,2.9,4.0,3.0,19.02,35.77151097580515,629.746835443038,126.0,0.7336956521739131,0.032474804031354984,-1,Moderate,Moderate cardio 2-3x/week
27.0,,80.0,1.86,177.0,153.0,74.0,0.9,886.0,Strength,25.1,1.6,2.0,1.0,19.41,23.12406058503873,984.4444444444445,103.0,0.864406779661017,0.02,-1,Less Active,Light exercise 1-2x/week
33.0,Male,40.0,1.75,185.0,125.0,54.0,2.0,870.0,Yoga,18.7,1.8,3.0,1.0,17.77,13.061224489795919,435.0,131.0,0.6756756756756757,0.045,-1,Moderate,Moderate cardio 2-3x/week
50.0,Female,102.6,1.62,198.0,138.0,66.0,1.48,1149.0,HIIT,10.0,2.7,5.0,2.0,18.48,39.094650205761305,776.3513513513514,132.0,0.696969696969697,0.026315789473684213,-1,Active,Strength and cardio mix 3x/week
18.0,Male,69.2,1.62,164.0,167.0,62.0,1.5,1721.0,HIIT,25.0,2.3,5.0,1.0,33.3,26.367931717725952,1147.3333333333333,102.0,1.0182926829268293,0.033236994219653176,-1,Very Active,High-intensity interval training 3-4x/week
19.0,Male,75.3,1.67,166.0,130.0,58.0,1.22,928.0,HIIT,27.4,3.2,3.0,2.0,23.17,26.999892430707447,760.655737704918,108.0,0.7831325301204819,0.042496679946879154,-1,Moderate,Moderate cardio 2-3x/week
45.0,Male,45.9,1.51,195.0,142.0,57.0,1.64,303.0,Cardio,29.8,2.7,3.0,1.0,12.32,20.130696022104292,184.75609756097563,138.0,0.7282051282051282,0.05882352941176471,-1,Moderate,Moderate cardio 2-3x/week
59.0,Male,66.9,1.57,178.0,120.0,71.0,1.44,1153.0,Yoga,27.5,3.3,2.0,2.0,20.4,27.141060489269343,800.6944444444445,107.0,0.6741573033707865,0.049327354260089676,-1,Active,Strength and cardio mix 3x/week
42.0,Female,50.3,1.69,199.0,159.0,69.0,0.95,1293.0,Yoga,14.8,3.2,3.0,2.0,,17.61142817128252,1361.0526315789475,130.0,0.7989949748743719,0.06361829025844931,-1,Very Active,High-intensity interval training 3-4x/week
37.0,Male,44.2,1.5,194.0,154.0,74.0,1.11,612.0,Cardio,24.0,3.5,2.0,2.0,20.62,19.644444444444446,551.3513513513514,120.0,0.7938144329896907,0.07918552036199095,-1,Moderate,Moderate cardio 2-3x/week
18.0,Female,46.0,1.79,177.0,140.0,68.0,2.0,1386.0,Cardio,23.6,3.2,3.0,2.0,18.0,14.356605599076184,693.0,109.0,0.7909604519774012,0.06956521739130435,-1,Moderate,Moderate cardio 2-3x/week
54.0,Male,46.3,1.62,161.0,138.0,60.0,1.03,1175.0,HIIT,32.2,2.5,4.0,2.0,19.44,17.642127724432246,1140.7766990291261,101.0,0.8571428571428571,0.05399568034557236,-1,Active,Strength and cardio mix 3x/week
24.0,Male,87.1,1.9,196.0,122.0,51.0,1.42,1153.0,Yoga,27.6,3.3,3.0,1.0,36.55,24.127423822714682,811.9718309859155,145.0,0.6224489795918368,0.03788748564867968,-1,Active,Strength and cardio mix 3x/week
43.0,Female,40.0,1.89,169.0,134.0,54.0,0.57,1267.0,HIIT,21.4,1.5,4.0,2.0,12.32,11.197894795778394,2222.8070175438597,115.0,0.7928994082840237,0.0375,-1,Very Active,High-intensity interval training 3-4x/week
18.0,Female,49.3,1.71,162.0,160.0,52.0,1.23,375.0,Yoga,29.4,3.4,5.0,,14.06,16.859888512704764,304.8780487804878,110.0,0.9876543209876543,0.06896551724137931,-1,Moderate,Moderate cardio 2-3x/week
18.0,Female,67.9,1.81,194.0,137.0,73.0,1.19,1405.0,Cardio,33.8,3.2,2.0,1.0,12.32,20.72586306889289,1180.672268907563,121.0,0.7061855670103093,0.047128129602356406,-1,Very Active,High-intensity interval training 3-4x/week
33.0,Male,49.7,1.82,179.0,169.0,71.0,1.55,968.0,Cardio,32.2,3.6,4.0,3.0,21.87,15.00422654268808,624.516129032258,108.0,0.9441340782122905,0.07243460764587525,-1,Moderate,Moderate cardio 2-3x/week
49.0,Male,88.4,1.75,192.0,145.0,74.0,1.27,493.0,Yoga,23.5,2.2,3.0,1.0,12.42,28.86530612244898,388.18897637795277,118.0,0.7552083333333334,0.0248868778280543,-1,Moderate,Moderate cardio 2-3x/week
19.0,Male,129.9,1.82,182.0,158.0,70.0,1.44,1155.0,Cardio,20.2,3.6,,1.0,17.37,39.21627822726724,802.0833333333334,112.0,0.8681318681318682,0.027713625866050806,-1,Active,Strength and cardio mix 3x/week
35.0,Male,40.3,1.79,183.0,120.0,68.0,1.24,1420.0,Strength,14.5,1.7,5.0,1.0,13.37,12.577634905277613,1145.1612903225807,115.0,0.6557377049180327,0.04218362282878412,-1,Very Active,High-intensity interval training 3-4x/week
34.0,Male,72.1,1.78,167.0,163.0,58.0,0.84,536.0,HIIT,12.1,2.9,3.0,2.0,12.32,22.755965155914655,638.0952380952381,109.0,0.9760479041916168,0.04022191400832178,-1,Moderate,Moderate cardio 2-3x/week
50.0,Female,103.8,1.54,185.0,169.0,56.0,2.0,766.0,HIIT,27.3,3.1,3.0,1.0,12.32,43.76792039129702,383.0,129.0,0.9135135135135135,0.029865125240847785,-1,Moderate,Moderate cardio 2-3x/week
18.0,Male,41.0,1.97,189.0,149.0,63.0,1.64,596.0,Strength,,1.8,2.0,2.0,12.32,10.56455976706434,363.4146341463415,126.0,0.7883597883597884,0.04390243902439025,-1,Moderate,Moderate cardio 2-3x/week
36.0,Female,85.1,1.73,194.0,156.0,74.0,1.41,1024.0,Cardio,28.9,3.5,4.0,3.0,13.22,28.433960372882485,726.2411347517731,120.0,0.8041237113402062,0.041128084606345476,-1,Moderate,Moderate cardio 2-3x/week
18.0,Male,81.0,1.64,175.0,169.0,74.0,1.99,878.0,Yoga,21.7,1.5,2.0,3.0,13.42,30.116002379535995,441.20603015075375,101.0,0.9657142857142857,0.018518518518518517,-1,Moderate,Moderate cardio 2-3x/week
47.0,Female,74.1,1.87,168.0,123.0,70.0,0.95,1030.0,Yoga,14.8,1.5,3.0,1.0,21.54,21.190197031656606,1084.2105263157896,98.0,0.7321428571428571,0.020242914979757085,-1,Active,Strength and cardio mix 3x/week
32.0,,72.1,1.71,173.0,156.0,72.0,1.61,606.0,HIIT,12.0,2.7,2.0,2.0,17.91,24.657159467870457,376.3975155279503,101.0,0.9017341040462428,0.03744798890429959,-1,Moderate,Moderate cardio 2-3x/week
45.0,Female,47.9,1.71,194.0,169.0,70.0,0.78,772.0,HIIT,23.5,2.8,3.0,2.0,20.37,16.381108717212136,989.7435897435897,124.0,0.8711340206185567,0.05845511482254697,-1,Moderate,Moderate cardio 2-3x/week
25.0,Male,113.3,1.75,187.0,155.0,74.0,1.44,564.0,Strength,22.1,1.6,3.0,2.0,21.36,36.99591836734694,391.6666666666667,113.0,0.8288770053475936,0.01412180052956752,-1,Moderate,Moderate cardio 2-3x/week
23.0,Male,56.8,1.83,197.0,152.0,56.0,1.22,1193.0,Cardio,23.2,1.6,4.0,2.0,,16.960793096240554,977.8688524590165,141.0,0.7715736040609137,0.028169014084507046,-1,Active,Strength and cardio mix 3x/week
23.0,Female,78.2,1.9,180.0,131.0,55.0,0.85,888.0,Strength,16.2,2.3,3.0,1.0,29.89,21.662049861495845,1044.7058823529412,125.0,0.7277777777777777,0.02941176470588235,-1,Moderate,Moderate cardio 2-3x/week
59.0,Male,40.0,1.78,179.0,139.0,59.0,1.16,483.0,HIIT,19.7,3.7,,1.0,19.22,12.624668602449185,416.3793103448276,120.0,0.776536312849162,0.0925,-1,Moderate,Moderate cardio 2-3x/week
23.0,Female,69.2,1.73,180.0,165.0,70.0,2.0,765.0,HIIT,23.3,1.8,4.0,2.0,21.96,23.121387283236995,382.5,110.0,0.9166666666666666,0.02601156069364162,-1,Moderate,Moderate cardio 2-3x/week
48.0,Female,91.3,1.58,175.0,152.0,72.0,1.25,1576.0,Yoga,28.9,3.4,2.0,2.0,19.62,36.57266463707739,1260.8,103.0,0.8685714285714285,0.03723986856516977,-1,Very Active,High-intensity interval training 3-4x/week
46.0,Male,68.2,1.88,172.0,167.0,70.0,1.41,723.0,Strength,17.2,2.6,5.0,1.0,32.75,19.296061566319604,512.7659574468086,102.0,0.9709302325581395,0.03812316715542522,-1,Moderate,Moderate cardio 2-3x/week
18.0,Female,45.1,1.86,182.0,169.0,64.0,0.92,1482.0,Strength,25.5,3.7,2.0,3.0,18.99,13.036189154815585,1610.8695652173913,118.0,0.9285714285714286,0.082039911308204,-1,Very Active,High-intensity interval training 3-4x/week
20.0,Male,70.5,1.65,179.0,144.0,74.0,0.6,1151.0,Yoga,15.5,3.5,2.0,2.0,12.32,25.895316804407717,1918.3333333333335,105.0,0.8044692737430168,0.04964539007092199,-1,Active,Strength and cardio mix 3x/week
18.0,Female,54.2,1.68,199.0,137.0,74.0,1.67,972.0,HIIT,14.1,3.4,2.0,,15.66,19.20351473922903,582.0359281437126,125.0,0.6884422110552764,0.06273062730627306,-1,Moderate,Moderate cardio 2-3x/week
18.0,Female,83.6,1.86,170.0,162.0,74.0,0.83,732.0,HIIT,22.7,2.8,2.0,3.0,24.77,24.16464331136547,881.9277108433736,96.0,0.9529411764705882,0.03349282296650718,-1,Less Active,Light exercise 1-2x/week
37.0,Female,58.0,1.6,168.0,143.0,52.0,1.28,834.0,Strength,21.0,3.6,4.0,2.0,22.2,22.656249999999996,651.5625,116.0,0.8511904761904762,0.06206896551724138,-1,Moderate,Moderate cardio 2-3x/week
52.0,Female,40.0,1.91,194.0,151.0,59.0,1.96,535.0,HIIT,23.4,1.5,4.0,2.0,23.62,10.964611715687619,272.9591836734694,135.0,0.7783505154639175,0.0375,-1,Moderate,Moderate cardio 2-3x/week
30.0,Female,40.0,1.62,166.0,164.0,73.0,1.23,1046.0,Yoga,25.2,3.7,5.0,3.0,14.53,15.241579027587255,850.4065040650406,93.0,0.9879518072289156,0.0925,-1,Active,Strength and cardio mix 3x/week
23.0,Female,83.5,1.5,194.0,142.0,63.0,2.0,767.0,Yoga,25.8,2.9,4.0,2.0,12.32,37.111111111111114,383.5,131.0,0.7319587628865979,0.03473053892215569,-1,Moderate,Moderate cardio 2-3x/week
22.0,Female,81.9,1.8,163.0,146.0,74.0,1.15,971.0,HIIT,22.4,2.5,5.0,,28.26,25.27777777777778,844.3478260869566,89.0,0.8957055214723927,0.030525030525030524,-1,Moderate,Moderate cardio 2-3x/week
40.0,Male,45.2,1.74,180.0,136.0,74.0,1.08,1058.0,\tYoga,26.0,3.3,,3.0,18.36,14.929316950720043,979.6296296296296,106.0,0.7555555555555555,0.07300884955752211,-1,Active,Strength and cardio mix 3x/week
49.0,Male,60.2,1.62,162.0,155.0,72.0,1.11,1105.0,\nStrength,23.4,3.1,3.0,1.0,16.85,22.93857643651882,995.4954954954954,90.0,0.9567901234567902,0.05149501661129568,-1,Active,Strength and cardio mix 3x/week
51.0,,47.3,1.74,194.0,148.0,55.0,2.0,1259.0,Strength,28.8,3.1,3.0,1.0,24.75,15.622935658607476,629.5,139.0,0.7628865979381443,0.06553911205073996,-1,Moderate,Moderate cardio 2-3x/week
28.0,Male,69.3,1.61,187.0,140.0,53.0,1.12,998.0,HIIT,17.6,2.8,,3.0,32.49,26.73507966513637,891.0714285714284,134.0,0.7486631016042781,0.0404040404040404,-1,Moderate,Moderate cardio 2-3x/week
33.0,Female,40.0,1.79,189.0,144.0,67.0,2.0,1285.0,HIIT,27.2,2.6,3.0,2.0,15.69,12.484004868761899,642.5,122.0,0.7619047619047619,0.065,-1,Moderate,Moderate cardio 2-3x/week
48.0,Male,87.3,2.0,190.0,159.0,61.0,1.97,897.0,Yoga,10.7,3.5,5.0,3.0,18.2,21.825,455.3299492385787,129.0,0.8368421052631579,0.04009163802978236,-1,Moderate,Moderate cardio 2-3x/week
49.0,Male,40.0,1.77,175.0,127.0,73.0,1.2,1109.0,Yoga,24.7,2.4,3.0,3.0,25.41,12.767723195761114,924.1666666666667,102.0,0.7257142857142858,0.06,-1,Active,Strength and cardio mix 3x/week
18.0,Male,50.9,1.73,170.0,137.0,58.0,1.43,804.0,Strength,23.5,3.7,2.0,2.0,17.61,17.006916368739347,562.2377622377622,112.0,0.8058823529411765,0.07269155206286837,-1,Moderate,Moderate cardio 2-3x/week
55.0,Female,59.9,1.53,178.0,157.0,54.0,1.23,1044.0,HIIT,26.9,3.4,4.0,1.0,31.33,25.588448887180142,848.780487804878,124.0,0.8820224719101124,0.05676126878130217,-1,Active,Strength and cardio mix 3x/week
44.0,Male,66.8,1.97,194.0,126.0,65.0,1.66,1382.0,HIIT,18.5,1.6,4.0,2.0,23.14,17.212502254631655,832.5301204819277,129.0,0.6494845360824743,0.023952095808383235,-1,Active,Strength and cardio mix 3x/week
50.0,Male,97.0,1.65,191.0,133.0,70.0,1.43,1256.0,Cardio,27.1,1.5,5.0,,27.51,35.62901744719927,878.3216783216784,121.0,0.6963350785340314,0.015463917525773196,-1,Active,Strength and cardio mix 3x/week
37.0,Male,75.8,1.63,192.0,131.0,64.0,0.98,921.0,Strength,26.5,1.5,4.0,1.0,14.0,28.52948925439422,939.795918367347,128.0,0.6822916666666666,0.01978891820580475,-1,Moderate,Moderate cardio 2-3x/week
21.0,Female,51.6,1.5,175.0,149.0,66.0,2.0,863.0,Yoga,25.2,2.0,3.0,1.0,24.7,22.933333333333334,431.5,109.0,0.8514285714285714,0.03875968992248062,-1,Moderate,Moderate cardio 2-3x/week
27.0,Female,55.4,1.88,187.0,134.0,53.0,2.0,855.0,Strength,16.3,2.6,5.0,1.0,14.33,15.674513354459032,427.5,134.0,0.7165775401069518,0.04693140794223827,-1,Moderate,Moderate cardio 2-3x/week
23.0,Male,72.9,1.51,190.0,164.0,57.0,1.29,925.0,Strength,22.3,1.5,2.0,1.0,40.08,31.972281917459764,717.0542635658915,133.0,0.8631578947368421,0.0205761316872428,-1,Moderate,Moderate cardio 2-3x/week
30.0,Female,80.2,1.91,192.0,135.0,62.0,1.47,1461.0,Strength,16.5,3.7,2.0,3.0,28.49,21.984046489953677,993.8775510204082,130.0,0.703125,0.046134663341645885,-1,Very Active,High-intensity interval training 3-4x/week
,Male,97.2,1.73,175.0,165.0,72.0,1.15,707.0,Strength,14.3,1.5,,2.0,16.19,32.47686190651208,614.7826086956522,103.0,0.9428571428571428,0.015432098765432098,-1,Moderate,Moderate cardio 2-3x/week
45.0,Male,121.2,1.67,186.0,133.0,55.0,2.0,466.0,Cardio,16.7,3.4,4.0,1.0,30.69,43.4579941912582,233.0,131.0,0.7150537634408602,0.028052805280528052,-1,Moderate,Moderate cardio 2-3x/week
36.0,Female,100.2,1.93,199.0,166.0,60.0,0.98,1076.0,HIIT,24.6,2.7,4.0,2.0,16.49,26.900051008080755,1097.9591836734694,139.0,0.8341708542713567,0.02694610778443114,-1,Active,Strength and cardio mix 3x/week
45.0,Male,84.1,1.71,161.0,169.0,56.0,1.38,480.0,Yoga,22.4,3.4,3.0,3.0,38.83,28.760986286378717,347.82608695652175,105.0,1.049689440993789,0.04042806183115339,-1,Moderate,Moderate cardio 2-3x/week
51.0,Male,52.0,1.92,173.0,164.0,74.0,1.31,706.0,Cardio,25.7,1.5,2.0,1.0,14.05,14.105902777777779,538.9312977099237,99.0,0.9479768786127167,0.028846153846153848,-1,Moderate,Moderate cardio 2-3x/week
25.0,Male,70.7,1.7,165.0,160.0,53.0,0.99,808.0,HIIT,23.5,2.1,3.0,1.0,18.29,24.463667820069208,816.1616161616162,112.0,0.9696969696969697,0.0297029702970297,-1,Moderate,Moderate cardio 2-3x/week
52.0,Female,50.8,1.8,199.0,159.0,63.0,1.51,1153.0,HIIT,24.9,2.4,4.0,2.0,16.16,15.679012345679011,763.5761589403974,136.0,0.7989949748743719,0.047244094488188976,-1,Active,Strength and cardio mix 3x/week
28.0,,48.7,1.6,175.0,133.0,59.0,1.38,996.0,HIIT,23.5,1.5,2.0,2.0,21.98,19.023437499999996,721.7391304347826,116.0,0.76,0.030800821355236138,-1,Moderate,Moderate cardio 2-3x/week
24.0,,51.3,1.69,174.0,153.0,74.0,1.18,828.0,Yoga,16.1,2.6,3.0,2.0,21.88,17.961555967928295,701.6949152542373,100.0,0.8793103448275862,0.050682261208577,-1,Moderate,Moderate cardio 2-3x/week
42.0,Female,77.0,1.63,185.0,136.0,68.0,1.07,1029.0,Cardio,29.2,1.5,5.0,1.0,15.93,28.981143437841094,961.6822429906541,117.0,0.7351351351351352,0.01948051948051948,-1,Active,Strength and cardio mix 3x/week
31.0,Female,50.1,1.69,185.0,169.0,64.0,1.68,1001.0,Strength,27.4,1.6,4.0,1.0,22.3,17.541402611953366,595.8333333333334,121.0,0.9135135135135135,0.03193612774451098,-1,Moderate,Moderate cardio 2-3x/week
45.0,Female,99.3,1.93,182.0,137.0,50.0,1.23,686.0,Strength,,2.4,3.0,3.0,33.26,26.658433783457273,557.7235772357724,132.0,0.7527472527472527,0.02416918429003021,-1,Moderate,Moderate cardio 2-3x/week
18.0,Male,89.2,1.88,189.0,167.0,58.0,2.0,1126.0,Cardio,29.7,3.5,4.0,2.0,13.63,25.237664101403354,563.0,131.0,0.8835978835978836,0.03923766816143497,-1,Moderate,Moderate cardio 2-3x/week
18.0,Female,70.8,1.96,196.0,130.0,61.0,1.46,708.0,,25.2,2.2,3.0,2.0,12.32,18.42982090795502,484.9315068493151,135.0,0.6632653061224489,0.03107344632768362,-1,Moderate,Moderate cardio 2-3x/week
50.0,Male,59.1,1.74,181.0,156.0,51.0,1.01,985.0,Yoga,30.1,3.5,2.0,3.0,24.07,19.520412207689258,975.2475247524752,130.0,0.861878453038674,0.05922165820642978,-1,Moderate,Moderate cardio 2-3x/week
46.0,Female,67.5,1.76,160.0,150.0,74.0,1.43,577.0,Yoga,20.0,2.6,4.0,2.0,17.39,21.791064049586776,403.4965034965035,86.0,0.9375,0.03851851851851852,-1,Moderate,Moderate cardio 2-3x/week
27.0,Female,41.4,1.69,191.0,169.0,56.0,1.99,647.0,Yoga,23.2,2.8,5.0,2.0,16.26,14.495290781135116,325.1256281407035,135.0,0.8848167539267016,0.06763285024154589,-1,Moderate,Moderate cardio 2-3x/week
24.0,Female,80.0,1.59,198.0,125.0,70.0,1.68,1263.0,,15.3,3.6,3.0,2.0,14.62,31.644317867172973,751.7857142857143,128.0,0.6313131313131313,0.045,-1,Active,Strength and cardio mix 3x/week
24.0,Male,95.5,1.57,181.0,158.0,67.0,1.47,1609.0,Cardio,32.5,2.0,4.0,2.0,26.3,38.743965272424845,1094.5578231292518,114.0,0.8729281767955801,0.020942408376963352,-1,Very Active,High-intensity interval training 3-4x/week
18.0,Male,66.9,1.76,163.0,169.0,55.0,1.15,1018.0,Yoga,24.2,3.0,3.0,1.0,16.52,21.59736570247934,885.2173913043479,108.0,1.0368098159509203,0.04484304932735426,-1,Active,Strength and cardio mix 3x/week
18.0,Male,82.8,1.5,197.0,134.0,74.0,1.79,1009.0,Cardio,30.5,3.3,3.0,3.0,19.41,36.8,563.6871508379888,123.0,0.6802030456852792,0.03985507246376811,-1,Moderate,Moderate cardio 2-3x/week
26.0,Male,79.7,1.64,194.0,148.0,55.0,2.0,1462.0,Yoga,21.8,3.2,4.0,2.0,26.9,29.63265913146937,731.0,139.0,0.7628865979381443,0.040150564617314935,-1,Active,Strength and cardio mix 3x/week
33.0,Female,71.8,1.51,190.0,167.0,59.0,1.84,1321.0,HIIT,26.6,3.2,4.0,3.0,12.97,31.48984693653787,717.9347826086956,131.0,0.8789473684210526,0.044568245125348196,-1,Moderate,Moderate cardio 2-3x/week
35.0,Male,73.4,1.57,169.0,138.0,67.0,1.14,977.0,Strength,32.4,3.0,4.0,3.0,25.05,29.778084303622865,857.0175438596492,102.0,0.8165680473372781,0.04087193460490463,-1,Less Active,Light exercise 1-2x/week
54.0,Female,45.8,1.62,163.0,135.0,66.0,1.26,1703.0,Strength,15.2,1.6,4.0,2.0,17.99,17.451607986587405,1351.5873015873017,97.0,0.8282208588957055,0.03493449781659389,-1,Very Active,High-intensity interval training 3-4x/week
44.0,Female,106.8,1.65,171.0,143.0,71.0,1.54,1295.0,Cardio,17.1,3.5,3.0,3.0,25.4,39.22865013774105,840.9090909090909,100.0,0.8362573099415205,0.03277153558052435,-1,Active,Strength and cardio mix 3x/week
19.0,Male,59.8,1.7,181.0,120.0,73.0,1.54,1130.0,Cardio,29.6,3.5,3.0,1.0,22.56,20.69204152249135,733.7662337662338,108.0,0.6629834254143646,0.05852842809364549,-1,Active,Strength and cardio mix 3x/week
58.0,Male,56.5,1.76,180.0,139.0,74.0,2.0,1396.0,Yoga,24.1,3.4,2.0,2.0,28.26,18.239927685950413,698.0,106.0,0.7722222222222223,0.06017699115044248,-1,Moderate,Moderate cardio 2-3x/week
18.0,Male,49.9,1.74,177.0,161.0,70.0,2.0,950.0,HIIT,23.0,3.4,4.0,2.0,17.53,16.481701677896684,475.0,107.0,0.9096045197740112,0.06813627254509018,-1,Moderate,Moderate cardio 2-3x/week
30.0,,62.3,1.82,174.0,160.0,64.0,1.23,1080.0,Cardio,15.9,2.5,3.0,3.0,22.26,18.808114961961113,878.048780487805,110.0,0.9195402298850575,0.04012841091492777,-1,Active,Strength and cardio mix 3x/week
18.0,Female,76.1,1.64,196.0,169.0,63.0,1.43,686.0,Cardio,34.8,1.5,3.0,3.0,33.24,28.294170136823322,479.72027972027973,133.0,0.8622448979591837,0.01971090670170828,-1,Moderate,Moderate cardio 2-3x/week
18.0,Female,40.0,1.74,160.0,145.0,74.0,0.53,907.0,Strength,24.8,3.6,,3.0,24.44,13.21178491214163,1711.3207547169811,86.0,0.90625,0.09,-1,Less Active,Light exercise 1-2x/week
28.0,Female,67.1,1.9,184.0,169.0,59.0,1.61,587.0,Yoga,20.8,2.7,3.0,1.0,12.32,18.587257617728532,364.59627329192546,125.0,0.9184782608695652,0.04023845007451565,-1,Moderate,Moderate cardio 2-3x/week
18.0,Female,53.9,1.69,187.0,169.0,56.0,1.34,752.0,Yoga,13.6,3.3,3.0,2.0,15.23,18.871888239207312,561.1940298507462,131.0,0.9037433155080213,0.061224489795918366,-1,Moderate,Moderate cardio 2-3x/week
34.0,Female,79.3,1.65,181.0,149.0,64.0,1.4,501.0,HIIT,12.0,2.3,2.0,1.0,24.84,29.12764003673095,357.8571428571429,117.0,0.8232044198895028,0.029003783102143757,-1,Moderate,Moderate cardio 2-3x/week
18.0,Female,40.0,1.88,165.0,145.0,71.0,1.59,1121.0,\nStrength,22.6,3.4,2.0,1.0,14.1,11.317338162064283,705.0314465408804,94.0,0.8787878787878788,0.08499999999999999,-1,Moderate,Moderate cardio 2-3x/week
35.0,Male,75.7,1.74,189.0,136.0,74.0,1.7,854.0,HIIT,24.0,1.5,2.0,2.0,12.47,25.003302946228036,502.3529411764706,115.0,0.7195767195767195,0.019815059445178335,-1,Moderate,Moderate cardio 2-3x/week
29.0,Male,82.5,1.79,190.0,132.0,69.0,0.9,664.0,Yoga,10.0,2.3,2.0,1.0,34.85,25.748260041821418,737.7777777777777,121.0,0.6947368421052632,0.027878787878787878,-1,Moderate,Moderate cardio 2-3x/week
19.0,Male,40.0,1.84,199.0,123.0,74.0,1.34,904.0,,30.2,3.1,3.0,1.0,16.34,11.814744801512287,674.6268656716418,125.0,0.6180904522613065,0.0775,-1,Moderate,Moderate cardio 2-3x/week
20.0,Female,73.0,1.59,175.0,165.0,70.0,0.96,869.0,,30.1,3.0,5.0,1.0,15.01,28.875440053795337,905.2083333333334,105.0,0.9428571428571428,0.0410958904109589,-1,Less Active,Light exercise 1-2x/week
23.0,Female,56.5,1.97,169.0,151.0,56.0,2.0,1380.0,Strength,28.6,2.6,3.0,2.0,13.2,14.558478703393543,690.0,113.0,0.893491124260355,0.04601769911504425,-1,Moderate,Moderate cardio 2-3x/week
33.0,Male,78.7,1.61,193.0,137.0,55.0,0.93,1668.0,Strength,24.5,2.3,,2.0,19.47,30.361482967478103,1793.5483870967741,138.0,0.7098445595854922,0.02922490470139771,-1,Very Active,High-intensity interval training 3-4x/week
27.0,Male,75.4,1.58,192.0,169.0,63.0,1.3,1386.0,Strength,16.9,3.6,3.0,1.0,15.63,30.203493029963145,1066.1538461538462,129.0,0.8802083333333334,0.04774535809018567,-1,Very Active,High-intensity interval training 3-4x/week
48.0,Male,59.6,1.78,181.0,152.0,53.0,1.65,1741.0,Strength,23.2,3.3,4.0,1.0,12.32,18.810756217649285,1055.1515151515152,128.0,0.8397790055248618,0.05536912751677852,-1,Very Active,High-intensity interval training 3-4x/week
29.0,Female,57.2,1.84,168.0,141.0,74.0,1.56,303.0,Yoga,16.8,2.4,5.0,3.0,29.68,16.895085066162572,194.23076923076923,94.0,0.8392857142857143,0.04195804195804195,-1,Moderate,Moderate cardio 2-3x/week
39.0,Female,74.3,1.63,178.0,169.0,57.0,1.35,1376.0,Yoga,25.9,3.2,3.0,3.0,20.29,27.96492152508563,1019.2592592592592,121.0,0.949438202247191,0.04306864064602962,-1,Very Active,High-intensity interval training 3-4x/week
54.0,Male,63.8,1.92,188.0,131.0,57.0,0.98,1117.0,HIIT,20.7,1.6,5.0,2.0,26.75,17.30685763888889,1139.795918367347,131.0,0.6968085106382979,0.025078369905956115,-1,Active,Strength and cardio mix 3x/week
21.0,Female,45.1,1.87,192.0,138.0,69.0,1.89,1071.0,,25.8,2.3,5.0,2.0,19.64,12.897137464611511,566.6666666666667,123.0,0.71875,0.050997782705099776,-1,Moderate,Moderate cardio 2-3x/week
58.0,,59.0,1.78,166.0,144.0,74.0,1.47,1152.0,Strength,28.9,3.4,5.0,2.0,22.67,18.621386188612547,783.6734693877551,92.0,0.8674698795180723,0.0576271186440678,-1,Active,Strength and cardio mix 3x/week
20.0,Male,57.1,1.66,168.0,146.0,74.0,1.17,1040.0,Cardio,24.6,3.5,2.0,2.0,17.57,20.72143997677457,888.8888888888889,94.0,0.8690476190476191,0.06129597197898424,-1,Active,Strength and cardio mix 3x/week
43.0,Male,68.8,1.79,188.0,122.0,73.0,1.56,350.0,HIIT,23.4,1.5,4.0,1.0,14.27,21.472488374270466,224.35897435897436,115.0,0.648936170212766,0.02180232558139535,-1,Moderate,Moderate cardio 2-3x/week
55.0,Female,98.6,1.6,197.0,167.0,74.0,1.16,802.0,HIIT,22.1,2.9,4.0,2.0,14.29,38.51562499999999,691.3793103448277,123.0,0.8477157360406091,0.029411764705882353,-1,Moderate,Moderate cardio 2-3x/week
36.0,Male,45.8,1.59,177.0,126.0,74.0,0.92,1221.0,Strength,32.9,3.0,3.0,3.0,30.03,18.116371978956526,1327.1739130434783,103.0,0.711864406779661,0.06550218340611354,-1,Active,Strength and cardio mix 3x/week
53.0,Female,47.5,1.66,166.0,156.0,55.0,1.1,1766.0,HIIT,22.5,1.6,3.0,1.0,32.14,17.237625199593555,1605.4545454545453,111.0,0.9397590361445783,0.03368421052631579,-1,Very Active,High-intensity interval training 3-4x/week
52.0,Male,88.0,1.87,180.0,128.0,74.0,1.44,1058.0,Strength,32.2,1.7,4.0,2.0,27.54,25.165146272412706,734.7222222222223,106.0,0.7111111111111111,0.019318181818181818,-1,Active,Strength and cardio mix 3x/week
43.0,Male,76.3,1.66,188.0,164.0,58.0,0.84,606.0,Strength,25.7,1.8,3.0,1.0,28.19,27.689069531136596,721.4285714285714,130.0,0.8723404255319149,0.0235910878112713,-1,Moderate,Moderate cardio 2-3x/week
31.0,Female,85.9,1.7,162.0,143.0,56.0,2.0,1455.0,Yoga,28.0,3.3,3.0,3.0,12.78,29.723183391003467,727.5,106.0,0.8827160493827161,0.038416763678696154,-1,Active,Strength and cardio mix 3x/week
28.0,Male,93.7,1.77,192.0,142.0,57.0,1.45,1230.0,Cardio,14.8,3.6,2.0,2.0,23.62,29.90839158607041,848.2758620689656,135.0,0.7395833333333334,0.0384204909284952,-1,Active,Strength and cardio mix 3x/week
26.0,Male,83.6,1.79,171.0,128.0,72.0,0.7,1247.0,Strength,25.4,3.2,3.0,1.0,27.91,26.091570175712366,1781.4285714285716,99.0,0.7485380116959064,0.038277511961722493,-1,Very Active,High-intensity interval training 3-4x/week
36.0,,77.6,1.6,183.0,165.0,72.0,0.66,1208.0,Cardio,25.6,1.7,3.0,1.0,12.44,30.312499999999993,1830.3030303030303,111.0,0.9016393442622951,0.021907216494845363,-1,Active,Strength and cardio mix 3x/week
28.0,,44.7,1.68,166.0,160.0,62.0,0.99,1672.0,Yoga,28.6,1.5,2.0,3.0,17.59,15.837585034013609,1688.888888888889,104.0,0.963855421686747,0.03355704697986577,-1,Very Active,High-intensity interval training 3-4x/week
40.0,Male,79.9,1.51,175.0,169.0,64.0,1.44,1277.0,Yoga,26.2,1.5,5.0,3.0,14.09,35.042322705144514,886.8055555555555,111.0,0.9657142857142857,0.018773466833541926,-1,Active,Strength and cardio mix 3x/week
45.0,Female,70.2,1.82,167.0,139.0,67.0,1.32,953.0,Strength,10.0,1.5,4.0,2.0,13.6,21.19309262166405,721.9696969696969,100.0,0.8323353293413174,0.021367521367521368,-1,Moderate,Moderate cardio 2-3x/week
40.0,Female,44.2,1.7,161.0,160.0,64.0,1.71,979.0,Yoga,23.7,3.4,3.0,2.0,24.1,15.294117647058826,572.514619883041,97.0,0.9937888198757764,0.07692307692307691,-1,Moderate,Moderate cardio 2-3x/week
49.0,Male,90.6,1.78,181.0,130.0,63.0,1.27,1002.0,Strength,28.2,2.3,3.0,2.0,15.66,28.594874384547403,788.9763779527559,118.0,0.7182320441988951,0.025386313465783666,-1,Moderate,Moderate cardio 2-3x/week
40.0,Female,56.8,1.54,166.0,167.0,71.0,1.06,1225.0,Yoga,27.6,1.7,4.0,1.0,12.32,23.950075898127846,1155.6603773584905,95.0,1.0060240963855422,0.029929577464788734,-1,Active,Strength and cardio mix 3x/week
51.0,Female,48.7,1.5,168.0,140.0,58.0,0.93,1108.0,Cardio,27.3,3.2,2.0,2.0,12.32,21.644444444444446,1191.3978494623655,110.0,0.8333333333333334,0.06570841889117043,-1,Active,Strength and cardio mix 3x/week
41.0,Female,72.3,1.66,165.0,142.0,74.0,1.4,758.0,Cardio,25.6,3.6,4.0,1.0,23.85,26.237480040644506,541.4285714285714,91.0,0.8606060606060606,0.049792531120331954,-1,Moderate,Moderate cardio 2-3x/week
43.0,Female,68.0,1.78,183.0,120.0,58.0,2.0,1030.0,HIIT,22.8,1.5,4.0,2.0,17.25,21.461936624163616,515.0,125.0,0.6557377049180327,0.022058823529411766,-1,Moderate,Moderate cardio 2-3x/week
44.0,Male,46.7,1.81,191.0,132.0,58.0,1.45,1113.0,Cardio,10.0,3.5,4.0,3.0,23.21,14.254754128384361,767.5862068965517,133.0,0.6910994764397905,0.07494646680942184,-1,Active,Strength and cardio mix 3x/week
30.0,Male,59.4,1.87,190.0,122.0,50.0,1.77,1337.0,Yoga,25.5,2.8,4.0,1.0,23.2,16.986473733878576,755.367231638418,140.0,0.6421052631578947,0.04713804713804714,-1,Active,Strength and cardio mix 3x/week
18.0,Female,75.9,1.7,183.0,151.0,51.0,1.01,1289.0,HIIT,30.1,3.2,2.0,1.0,24.94,26.262975778546718,1276.2376237623762,132.0,0.825136612021858,0.04216073781291173,-1,Very Active,High-intensity interval training 3-4x/week
47.0,Female,45.1,1.73,193.0,152.0,57.0,1.25,918.0,,29.7,2.8,3.0,3.0,14.58,15.068996625346653,734.4,136.0,0.7875647668393783,0.06208425720620842,-1,Moderate,Moderate cardio 2-3x/week
25.0,Female,64.6,1.51,194.0,127.0,55.0,1.4,1155.0,Cardio,26.9,3.5,2.0,3.0,17.74,28.33209069777641,825.0,139.0,0.654639175257732,0.0541795665634675,-1,Active,Strength and cardio mix 3x/week
18.0,Female,68.7,1.6,163.0,135.0,61.0,1.05,367.0,Yoga,23.1,3.6,3.0,,33.26,26.835937499999996,349.5238095238095,102.0,0.8282208588957055,0.05240174672489083,-1,Less Active,Light exercise 1-2x/week
45.0,Female,61.1,1.74,171.0,164.0,69.0,1.16,1019.0,Yoga,19.6,2.8,3.0,1.0,16.37,20.18100145329634,878.4482758620691,102.0,0.9590643274853801,0.04582651391162029,-1,Active,Strength and cardio mix 3x/week
47.0,Female,70.1,1.71,199.0,139.0,74.0,1.15,1238.0,Cardio,25.1,2.5,4.0,1.0,19.95,23.973188331452413,1076.5217391304348,125.0,0.6984924623115578,0.03566333808844508,-1,Very Active,High-intensity interval training 3-4x/week
28.0,Male,50.3,1.81,176.0,156.0,70.0,1.46,1143.0,Strength,31.8,1.9,3.0,1.0,26.47,15.35362168431977,782.8767123287671,106.0,0.8863636363636364,0.03777335984095428,-1,Active,Strength and cardio mix 3x/week
18.0,Female,66.8,1.62,161.0,169.0,74.0,1.57,1410.0,HIIT,30.2,3.3,,,22.63,25.453436976070716,898.0891719745223,87.0,1.049689440993789,0.04940119760479042,-1,Active,Strength and cardio mix 3x/week
28.0,Male,59.9,1.7,169.0,163.0,65.0,1.26,1474.0,Yoga,11.7,2.9,4.0,1.0,33.85,20.72664359861592,1169.8412698412699,104.0,0.9644970414201184,0.048414023372287146,-1,Very Active,High-intensity interval training 3-4x/week
41.0,Male,52.8,1.68,192.0,132.0,59.0,1.47,1709.0,Cardio,29.6,3.5,4.0,1.0,12.32,18.70748299319728,1162.5850340136055,133.0,0.6875,0.06628787878787878,-1,Very Active,High-intensity interval training 3-4x/week
51.0,Female,62.7,1.73,198.0,140.0,50.0,1.98,1656.0,Strength,18.2,3.6,4.0,2.0,33.87,20.94958067426242,836.3636363636364,148.0,0.7070707070707071,0.05741626794258373,-1,Active,Strength and cardio mix 3x/week
34.0,Male,76.4,1.84,164.0,161.0,69.0,1.2,978.0,Cardio,17.0,3.0,3.0,1.0,21.69,22.56616257088847,815.0,95.0,0.9817073170731707,0.03926701570680628,-1,Moderate,Moderate cardio 2-3x/week
52.0,Male,54.7,1.93,193.0,135.0,62.0,2.0,416.0,Cardio,31.9,3.2,2.0,2.0,34.32,14.684957985449275,208.0,131.0,0.6994818652849741,0.05850091407678245,-1,Moderate,Moderate cardio 2-3x/week
18.0,Female,49.0,1.72,190.0,153.0,60.0,0.72,862.0,HIIT,24.4,2.8,4.0,3.0,17.26,16.563007030827475,1197.2222222222222,130.0,0.8052631578947368,0.05714285714285714,-1,Moderate,Moderate cardio 2-3x/week
30.0,Male,46.3,1.59,166.0,133.0,54.0,1.33,1001.0,Strength,23.8,2.2,2.0,2.0,17.74,18.314148965626355,752.6315789473683,112.0,0.8012048192771084,0.04751619870410368,-1,Moderate,Moderate cardio 2-3x/week
35.0,Female,68.2,1.7,178.0,137.0,52.0,2.0,1181.0,HIIT,23.5,3.3,3.0,2.0,31.92,23.59861591695502,590.5,126.0,0.7696629213483146,0.04838709677419355,-1,Moderate,Moderate cardio 2-3x/week
36.0,Female,85.1,1.67,184.0,131.0,53.0,1.03,608.0,Yoga,19.7,2.1,4.0,2.0,20.8,30.513822654093012,590.2912621359224,131.0,0.7119565217391305,0.02467685076380729,-1,Moderate,Moderate cardio 2-3x/week
,Female,59.8,2.0,188.0,144.0,70.0,2.0,1337.0,HIIT,32.9,3.1,3.0,1.0,14.17,14.95,668.5,118.0,0.7659574468085106,0.05183946488294315,-1,Moderate,Moderate cardio 2-3x/week
56.0,Female,63.7,1.74,161.0,158.0,65.0,1.94,1297.0,Yoga,28.6,3.2,3.0,3.0,14.53,21.039767472585545,668.5567010309278,96.0,0.9813664596273292,0.05023547880690738,-1,Moderate,Moderate cardio 2-3x/week
34.0,Male,40.0,1.68,183.0,167.0,64.0,1.45,1642.0,Yoga,28.2,2.3,3.0,2.0,17.03,14.172335600907031,1132.4137931034484,119.0,0.912568306010929,0.057499999999999996,-1,Very Active,High-intensity interval training 3-4x/week
56.0,Male,64.7,1.78,199.0,129.0,62.0,1.1,941.0,HIIT,11.5,2.4,3.0,2.0,13.72,20.42040146446156,855.4545454545454,137.0,0.6482412060301508,0.03709428129829984,-1,Moderate,Moderate cardio 2-3x/week
28.0,Male,56.5,1.73,198.0,136.0,74.0,1.23,991.0,Strength,14.5,3.6,5.0,1.0,13.82,18.878011293394366,805.6910569105692,124.0,0.6868686868686869,0.06371681415929203,-1,Moderate,Moderate cardio 2-3x/week
18.0,Male,56.9,1.74,180.0,149.0,59.0,0.89,1441.0,Cardio,22.0,3.2,2.0,2.0,19.82,18.79376403752147,1619.1011235955057,121.0,0.8277777777777777,0.0562390158172232,-1,Very Active,High-intensity interval training 3-4x/week
18.0,Male,115.8,1.68,177.0,150.0,74.0,1.11,629.0,Strength,24.2,3.6,5.0,2.0,20.56,41.02891156462586,566.6666666666666,103.0,0.847457627118644,0.031088082901554407,-1,Less Active,Light exercise 1-2x/week
45.0,Male,46.0,1.76,165.0,135.0,69.0,1.05,1121.0,Yoga,24.0,1.5,5.0,2.0,28.92,14.850206611570249,1067.6190476190475,96.0,0.8181818181818182,0.03260869565217391,-1,Active,Strength and cardio mix 3x/week
47.0,Female,46.9,1.91,162.0,145.0,53.0,1.17,733.0,HIIT,23.8,1.5,3.0,2.0,14.88,12.856007236643732,626.4957264957266,109.0,0.8950617283950617,0.031982942430703626,-1,Moderate,Moderate cardio 2-3x/week
19.0,Male,97.4,1.75,173.0,144.0,56.0,1.27,917.0,HIIT,27.1,3.2,4.0,2.0,28.45,31.804081632653062,722.0472440944882,117.0,0.8323699421965318,0.03285420944558522,-1,Moderate,Moderate cardio 2-3x/week
42.0,Male,117.7,1.71,198.0,149.0,74.0,0.89,943.0,Cardio,23.7,1.8,4.0,1.0,26.89,40.251701378201844,1059.5505617977528,124.0,0.7525252525252525,0.015293118096856415,-1,Moderate,Moderate cardio 2-3x/week
24.0,,91.2,1.66,167.0,129.0,60.0,1.27,314.0,HIIT,30.8,3.4,5.0,1.0,21.76,33.09624038321963,247.24409448818898,107.0,0.7724550898203593,0.03728070175438596,-1,Moderate,Moderate cardio 2-3x/week
18.0,Female,100.3,1.83,168.0,125.0,74.0,1.21,746.0,Yoga,23.3,3.4,5.0,1.0,,29.95013287945295,616.5289256198347,94.0,0.7440476190476191,0.03389830508474576,-1,Moderate,Moderate cardio 2-3x/week
28.0,Male,51.1,1.66,161.0,154.0,65.0,0.86,944.0,HIIT,31.1,3.3,5.0,2.0,19.67,18.544055741036438,1097.6744186046512,96.0,0.9565217391304348,0.06457925636007827,-1,Less Active,Light exercise 1-2x/week
18.0,Male,79.0,1.64,191.0,150.0,74.0,1.37,1741.0,Yoga,16.9,1.9,4.0,,30.73,29.372397382510414,1270.802919708029,117.0,0.7853403141361257,0.024050632911392405,-1,Very Active,High-intensity interval training 3-4x/week
44.0,Female,65.0,1.57,165.0,168.0,70.0,1.02,1232.0,Cardio,27.9,3.6,3.0,1.0,32.75,26.370238143535232,1207.8431372549019,95.0,1.018181818181818,0.055384615384615386,-1,Active,Strength and cardio mix 3x/week
24.0,Male,86.3,1.71,191.0,150.0,50.0,1.33,1166.0,Yoga,33.3,1.8,3.0,1.0,18.7,29.513354536438566,876.6917293233082,141.0,0.7853403141361257,0.02085747392815759,-1,Active,Strength and cardio mix 3x/week
39.0,Male,43.3,1.68,184.0,128.0,51.0,1.5,712.0,Cardio,13.2,1.5,2.0,2.0,17.06,15.34155328798186,474.6666666666667,133.0,0.6956521739130435,0.034642032332563515,-1,Moderate,Moderate cardio 2-3x/week
52.0,Male,40.0,1.71,165.0,157.0,74.0,1.64,1001.0,HIIT,18.6,2.8,4.0,2.0,17.27,13.679422728360864,610.3658536585366,91.0,0.9515151515151515,0.06999999999999999,-1,Moderate,Moderate cardio 2-3x/week
18.0,Female,59.9,1.76,179.0,169.0,66.0,1.26,1024.0,Cardio,,2.1,3.0,1.0,18.69,19.33755165289256,812.6984126984127,113.0,0.9441340782122905,0.03505843071786311,-1,Active,Strength and cardio mix 3x/week
24.0,,62.8,1.68,177.0,163.0,53.0,2.0,1005.0,HIIT,25.9,2.9,4.0,1.0,19.91,22.25056689342404,502.5,124.0,0.9209039548022598,0.04617834394904459,-1,Moderate,Moderate cardio 2-3x/week
59.0,Female,72.8,1.65,172.0,165.0,55.0,1.17,1104.0,HIIT,15.4,3.4,3.0,1.0,14.86,26.740128558310378,943.5897435897436,117.0,0.9593023255813954,0.046703296703296704,-1,Active,Strength and cardio mix 3x/week
29.0,Female,65.0,1.77,194.0,152.0,66.0,1.34,715.0,HIIT,25.2,1.8,2.0,1.0,23.25,20.747550193111813,533.5820895522388,128.0,0.7835051546391752,0.027692307692307693,-1,Moderate,Moderate cardio 2-3x/week
18.0,Female,74.2,1.85,177.0,151.0,66.0,2.0,1104.0,HIIT,28.0,1.5,3.0,1.0,,21.68005843681519,552.0,111.0,0.8531073446327684,0.02021563342318059,-1,Moderate,Moderate cardio 2-3x/week
46.0,Female,61.2,1.79,190.0,157.0,72.0,1.05,947.0,Strength,22.6,2.5,3.0,1.0,17.28,19.100527449205707,901.9047619047618,118.0,0.8263157894736842,0.04084967320261438,-1,Moderate,Moderate cardio 2-3x/week
27.0,Female,63.3,1.9,183.0,148.0,67.0,0.58,933.0,HIIT,20.0,3.2,4.0,2.0,22.45,17.534626038781163,1608.6206896551726,116.0,0.8087431693989071,0.05055292259083729,-1,Moderate,Moderate cardio 2-3x/week
40.0,Female,95.3,1.86,171.0,130.0,67.0,1.46,796.0,\nStrength,10.0,2.0,4.0,1.0,22.23,27.546537171927387,545.2054794520548,104.0,0.7602339181286549,0.020986358866736624,-1,Moderate,Moderate cardio 2-3x/week
42.0,,73.6,1.73,182.0,159.0,66.0,1.65,1265.0,Cardio,23.2,2.4,2.0,2.0,,24.591533295465933,766.6666666666667,116.0,0.8736263736263736,0.03260869565217391,-1,Active,Strength and cardio mix 3x/week
35.0,Male,124.8,1.75,176.0,161.0,59.0,1.2,1240.0,Yoga,10.0,3.3,3.0,2.0,28.03,40.751020408163264,1033.3333333333335,117.0,0.9147727272727273,0.026442307692307692,-1,Very Active,High-intensity interval training 3-4x/week
18.0,Male,75.4,1.97,177.0,136.0,67.0,0.76,1371.0,HIIT,29.7,3.1,2.0,1.0,15.43,19.428483083820765,1803.9473684210527,110.0,0.768361581920904,0.04111405835543766,-1,Very Active,High-intensity interval training 3-4x/week
46.0,Male,49.8,1.91,160.0,146.0,65.0,2.0,1009.0,HIIT,29.4,3.0,3.0,3.0,12.84,13.650941586031085,504.5,95.0,0.9125,0.06024096385542169,-1,Moderate,Moderate cardio 2-3x/week
18.0,Male,61.0,1.67,163.0,139.0,70.0,1.22,361.0,Strength,27.4,3.4,2.0,3.0,17.17,21.872422819032593,295.9016393442623,93.0,0.852760736196319,0.05573770491803279,-1,Moderate,Moderate cardio 2-3x/week
47.0,Male,100.2,1.67,196.0,151.0,73.0,1.48,953.0,,24.5,3.2,3.0,,26.79,35.92814371257485,643.918918918919,123.0,0.7704081632653061,0.03193612774451098,-1,Moderate,Moderate cardio 2-3x/week
33.0,Female,73.0,1.69,196.0,135.0,67.0,1.93,881.0,Yoga,10.0,2.2,2.0,2.0,23.54,25.55932915514163,456.47668393782385,129.0,0.6887755102040817,0.030136986301369864,-1,Moderate,Moderate cardio 2-3x/week
30.0,Male,88.2,1.72,191.0,155.0,54.0,1.28,911.0,Strength,27.2,2.2,4.0,3.0,15.42,29.813412655489458,711.71875,137.0,0.8115183246073299,0.024943310657596373,-1,Moderate,Moderate cardio 2-3x/week
34.0,Female,61.7,1.81,183.0,141.0,72.0,0.98,1443.0,HIIT,31.4,2.6,4.0,3.0,20.6,18.833368944781906,1472.4489795918369,111.0,0.7704918032786885,0.04213938411669368,-1,Very Active,High-intensity interval training 3-4x/week
30.0,Male,120.0,1.79,187.0,141.0,51.0,2.0,1508.0,Yoga,,2.5,4.0,1.0,21.36,37.452014606285694,754.0,136.0,0.7540106951871658,0.020833333333333332,-1,Active,Strength and cardio mix 3x/week
30.0,Male,45.4,1.73,197.0,151.0,50.0,1.27,1200.0,Cardio,23.1,3.6,4.0,3.0,17.33,15.169233853453171,944.8818897637796,147.0,0.766497461928934,0.07929515418502203,-1,Active,Strength and cardio mix 3x/week
30.0,Male,40.0,1.87,186.0,140.0,56.0,1.57,848.0,,26.6,2.6,5.0,1.0,12.87,11.438702851096684,540.1273885350319,130.0,0.7526881720430108,0.065,-1,Moderate,Moderate cardio 2-3x/week
22.0,Male,129.9,1.62,185.0,141.0,52.0,1.62,571.0,Strength,27.2,1.8,4.0,2.0,12.32,49.49702789208961,352.4691358024691,133.0,0.7621621621621621,0.013856812933025403,-1,Moderate,Moderate cardio 2-3x/week
53.0,Female,71.9,2.0,191.0,161.0,74.0,1.6,1286.0,Cardio,29.0,3.7,5.0,2.0,12.32,17.975,803.75,117.0,0.8429319371727748,0.05146036161335188,-1,Active,Strength and cardio mix 3x/week
44.0,Female,115.6,1.5,186.0,145.0,55.0,1.65,1075.0,HIIT,25.1,3.5,2.0,1.0,18.41,51.37777777777777,651.5151515151515,131.0,0.7795698924731183,0.030276816608996542,-1,Moderate,Moderate cardio 2-3x/week
26.0,Female,64.7,1.61,197.0,137.0,74.0,1.48,1088.0,HIIT,25.1,2.2,5.0,2.0,24.23,24.960456772501058,735.1351351351351,123.0,0.6954314720812182,0.03400309119010819,-1,Active,Strength and cardio mix 3x/week
52.0,Male,58.2,1.71,182.0,161.0,50.0,1.49,1364.0,HIIT,28.7,3.5,3.0,2.0,21.89,19.90356006976506,915.4362416107383,132.0,0.8846153846153846,0.060137457044673534,-1,Active,Strength and cardio mix 3x/week
49.0,Male,53.8,1.81,185.0,169.0,71.0,1.56,1345.0,Strength,25.3,2.4,4.0,2.0,19.34,16.4219651414792,862.1794871794872,114.0,0.9135135135135135,0.04460966542750929,-1,Active,Strength and cardio mix 3x/week
26.0,Female,63.6,1.77,173.0,145.0,55.0,1.29,1586.0,Strength,18.9,2.8,3.0,1.0,22.45,20.300679881260173,1229.4573643410852,118.0,0.838150289017341,0.0440251572327044,-1,Very Active,High-intensity interval training 3-4x/week
23.0,Male,62.3,1.68,167.0,122.0,74.0,1.69,772.0,Cardio,21.1,3.3,,1.0,12.98,22.0734126984127,456.8047337278107,93.0,0.7305389221556886,0.052969502407704656,-1,Moderate,Moderate cardio 2-3x/week
41.0,Female,65.7,1.57,170.0,169.0,71.0,1.13,708.0,Yoga,26.5,1.9,5.0,1.0,12.32,26.654225323542537,626.5486725663717,99.0,0.9941176470588236,0.0289193302891933,-1,Less Active,Light exercise 1-2x/week
59.0,Female,65.5,1.78,168.0,139.0,56.0,1.26,505.0,Strength,22.8,2.0,2.0,2.0,28.6,20.67289483651054,400.7936507936508,112.0,0.8273809523809523,0.030534351145038167,-1,Moderate,Moderate cardio 2-3x/week
28.0,Female,40.0,1.81,194.0,164.0,57.0,1.57,1070.0,Yoga,21.3,3.4,3.0,1.0,37.33,12.209639510393455,681.5286624203821,137.0,0.845360824742268,0.08499999999999999,-1,Moderate,Moderate cardio 2-3x/week
48.0,Male,40.0,1.67,169.0,168.0,57.0,2.0,833.0,Strength,17.8,2.2,3.0,3.0,12.32,14.342572340349243,416.5,112.0,0.9940828402366864,0.05500000000000001,-1,Moderate,Moderate cardio 2-3x/week
54.0,Female,76.8,1.79,189.0,132.0,64.0,1.32,815.0,Strength,20.7,2.1,4.0,1.0,20.66,23.969289348022844,617.4242424242424,125.0,0.6984126984126984,0.027343750000000003,-1,Moderate,Moderate cardio 2-3x/week
28.0,Male,88.5,1.64,160.0,163.0,50.0,1.25,1190.0,Cardio,31.7,3.2,3.0,1.0,26.98,32.90452111838192,952.0,110.0,1.01875,0.03615819209039548,-1,Active,Strength and cardio mix 3x/week
23.0,Male,71.2,1.56,170.0,140.0,68.0,0.79,1014.0,Yoga,21.8,3.5,4.0,1.0,13.25,29.25706771860618,1283.5443037974683,102.0,0.8235294117647058,0.04915730337078651,-1,Less Active,Light exercise 1-2x/week
26.0,Female,64.1,1.68,190.0,168.0,55.0,1.35,1175.0,Strength,28.1,3.4,2.0,2.0,39.84,22.711167800453516,870.3703703703703,135.0,0.8842105263157894,0.0530421216848674,-1,Active,Strength and cardio mix 3x/week
18.0,Female,45.3,1.75,190.0,169.0,69.0,0.82,808.0,Cardio,28.4,3.7,2.0,3.0,26.5,14.791836734693877,985.3658536585366,121.0,0.8894736842105263,0.0816777041942605,-1,Moderate,Moderate cardio 2-3x/week
21.0,Female,76.0,1.72,196.0,160.0,73.0,1.51,1306.0,Strength,28.8,3.5,3.0,3.0,12.32,25.689561925365066,864.9006622516556,123.0,0.8163265306122449,0.046052631578947366,-1,Active,Strength and cardio mix 3x/week
41.0,Female,40.0,1.69,192.0,138.0,66.0,0.95,1556.0,Yoga,26.0,2.6,4.0,1.0,19.94,14.00511186583103,1637.8947368421054,126.0,0.71875,0.065,-1,Very Active,High-intensity interval training 3-4x/week
30.0,Male,129.9,1.78,189.0,120.0,74.0,1.51,828.0,Yoga,20.0,1.5,2.0,1.0,30.83,40.99861128645373,548.3443708609271,115.0,0.6349206349206349,0.011547344110854504,-1,Moderate,Moderate cardio 2-3x/week
27.0,Female,62.9,1.73,187.0,157.0,54.0,0.99,569.0,Strength,27.9,2.4,4.0,1.0,28.52,21.0164054930001,574.7474747474747,133.0,0.839572192513369,0.03815580286168521,-1,Moderate,Moderate cardio 2-3x/week
28.0,Male,69.3,1.99,183.0,154.0,62.0,1.97,827.0,Strength,14.4,1.5,4.0,2.0,18.72,17.499558091967373,419.79695431472084,121.0,0.8415300546448088,0.021645021645021648,-1,Moderate,Moderate cardio 2-3x/week
38.0,Male,60.6,1.81,170.0,159.0,71.0,1.45,577.0,Cardio,24.8,3.7,3.0,3.0,13.74,18.497603858246087,397.9310344827586,99.0,0.9352941176470588,0.06105610561056106,-1,Moderate,Moderate cardio 2-3x/week
59.0,Female,40.0,1.65,179.0,163.0,71.0,1.93,823.0,Cardio,23.4,3.4,3.0,1.0,22.78,14.692378328741967,426.42487046632124,108.0,0.9106145251396648,0.08499999999999999,-1,Moderate,Moderate cardio 2-3x/week
33.0,Female,56.6,2.0,173.0,131.0,71.0,1.65,680.0,,24.1,1.9,3.0,2.0,37.62,14.15,412.1212121212121,102.0,0.7572254335260116,0.03356890459363957,-1,Moderate,Moderate cardio 2-3x/week
27.0,Female,75.2,1.96,172.0,132.0,61.0,1.22,829.0,HIIT,14.9,2.7,3.0,1.0,21.52,19.575177009579345,679.5081967213115,111.0,0.7674418604651163,0.03590425531914894,-1,Moderate,Moderate cardio 2-3x/week
25.0,Male,42.2,1.82,185.0,140.0,56.0,0.86,373.0,Strength,17.9,3.5,4.0,2.0,29.27,12.74000724550175,433.72093023255815,129.0,0.7567567567567568,0.08293838862559241,-1,Moderate,Moderate cardio 2-3x/week
29.0,Female,57.0,1.7,168.0,160.0,61.0,0.74,976.0,Yoga,17.7,2.8,4.0,3.0,12.32,19.723183391003463,1318.918918918919,107.0,0.9523809523809523,0.04912280701754386,-1,Moderate,Moderate cardio 2-3x/week
49.0,Male,128.5,1.96,196.0,138.0,68.0,0.5,1165.0,Cardio,26.1,3.4,2.0,1.0,22.89,33.44960433152853,2330.0,128.0,0.7040816326530612,0.026459143968871595,-1,Active,Strength and cardio mix 3x/week
28.0,Female,45.0,1.8,187.0,162.0,74.0,1.82,1395.0,Strength,23.2,2.7,4.0,3.0,12.32,13.888888888888888,766.4835164835165,113.0,0.8663101604278075,0.060000000000000005,-1,Active,Strength and cardio mix 3x/week
18.0,Female,78.5,1.81,190.0,127.0,74.0,1.38,466.0,Yoga,29.9,1.7,4.0,3.0,15.7,23.961417539147156,337.6811594202899,116.0,0.6684210526315789,0.02165605095541401,-1,Moderate,Moderate cardio 2-3x/week
50.0,Female,49.4,1.91,188.0,131.0,74.0,1.11,963.0,Strength,17.6,2.7,2.0,1.0,17.89,13.541295468874209,867.5675675675675,114.0,0.6968085106382979,0.05465587044534413,-1,Moderate,Moderate cardio 2-3x/week
27.0,Female,50.3,1.66,180.0,131.0,74.0,1.12,677.0,Cardio,27.6,1.8,2.0,2.0,39.72,18.253737842938015,604.4642857142857,106.0,0.7277777777777777,0.03578528827037774,-1,Less Active,Light exercise 1-2x/week
40.0,Female,61.0,1.88,171.0,138.0,62.0,1.38,1180.0,HIIT,24.9,2.0,2.0,3.0,12.32,17.25894069714803,855.072463768116,109.0,0.8070175438596491,0.03278688524590164,-1,Active,Strength and cardio mix 3x/week
59.0,Male,79.3,1.79,198.0,162.0,74.0,1.78,933.0,Strength,25.2,2.7,4.0,2.0,16.0,24.749539652320465,524.1573033707865,124.0,0.8181818181818182,0.034047919293820936,-1,Moderate,Moderate cardio 2-3x/week
57.0,Female,40.0,1.62,190.0,123.0,57.0,1.43,1093.0,Yoga,25.2,3.2,5.0,1.0,21.11,15.241579027587255,764.3356643356643,133.0,0.6473684210526316,0.08,-1,Active,Strength and cardio mix 3x/week
18.0,Male,48.6,1.95,175.0,152.0,57.0,1.87,862.0,Strength,23.1,1.6,3.0,1.0,12.32,12.781065088757398,460.96256684491976,118.0,0.8685714285714285,0.03292181069958848,-1,Moderate,Moderate cardio 2-3x/week
26.0,Male,91.3,1.63,186.0,156.0,67.0,0.92,1091.0,Yoga,22.6,2.4,,1.0,19.46,34.363355790583014,1185.8695652173913,119.0,0.8387096774193549,0.02628696604600219,-1,Active,Strength and cardio mix 3x/week
50.0,Female,102.2,1.65,198.0,157.0,64.0,1.64,1123.0,Yoga,17.3,3.3,4.0,2.0,17.77,37.53902662993573,684.7560975609756,134.0,0.7929292929292929,0.03228962818003914,-1,Moderate,Moderate cardio 2-3x/week
48.0,Female,40.0,1.75,196.0,133.0,74.0,2.0,517.0,Cardio,12.8,2.5,4.0,1.0,12.32,13.061224489795919,258.5,122.0,0.6785714285714286,0.0625,-1,Moderate,Moderate cardio 2-3x/week
41.0,Female,69.6,1.63,193.0,169.0,55.0,1.46,1157.0,Strength,27.9,3.7,4.0,1.0,32.29,26.1959426399187,792.4657534246576,138.0,0.8756476683937824,0.05316091954022989,-1,Active,Strength and cardio mix 3x/week
23.0,Female,56.8,1.75,183.0,149.0,74.0,1.54,926.0,Strength,25.3,2.6,2.0,,12.32,18.546938775510203,601.2987012987013,109.0,0.8142076502732241,0.045774647887323945,-1,Moderate,Moderate cardio 2-3x/week
50.0,Female,99.4,1.7,181.0,120.0,58.0,0.88,694.0,Yoga,30.5,1.5,3.0,,16.45,34.39446366782008,788.6363636363636,123.0,0.6629834254143646,0.015090543259557344,-1,Moderate,Moderate cardio 2-3x/week
18.0,Male,51.4,1.83,195.0,141.0,54.0,0.97,1145.0,HIIT,23.7,1.7,2.0,3.0,16.63,15.34832333004867,1180.4123711340208,141.0,0.7230769230769231,0.033073929961089495,-1,Active,Strength and cardio mix 3x/week
22.0,Male,96.9,1.8,163.0,132.0,56.0,0.94,748.0,HIIT,21.7,2.5,4.0,2.0,24.29,29.90740740740741,795.7446808510639,107.0,0.8098159509202454,0.025799793601651185,-1,Moderate,Moderate cardio 2-3x/week
26.0,Female,64.3,1.7,192.0,140.0,65.0,1.51,1236.0,Yoga,33.9,3.6,3.0,2.0,39.07,22.249134948096888,818.5430463576159,127.0,0.7291666666666666,0.055987558320373255,-1,Active,Strength and cardio mix 3x/week
42.0,Female,40.0,1.72,197.0,139.0,74.0,1.64,1143.0,Yoga,24.0,1.5,3.0,2.0,19.15,13.520822065981614,696.9512195121952,123.0,0.7055837563451777,0.0375,-1,Moderate,Moderate cardio 2-3x/week
37.0,Male,40.0,1.92,194.0,128.0,72.0,1.89,1753.0,Strength,10.0,3.4,5.0,1.0,15.24,10.850694444444445,927.5132275132275,122.0,0.6597938144329897,0.08499999999999999,-1,Active,Strength and cardio mix 3x/week
30.0,Female,85.4,1.71,188.0,169.0,74.0,1.17,744.0,HIIT,21.6,3.6,4.0,2.0,20.15,29.205567525050448,635.8974358974359,114.0,0.898936170212766,0.04215456674473068,-1,Moderate,Moderate cardio 2-3x/week
33.0,Female,72.9,1.58,178.0,153.0,57.0,0.94,1139.0,HIIT,25.9,3.5,2.0,1.0,18.97,29.202050953372854,1211.7021276595744,121.0,0.8595505617977528,0.04801097393689986,-1,Active,Strength and cardio mix 3x/week
25.0,Female,48.8,1.84,186.0,168.0,65.0,1.68,972.0,Strength,25.0,1.7,3.0,2.0,16.6,14.413988657844989,578.5714285714286,121.0,0.9032258064516129,0.034836065573770496,-1,Moderate,Moderate cardio 2-3x/week
18.0,Male,54.9,1.74,187.0,131.0,74.0,0.93,597.0,HIIT,,3.2,3.0,3.0,18.89,18.133174791914385,641.9354838709677,113.0,0.7005347593582888,0.05828779599271403,-1,Moderate,Moderate cardio 2-3x/week
38.0,Male,53.6,1.7,188.0,126.0,73.0,0.97,1083.0,Yoga,30.4,3.4,4.0,2.0,12.32,18.54671280276817,1116.4948453608247,115.0,0.6702127659574468,0.06343283582089553,-1,Active,Strength and cardio mix 3x/week
47.0,Male,77.9,1.76,164.0,139.0,59.0,1.29,1233.0,Cardio,34.0,2.8,2.0,1.0,15.38,25.148502066115704,955.813953488372,105.0,0.8475609756097561,0.035943517329910135,-1,Active,Strength and cardio mix 3x/week
35.0,Male,68.5,1.73,175.0,142.0,58.0,1.2,840.0,Cardio,19.3,2.1,2.0,3.0,12.32,22.887500417655115,700.0,117.0,0.8114285714285714,0.030656934306569343,-1,Moderate,Moderate cardio 2-3x/week
32.0,Female,113.1,1.73,165.0,135.0,58.0,1.5,1081.0,Yoga,26.2,3.3,4.0,1.0,12.32,37.78943499615757,720.6666666666666,107.0,0.8181818181818182,0.029177718832891247,-1,Moderate,Moderate cardio 2-3x/week
27.0,Female,53.7,1.75,167.0,137.0,74.0,2.0,788.0,Yoga,13.3,2.6,3.0,,16.24,17.53469387755102,394.0,93.0,0.8203592814371258,0.048417132216014895,-1,Moderate,Moderate cardio 2-3x/week
25.0,Male,61.3,1.77,173.0,167.0,50.0,1.88,1760.0,Strength,35.0,3.1,4.0,2.0,17.69,19.566535797503906,936.1702127659574,123.0,0.9653179190751445,0.05057096247960849,-1,Active,Strength and cardio mix 3x/week
38.0,Male,41.1,1.67,184.0,133.0,74.0,0.63,804.0,HIIT,25.6,2.8,5.0,3.0,14.26,14.736993079708846,1276.1904761904761,110.0,0.7228260869565217,0.0681265206812652,-1,Moderate,Moderate cardio 2-3x/week
36.0,Male,78.2,1.63,191.0,169.0,74.0,2.0,1381.0,Cardio,23.1,2.7,3.0,2.0,21.82,29.43279762128797,690.5,117.0,0.8848167539267016,0.03452685421994885,-1,Moderate,Moderate cardio 2-3x/week
35.0,Male,94.6,1.69,167.0,158.0,57.0,0.75,1534.0,Yoga,33.1,2.0,4.0,2.0,22.21,33.122089562690384,2045.3333333333333,110.0,0.9461077844311377,0.021141649048625793,-1,Very Active,High-intensity interval training 3-4x/week
28.0,Female,68.8,1.73,198.0,169.0,66.0,1.46,1279.0,Yoga,31.4,1.6,3.0,1.0,12.38,22.987737645761634,876.027397260274,132.0,0.8535353535353535,0.023255813953488375,-1,Active,Strength and cardio mix 3x/week
27.0,Female,43.4,1.71,184.0,165.0,71.0,1.24,945.0,Strength,10.0,3.6,2.0,2.0,25.15,14.842173660271538,762.0967741935484,113.0,0.8967391304347826,0.08294930875576037,-1,Moderate,Moderate cardio 2-3x/week
40.0,Female,40.0,1.74,173.0,164.0,72.0,1.33,1194.0,HIIT,22.7,1.5,4.0,1.0,12.32,13.21178491214163,897.7443609022556,101.0,0.9479768786127167,0.0375,-1,Active,Strength and cardio mix 3x/week
24.0,Male,70.3,1.87,191.0,127.0,62.0,1.75,1285.0,Yoga,23.9,1.5,2.0,3.0,14.32,20.10352026080242,734.2857142857143,129.0,0.6649214659685864,0.021337126600284497,-1,Active,Strength and cardio mix 3x/week
18.0,Male,64.7,1.67,167.0,152.0,74.0,1.38,1506.0,HIIT,26.0,1.7,4.0,3.0,19.63,23.1991107605149,1091.304347826087,93.0,0.9101796407185628,0.026275115919629055,-1,Very Active,High-intensity interval training 3-4x/week
59.0,Male,61.0,1.62,191.0,162.0,74.0,1.69,499.0,HIIT,14.6,1.8,3.0,3.0,21.37,23.243408017070564,295.26627218934914,117.0,0.8481675392670157,0.029508196721311476,-1,Moderate,Moderate cardio 2-3x/week
37.0,Female,44.2,1.61,168.0,164.0,73.0,1.13,1011.0,Yoga,28.8,2.5,4.0,3.0,14.92,17.051811272713245,894.6902654867257,95.0,0.9761904761904762,0.05656108597285067,-1,Less Active,Light exercise 1-2x/week
18.0,Male,77.8,1.76,183.0,157.0,74.0,1.27,1086.0,HIIT,24.6,3.3,3.0,1.0,16.37,25.116219008264462,855.1181102362204,109.0,0.8579234972677595,0.04241645244215938,-1,Active,Strength and cardio mix 3x/week
53.0,Male,53.5,1.71,195.0,169.0,54.0,1.04,900.0,Yoga,25.1,2.7,3.0,2.0,33.56,18.296227899182657,865.3846153846154,141.0,0.8666666666666667,0.05046728971962617,-1,Moderate,Moderate cardio 2-3x/week
44.0,Male,63.7,1.62,176.0,166.0,54.0,1.16,1142.0,Cardio,23.0,3.2,5.0,2.0,12.32,24.272214601432704,984.4827586206898,122.0,0.9431818181818182,0.05023547880690738,-1,Active,Strength and cardio mix 3x/week
28.0,Female,64.1,1.82,170.0,120.0,57.0,1.53,686.0,Yoga,16.3,2.7,2.0,,13.85,19.351527593285834,448.3660130718954,113.0,0.7058823529411765,0.042121684867394704,-1,Moderate,Moderate cardio 2-3x/week
,Female,54.5,1.67,196.0,148.0,73.0,1.21,819.0,Strength,29.4,3.1,3.0,1.0,15.16,19.54175481372584,676.8595041322315,123.0,0.7551020408163265,0.05688073394495413,-1,Moderate,Moderate cardio 2-3x/week
30.0,Female,40.0,1.93,180.0,143.0,74.0,1.94,916.0,Yoga,17.2,2.3,2.0,1.0,12.32,10.738543316599104,472.16494845360825,106.0,0.7944444444444444,0.057499999999999996,-1,Moderate,Moderate cardio 2-3x/week
25.0,Female,68.8,1.73,182.0,133.0,74.0,1.65,851.0,\nStrength,28.8,1.8,3.0,3.0,12.32,22.987737645761634,515.7575757575758,108.0,0.7307692307692307,0.02616279069767442,-1,Moderate,Moderate cardio 2-3x/week
18.0,,50.6,1.74,162.0,153.0,74.0,1.25,634.0,Strength,29.3,1.5,4.0,,17.25,16.712907913859162,507.2,88.0,0.9444444444444444,0.029644268774703556,-1,Moderate,Moderate cardio 2-3x/week
53.0,Female,68.9,1.6,191.0,155.0,70.0,0.89,874.0,Yoga,10.2,1.6,3.0,2.0,27.19,26.914062499999996,982.0224719101124,121.0,0.8115183246073299,0.023222060957910014,-1,Moderate,Moderate cardio 2-3x/week
25.0,Male,100.4,1.76,173.0,169.0,58.0,0.85,1465.0,Cardio,30.4,1.8,3.0,1.0,17.45,32.41219008264463,1723.5294117647059,115.0,0.976878612716763,0.01792828685258964,-1,Very Active,High-intensity interval training 3-4x/week
58.0,Female,105.7,1.65,171.0,136.0,71.0,1.22,841.0,Cardio,32.0,3.4,,3.0,13.66,38.82460973370065,689.344262295082,100.0,0.7953216374269005,0.03216650898770104,-1,Moderate,Moderate cardio 2-3x/week
50.0,Female,60.4,1.72,184.0,124.0,74.0,2.0,494.0,\tYoga,27.9,3.0,4.0,2.0,20.81,20.416441319632234,247.0,110.0,0.6739130434782609,0.049668874172185434,-1,Moderate,Moderate cardio 2-3x/week
23.0,Male,56.2,1.58,184.0,141.0,71.0,2.0,640.0,Cardio,25.2,1.5,4.0,1.0,,22.512417881749716,320.0,113.0,0.7663043478260869,0.02669039145907473,-1,Moderate,Moderate cardio 2-3x/week
18.0,Female,42.6,1.56,180.0,169.0,62.0,1.27,1497.0,Strength,27.1,3.6,4.0,1.0,12.46,17.504930966469427,1178.740157480315,118.0,0.9388888888888889,0.08450704225352113,-1,Very Active,High-intensity interval training 3-4x/week
59.0,Female,97.4,1.57,199.0,153.0,70.0,0.73,877.0,Yoga,18.1,3.3,4.0,1.0,27.67,39.514787618158955,1201.3698630136987,129.0,0.7688442211055276,0.03388090349075975,-1,Moderate,Moderate cardio 2-3x/week
21.0,Male,46.4,2.0,198.0,135.0,74.0,1.0,497.0,Cardio,29.7,1.8,2.0,1.0,23.07,11.6,497.0,124.0,0.6818181818181818,0.03879310344827586,-1,Moderate,Moderate cardio 2-3x/week
32.0,Male,57.4,1.66,189.0,136.0,62.0,1.55,1068.0,HIIT,24.6,3.4,2.0,2.0,,20.830309188561476,689.0322580645161,127.0,0.7195767195767195,0.059233449477351915,-1,Moderate,Moderate cardio 2-3x/week
38.0,Male,87.9,1.75,183.0,130.0,74.0,1.54,1273.0,HIIT,24.2,1.6,3.0,1.0,12.32,28.702040816326534,826.6233766233767,109.0,0.7103825136612022,0.01820250284414107,-1,Active,Strength and cardio mix 3x/week
40.0,Male,87.8,1.64,161.0,145.0,59.0,1.63,849.0,Cardio,22.5,2.6,4.0,2.0,17.55,32.64425936942297,520.8588957055215,102.0,0.9006211180124224,0.029612756264236904,-1,Moderate,Moderate cardio 2-3x/week
20.0,Female,65.7,1.81,189.0,165.0,55.0,1.66,733.0,Strength,35.0,3.5,4.0,2.0,25.06,20.05433289582125,441.566265060241,134.0,0.873015873015873,0.0532724505327245,-1,Moderate,Moderate cardio 2-3x/week
23.0,Female,51.4,2.0,182.0,158.0,65.0,1.07,738.0,Strength,31.7,2.6,4.0,2.0,15.31,12.85,689.7196261682243,117.0,0.8681318681318682,0.05058365758754864,-1,Moderate,Moderate cardio 2-3x/week
34.0,Female,75.2,2.0,196.0,141.0,73.0,1.13,753.0,HIIT,33.8,3.6,4.0,2.0,16.39,18.8,666.3716814159293,123.0,0.7193877551020408,0.047872340425531915,-1,Moderate,Moderate cardio 2-3x/week
34.0,Male,77.7,1.81,187.0,149.0,54.0,1.08,842.0,Strength,33.0,3.0,2.0,3.0,12.32,23.717224748939287,779.6296296296296,133.0,0.7967914438502673,0.03861003861003861,-1,Moderate,Moderate cardio 2-3x/week
23.0,Female,40.0,1.89,162.0,126.0,60.0,0.74,1237.0,Cardio,24.7,2.9,3.0,1.0,17.09,11.197894795778394,1671.6216216216217,102.0,0.7777777777777778,0.0725,-1,Active,Strength and cardio mix 3x/week
43.0,Female,80.5,1.68,190.0,135.0,58.0,1.1,1099.0,Yoga,21.7,2.1,5.0,1.0,25.52,28.521825396825403,999.090909090909,132.0,0.7105263157894737,0.026086956521739132,-1,Active,Strength and cardio mix 3x/week
18.0,Male,40.0,1.78,167.0,133.0,62.0,0.86,963.0,Yoga,16.9,3.7,4.0,3.0,21.42,12.624668602449185,1119.7674418604652,105.0,0.7964071856287425,0.0925,-1,Less Active,Light exercise 1-2x/week
28.0,Female,109.4,1.58,170.0,165.0,74.0,1.94,619.0,HIIT,21.9,2.2,5.0,1.0,21.16,43.82310527159109,319.07216494845363,96.0,0.9705882352941176,0.02010968921389397,-1,Moderate,Moderate cardio 2-3x/week
44.0,Female,79.5,1.73,184.0,155.0,56.0,1.57,1058.0,Yoga,17.8,2.6,4.0,2.0,25.45,26.56286544822747,673.8853503184713,128.0,0.842391304347826,0.03270440251572327,-1,Moderate,Moderate cardio 2-3x/week
21.0,Female,68.5,1.61,191.0,169.0,74.0,1.18,1278.0,Yoga,19.9,3.1,3.0,2.0,18.59,26.42644959685197,1083.0508474576272,117.0,0.8848167539267016,0.04525547445255475,-1,Very Active,High-intensity interval training 3-4x/week
39.0,,65.6,1.75,164.0,158.0,66.0,1.09,1593.0,Cardio,23.7,3.1,4.0,2.0,23.89,21.420408163265304,1461.4678899082567,98.0,0.9634146341463414,0.04725609756097562,-1,Very Active,High-intensity interval training 3-4x/week
44.0,Female,87.5,1.88,173.0,132.0,66.0,1.21,1643.0,Strength,26.9,3.1,2.0,2.0,21.72,24.75667722951562,1357.8512396694216,107.0,0.7630057803468208,0.03542857142857143,-1,Very Active,High-intensity interval training 3-4x/week
56.0,Male,54.5,1.76,196.0,148.0,74.0,1.4,659.0,HIIT,32.1,2.8,4.0,2.0,27.02,17.59426652892562,470.7142857142857,122.0,0.7551020408163265,0.05137614678899082,-1,Moderate,Moderate cardio 2-3x/week
33.0,Female,55.4,1.6,185.0,144.0,67.0,2.0,1015.0,HIIT,30.6,2.7,4.0,3.0,20.82,21.640624999999996,507.5,118.0,0.7783783783783784,0.04873646209386282,-1,Moderate,Moderate cardio 2-3x/week
32.0,Male,85.7,1.53,185.0,133.0,52.0,1.02,1108.0,Cardio,24.0,3.4,3.0,3.0,14.19,36.609850912042376,1086.2745098039215,133.0,0.7189189189189189,0.0396732788798133,-1,Active,Strength and cardio mix 3x/week
34.0,Female,58.2,1.7,189.0,134.0,55.0,0.73,785.0,HIIT,24.0,1.6,4.0,2.0,12.46,20.138408304498274,1075.3424657534247,134.0,0.708994708994709,0.027491408934707903,-1,Moderate,Moderate cardio 2-3x/week
30.0,Male,72.5,1.91,189.0,142.0,58.0,1.44,976.0,Cardio,28.2,3.6,2.0,2.0,26.6,19.87335873468381,677.7777777777778,131.0,0.7513227513227513,0.0496551724137931,-1,Moderate,Moderate cardio 2-3x/week
26.0,,77.2,1.64,168.0,162.0,64.0,1.25,438.0,Strength,22.7,2.4,4.0,2.0,30.85,28.703152885187393,350.4,104.0,0.9642857142857143,0.031088082901554404,-1,Moderate,Moderate cardio 2-3x/week
20.0,Male,90.3,1.68,169.0,135.0,59.0,1.1,758.0,Cardio,10.5,1.7,4.0,1.0,31.04,31.994047619047624,689.090909090909,110.0,0.7988165680473372,0.018826135105204873,-1,Moderate,Moderate cardio 2-3x/week
42.0,Female,95.2,1.76,178.0,158.0,56.0,1.21,770.0,Cardio,25.3,2.0,2.0,3.0,16.06,30.733471074380166,636.3636363636364,122.0,0.8876404494382022,0.021008403361344536,-1,Moderate,Moderate cardio 2-3x/week
26.0,Male,75.0,1.91,181.0,168.0,74.0,1.1,943.0,HIIT,24.8,2.0,3.0,2.0,21.87,20.558646966914285,857.2727272727273,107.0,0.9281767955801105,0.02666666666666667,-1,Moderate,Moderate cardio 2-3x/week
26.0,Male,61.5,1.51,185.0,155.0,74.0,1.35,1079.0,Cardio,31.4,3.4,4.0,2.0,21.29,26.97250120608745,799.2592592592592,111.0,0.8378378378378378,0.055284552845528454,-1,Active,Strength and cardio mix 3x/week
28.0,Female,101.9,1.5,196.0,164.0,56.0,1.87,1211.0,\tCardio,23.8,3.2,2.0,2.0,15.07,45.28888888888889,647.5935828877004,140.0,0.8367346938775511,0.03140333660451423,-1,Moderate,Moderate cardio 2-3x/week
54.0,Female,41.4,1.6,163.0,169.0,71.0,1.62,1385.0,Yoga,10.0,1.6,5.0,3.0,20.92,16.171874999999996,854.9382716049382,92.0,1.0368098159509203,0.03864734299516909,-1,Active,Strength and cardio mix 3x/week
18.0,Male,71.3,1.78,167.0,129.0,72.0,0.86,1238.0,Strength,20.6,1.5,4.0,3.0,34.18,22.50347178386567,1439.5348837209303,95.0,0.7724550898203593,0.021037868162692847,-1,Very Active,High-intensity interval training 3-4x/week
42.0,Male,46.2,1.72,167.0,130.0,69.0,1.19,945.0,HIIT,24.6,2.9,2.0,3.0,19.47,15.616549486208765,794.1176470588235,98.0,0.7784431137724551,0.06277056277056277,-1,Moderate,Moderate cardio 2-3x/week
24.0,Male,64.0,1.83,187.0,155.0,74.0,1.79,406.0,Yoga,27.7,1.5,3.0,,31.31,19.1107527844964,226.81564245810054,113.0,0.8288770053475936,0.0234375,-1,Moderate,Moderate cardio 2-3x/week
54.0,Male,47.2,1.75,160.0,134.0,68.0,1.18,1001.0,Yoga,23.9,1.9,4.0,1.0,20.0,15.412244897959184,848.3050847457628,92.0,0.8375,0.04025423728813559,-1,Moderate,Moderate cardio 2-3x/week
53.0,Male,95.5,1.52,164.0,169.0,52.0,1.31,1009.0,Yoga,21.8,1.9,,3.0,12.32,41.33483379501385,770.2290076335878,112.0,1.0304878048780488,0.019895287958115182,-1,Moderate,Moderate cardio 2-3x/week
33.0,Female,40.0,1.79,194.0,162.0,60.0,1.39,1012.0,Cardio,23.7,2.8,4.0,,13.81,12.484004868761899,728.0575539568346,134.0,0.8350515463917526,0.06999999999999999,-1,Moderate,Moderate cardio 2-3x/week
47.0,Male,100.5,1.56,185.0,133.0,64.0,0.87,872.0,Cardio,22.1,1.5,4.0,2.0,,41.29684418145956,1002.2988505747127,121.0,0.7189189189189189,0.014925373134328358,-1,Moderate,Moderate cardio 2-3x/week
55.0,Female,129.9,1.89,177.0,157.0,66.0,0.81,1154.0,Cardio,15.2,2.4,4.0,2.0,20.1,36.365163349290334,1424.6913580246912,111.0,0.8870056497175142,0.018475750577367205,-1,Active,Strength and cardio mix 3x/week
28.0,Male,75.7,1.85,160.0,157.0,64.0,1.59,1179.0,,29.7,1.5,3.0,2.0,37.5,22.11833455076698,741.5094339622641,96.0,0.98125,0.019815059445178335,-1,Active,Strength and cardio mix 3x/week
18.0,Female,69.0,1.66,196.0,141.0,56.0,1.46,1251.0,Yoga,25.7,2.4,4.0,2.0,18.23,25.039918710988534,856.8493150684932,140.0,0.7193877551020408,0.034782608695652174,-1,Active,Strength and cardio mix 3x/week
19.0,Male,72.5,1.73,184.0,135.0,71.0,1.12,1392.0,HIIT,11.9,3.5,3.0,1.0,29.87,24.2239967924087,1242.8571428571427,113.0,0.7336956521739131,0.04827586206896552,-1,Very Active,High-intensity interval training 3-4x/week
30.0,,50.8,1.81,196.0,132.0,74.0,1.28,794.0,Yoga,14.5,3.2,3.0,3.0,22.58,15.506242178199688,620.3125,122.0,0.673469387755102,0.06299212598425198,-1,Moderate,Moderate cardio 2-3x/week
40.0,Female,68.2,1.5,197.0,153.0,71.0,1.24,484.0,Cardio,24.1,3.5,4.0,2.0,12.45,30.311111111111114,390.3225806451613,126.0,0.7766497461928934,0.05131964809384164,-1,Moderate,Moderate cardio 2-3x/week
49.0,Female,105.0,1.63,170.0,139.0,70.0,1.53,1065.0,Cardio,24.0,1.5,4.0,2.0,18.89,39.51974105160149,696.0784313725491,100.0,0.8176470588235294,0.014285714285714285,-1,Moderate,Moderate cardio 2-3x/week
57.0,Female,129.9,1.88,162.0,148.0,56.0,1.71,1233.0,Strength,24.0,1.8,3.0,1.0,,36.75305568130376,721.0526315789474,106.0,0.9135802469135802,0.013856812933025403,-1,Moderate,Moderate cardio 2-3x/week
50.0,Male,62.5,1.67,172.0,121.0,56.0,1.14,1415.0,Cardio,20.9,2.5,5.0,2.0,28.47,22.410269281795692,1241.2280701754387,116.0,0.7034883720930233,0.04,-1,Very Active,High-intensity interval training 3-4x/week
26.0,Male,72.4,1.68,196.0,169.0,53.0,2.0,1082.0,HIIT,29.8,2.5,2.0,3.0,21.68,25.651927437641728,541.0,143.0,0.8622448979591837,0.03453038674033149,-1,Moderate,Moderate cardio 2-3x/week
55.0,Female,93.1,1.82,172.0,148.0,60.0,1.22,1039.0,HIIT,17.3,2.6,4.0,1.0,20.51,28.106508875739642,851.6393442622951,112.0,0.8604651162790697,0.027926960257787327,-1,Active,Strength and cardio mix 3x/week
48.0,Female,122.3,1.71,183.0,120.0,63.0,0.79,992.0,,10.0,2.6,4.0,1.0,18.9,41.82483499196334,1255.6962025316454,120.0,0.6557377049180327,0.02125919869174162,-1,Moderate,Moderate cardio 2-3x/week
29.0,Female,70.8,1.85,160.0,142.0,52.0,1.5,1624.0,\tYoga,14.2,3.5,2.0,3.0,15.46,20.686632578524467,1082.6666666666667,108.0,0.8875,0.04943502824858757,-1,Very Active,High-intensity interval training 3-4x/week
52.0,Male,51.5,1.6,184.0,162.0,65.0,1.46,1339.0,Cardio,25.2,3.2,4.0,3.0,12.32,20.117187499999996,917.1232876712329,119.0,0.8804347826086957,0.06213592233009709,-1,Active,Strength and cardio mix 3x/week
18.0,Female,57.1,1.61,198.0,129.0,66.0,0.94,1064.0,Cardio,31.7,2.4,2.0,3.0,19.32,22.028471123799235,1131.9148936170213,132.0,0.6515151515151515,0.04203152364273205,-1,Active,Strength and cardio mix 3x/week
36.0,Female,64.4,1.97,166.0,153.0,59.0,1.45,1132.0,HIIT,27.9,2.9,3.0,1.0,23.33,16.594088999974232,780.6896551724138,107.0,0.9216867469879518,0.04503105590062111,-1,Active,Strength and cardio mix 3x/week
52.0,Male,63.0,1.72,184.0,131.0,54.0,1.48,804.0,Cardio,21.5,1.5,4.0,3.0,34.06,21.29529475392104,543.2432432432432,130.0,0.7119565217391305,0.023809523809523808,-1,Moderate,Moderate cardio 2-3x/week
29.0,Male,77.2,1.89,192.0,152.0,58.0,2.0,858.0,HIIT,25.6,3.2,3.0,2.0,19.23,21.6119369558523,429.0,134.0,0.7916666666666666,0.04145077720207254,-1,Moderate,Moderate cardio 2-3x/week
18.0,Female,40.0,1.66,190.0,147.0,50.0,1.6,1287.0,Cardio,27.6,1.9,5.0,3.0,22.99,14.51589490492089,804.375,140.0,0.7736842105263158,0.0475,-1,Active,Strength and cardio mix 3x/week
30.0,Female,76.3,2.0,193.0,132.0,59.0,1.11,548.0,HIIT,34.9,3.2,3.0,1.0,17.54,19.075,493.69369369369366,134.0,0.6839378238341969,0.041939711664482314,-1,Moderate,Moderate cardio 2-3x/week
29.0,Female,71.2,1.8,176.0,139.0,68.0,1.4,354.0,Cardio,10.0,3.4,2.0,3.0,31.75,21.975308641975307,252.85714285714286,108.0,0.7897727272727273,0.047752808988764044,-1,Moderate,Moderate cardio 2-3x/week
55.0,Male,104.9,1.56,187.0,155.0,58.0,0.87,1260.0,\nStrength,27.8,3.5,3.0,1.0,12.68,43.104865220249835,1448.2758620689656,129.0,0.8288770053475936,0.03336510962821735,-1,Very Active,High-intensity interval training 3-4x/week
31.0,Female,63.6,1.57,165.0,169.0,74.0,1.09,1148.0,Strength,15.1,3.4,4.0,1.0,13.15,25.80226378352063,1053.2110091743118,91.0,1.0242424242424242,0.05345911949685534,-1,Active,Strength and cardio mix 3x/week
26.0,Male,68.6,1.7,172.0,167.0,57.0,1.32,501.0,Yoga,25.4,1.5,3.0,2.0,18.29,23.73702422145329,379.5454545454545,115.0,0.9709302325581395,0.02186588921282799,-1,Moderate,Moderate cardio 2-3x/week
33.0,Male,46.0,1.71,163.0,145.0,54.0,1.29,671.0,Yoga,21.4,3.1,2.0,3.0,14.68,15.731336137614994,520.1550387596899,109.0,0.8895705521472392,0.06739130434782609,-1,Moderate,Moderate cardio 2-3x/week
39.0,Female,88.6,1.8,181.0,158.0,71.0,1.29,1296.0,Strength,24.3,2.8,4.0,1.0,,27.345679012345677,1004.6511627906976,110.0,0.8729281767955801,0.03160270880361174,-1,Very Active,High-intensity interval training 3-4x/week
36.0,Male,79.7,1.75,168.0,132.0,74.0,1.67,445.0,Strength,23.9,3.4,4.0,2.0,25.28,26.024489795918367,266.4670658682635,94.0,0.7857142857142857,0.04265997490589711,-1,Moderate,Moderate cardio 2-3x/week
33.0,Female,108.7,1.75,199.0,131.0,74.0,0.86,1080.0,Yoga,24.1,1.9,3.0,1.0,16.46,35.49387755102041,1255.8139534883721,125.0,0.6582914572864321,0.01747930082796688,-1,Active,Strength and cardio mix 3x/week
45.0,Female,61.4,1.76,194.0,120.0,68.0,1.22,909.0,Strength,21.4,2.8,2.0,1.0,21.75,19.821797520661157,745.0819672131148,126.0,0.6185567010309279,0.04560260586319218,-1,Moderate,Moderate cardio 2-3x/week
21.0,Female,69.2,1.87,168.0,127.0,68.0,1.47,1275.0,Yoga,24.1,2.9,5.0,3.0,14.59,19.788955932397265,867.3469387755102,100.0,0.7559523809523809,0.04190751445086705,-1,Active,Strength and cardio mix 3x/week
52.0,Male,67.4,1.72,160.0,134.0,51.0,1.49,1307.0,Strength,17.0,2.6,2.0,2.0,15.39,22.78258518117902,877.1812080536913,109.0,0.8375,0.03857566765578635,-1,Active,Strength and cardio mix 3x/week
29.0,Female,40.0,1.64,178.0,130.0,69.0,1.15,1093.0,HIIT,27.4,3.4,3.0,2.0,14.89,14.872099940511603,950.4347826086957,109.0,0.7303370786516854,0.08499999999999999,-1,Active,Strength and cardio mix 3x/week
47.0,Female,46.0,1.58,172.0,147.0,72.0,1.37,1098.0,Strength,28.5,3.7,2.0,3.0,15.45,18.426534209261334,801.4598540145985,100.0,0.8546511627906976,0.08043478260869566,-1,Active,Strength and cardio mix 3x/week
34.0,Male,89.1,1.78,174.0,120.0,51.0,1.52,574.0,Cardio,27.6,1.5,4.0,2.0,20.61,28.12144931195556,377.63157894736844,123.0,0.6896551724137931,0.016835016835016835,-1,Moderate,Moderate cardio 2-3x/week
57.0,Male,70.4,1.72,181.0,161.0,57.0,1.3,983.0,Yoga,29.9,3.6,3.0,2.0,22.21,23.796646836127643,756.1538461538461,124.0,0.8895027624309392,0.05113636363636363,-1,Moderate,Moderate cardio 2-3x/week
24.0,Male,65.7,1.84,165.0,146.0,74.0,1.59,954.0,Cardio,17.8,2.8,5.0,2.0,16.06,19.405718336483933,600.0,91.0,0.8848484848484849,0.0426179604261796,-1,Moderate,Moderate cardio 2-3x/week
26.0,Male,82.2,1.69,189.0,139.0,70.0,1.45,1184.0,Yoga,10.0,2.5,5.0,2.0,18.01,28.780504884282767,816.551724137931,119.0,0.7354497354497355,0.03041362530413625,-1,Active,Strength and cardio mix 3x/week
32.0,,52.2,1.73,196.0,134.0,74.0,2.0,684.0,Strength,27.4,2.0,3.0,1.0,21.27,17.441277690534264,342.0,122.0,0.6836734693877551,0.038314176245210725,-1,Moderate,Moderate cardio 2-3x/week
18.0,Female,110.3,1.76,168.0,169.0,55.0,1.86,1391.0,Strength,33.0,3.5,5.0,3.0,16.38,35.608212809917354,747.8494623655913,113.0,1.005952380952381,0.03173164097914778,-1,Active,Strength and cardio mix 3x/week
54.0,Male,42.7,1.72,191.0,153.0,74.0,2.0,987.0,Yoga,13.6,1.5,5.0,2.0,19.11,14.433477555435372,493.5,117.0,0.8010471204188482,0.0351288056206089,-1,Moderate,Moderate cardio 2-3x/week
35.0,Female,98.0,1.59,179.0,141.0,62.0,1.04,729.0,Cardio,14.2,1.5,3.0,1.0,18.32,38.764289387286894,700.9615384615385,117.0,0.7877094972067039,0.015306122448979591,-1,Moderate,Moderate cardio 2-3x/week
37.0,Female,94.5,1.84,160.0,158.0,61.0,1.2,1063.0,HIIT,26.6,2.6,3.0,2.0,12.32,27.912334593572776,885.8333333333334,99.0,0.9875,0.027513227513227514,-1,Active,Strength and cardio mix 3x/week
30.0,Female,57.6,1.66,169.0,160.0,67.0,1.86,1332.0,Yoga,30.9,2.7,4.0,2.0,30.42,20.90288866308608,716.1290322580645,102.0,0.9467455621301775,0.046875,-1,Moderate,Moderate cardio 2-3x/week
31.0,Male,40.0,1.74,194.0,155.0,68.0,1.4,716.0,HIIT,30.6,1.5,4.0,3.0,20.16,13.21178491214163,511.42857142857144,126.0,0.7989690721649485,0.0375,-1,Moderate,Moderate cardio 2-3x/week
28.0,Male,40.3,1.69,166.0,169.0,69.0,0.5,864.0,Cardio,24.9,2.6,3.0,3.0,20.42,14.110150204824762,1728.0,97.0,1.0180722891566265,0.06451612903225808,-1,Less Active,Light exercise 1-2x/week
53.0,Male,60.8,1.66,199.0,121.0,69.0,1.12,926.0,Strength,26.5,3.6,4.0,1.0,12.32,22.064160255479752,826.7857142857142,130.0,0.6080402010050251,0.05921052631578948,-1,Moderate,Moderate cardio 2-3x/week
56.0,Male,72.0,1.77,191.0,168.0,62.0,1.55,1144.0,Cardio,30.0,2.7,2.0,2.0,23.34,22.981901752370007,738.0645161290322,129.0,0.8795811518324608,0.037500000000000006,-1,Active,Strength and cardio mix 3x/week
44.0,Male,94.4,1.75,163.0,154.0,58.0,1.66,881.0,HIIT,24.1,2.9,3.0,3.0,12.32,30.824489795918367,530.722891566265,105.0,0.9447852760736196,0.030720338983050845,-1,Moderate,Moderate cardio 2-3x/week
38.0,Male,71.0,1.84,190.0,120.0,53.0,1.93,1700.0,Cardio,24.7,3.1,,3.0,21.97,20.97117202268431,880.8290155440415,137.0,0.631578947368421,0.04366197183098592,-1,Active,Strength and cardio mix 3x/week
34.0,Female,77.9,1.87,183.0,169.0,59.0,1.28,691.0,,24.0,3.4,2.0,1.0,15.67,22.276873802510792,539.84375,124.0,0.9234972677595629,0.043645699614890884,-1,Moderate,Moderate cardio 2-3x/week
48.0,Male,52.6,1.63,182.0,129.0,54.0,2.0,1310.0,Strength,25.1,1.5,,1.0,14.53,19.79750837442132,655.0,128.0,0.7087912087912088,0.028517110266159697,-1,Moderate,Moderate cardio 2-3x/week
48.0,Female,62.9,1.67,198.0,164.0,64.0,0.84,1098.0,HIIT,24.5,3.3,5.0,1.0,24.26,22.55369500519918,1307.142857142857,134.0,0.8282828282828283,0.05246422893481717,-1,Active,Strength and cardio mix 3x/week
33.0,Male,59.6,1.6,187.0,127.0,69.0,1.41,573.0,\tCardio,22.7,2.2,3.0,1.0,21.54,23.281249999999996,406.3829787234043,118.0,0.679144385026738,0.03691275167785235,-1,Moderate,Moderate cardio 2-3x/week
46.0,Female,50.0,1.5,182.0,149.0,64.0,1.44,929.0,Cardio,23.8,3.3,2.0,3.0,16.09,22.22222222222222,645.1388888888889,118.0,0.8186813186813187,0.066,-1,Moderate,Moderate cardio 2-3x/week
36.0,Female,61.2,1.93,166.0,145.0,55.0,0.77,1015.0,HIIT,18.8,1.5,4.0,2.0,12.32,16.429971274396628,1318.1818181818182,111.0,0.8734939759036144,0.024509803921568627,-1,Active,Strength and cardio mix 3x/week
36.0,Female,82.5,1.66,166.0,134.0,50.0,0.95,640.0,Yoga,11.2,3.4,5.0,2.0,21.01,29.939033241399333,673.6842105263158,116.0,0.8072289156626506,0.041212121212121214,-1,Moderate,Moderate cardio 2-3x/week
57.0,Female,58.3,1.73,164.0,132.0,50.0,1.48,492.0,HIIT,27.7,3.6,3.0,1.0,19.23,19.479434662033476,332.43243243243245,114.0,0.8048780487804879,0.061749571183533455,-1,Moderate,Moderate cardio 2-3x/week
31.0,Male,53.0,1.83,182.0,149.0,55.0,1.33,821.0,Strength,23.6,3.4,4.0,3.0,22.89,15.826092149661081,617.2932330827067,127.0,0.8186813186813187,0.06415094339622641,-1,Moderate,Moderate cardio 2-3x/week
38.0,Female,81.1,1.92,190.0,125.0,61.0,1.18,690.0,Yoga,26.1,3.1,4.0,3.0,17.99,21.99978298611111,584.7457627118645,129.0,0.6578947368421053,0.03822441430332923,-1,Moderate,Moderate cardio 2-3x/week
49.0,Female,65.7,1.77,182.0,139.0,74.0,1.18,744.0,HIIT,26.8,3.1,2.0,2.0,23.0,20.970985349037633,630.5084745762712,108.0,0.7637362637362637,0.0471841704718417,-1,Moderate,Moderate cardio 2-3x/week
21.0,Male,81.8,1.83,182.0,163.0,53.0,2.0,1159.0,Cardio,29.2,2.7,4.0,1.0,22.27,24.42593090268446,579.5,129.0,0.8956043956043956,0.03300733496332519,-1,Moderate,Moderate cardio 2-3x/week
28.0,Female,91.2,1.77,164.0,162.0,55.0,1.28,648.0,Strength,25.4,3.3,2.0,2.0,18.88,29.110408886335343,506.25,109.0,0.9878048780487805,0.036184210526315784,-1,Moderate,Moderate cardio 2-3x/week
52.0,Female,98.5,1.96,183.0,169.0,50.0,1.98,1515.0,Strength,,2.2,5.0,1.0,35.08,25.640358184089965,765.1515151515151,133.0,0.9234972677595629,0.022335025380710662,-1,Active,Strength and cardio mix 3x/week
22.0,Male,88.9,1.6,182.0,148.0,74.0,1.39,1386.0,HIIT,28.9,2.5,3.0,3.0,32.24,34.72656249999999,997.1223021582734,108.0,0.8131868131868132,0.028121484814398197,-1,Very Active,High-intensity interval training 3-4x/week
43.0,Male,88.5,1.72,185.0,131.0,67.0,1.48,1140.0,Cardio,23.6,3.3,4.0,1.0,28.7,29.91481882098432,770.2702702702703,118.0,0.7081081081081081,0.037288135593220334,-1,Active,Strength and cardio mix 3x/week
46.0,Male,85.9,1.7,180.0,148.0,66.0,1.77,1088.0,HIIT,13.8,3.4,2.0,2.0,21.8,29.723183391003467,614.6892655367232,114.0,0.8222222222222222,0.039580908032596035,-1,Moderate,Moderate cardio 2-3x/week
18.0,Male,56.5,1.86,193.0,129.0,54.0,1.4,901.0,HIIT,20.6,3.5,4.0,2.0,13.7,16.331367788183602,643.5714285714287,139.0,0.6683937823834197,0.061946902654867256,-1,Moderate,Moderate cardio 2-3x/week
18.0,Male,71.9,1.54,170.0,121.0,59.0,1.48,658.0,HIIT,18.9,2.6,4.0,2.0,24.65,30.31708551189071,444.5945945945946,111.0,0.711764705882353,0.036161335187760775,-1,Moderate,Moderate cardio 2-3x/week
44.0,Male,66.8,1.72,191.0,136.0,68.0,1.34,1239.0,Cardio,31.5,2.8,4.0,2.0,22.21,22.579772850189293,924.6268656716418,123.0,0.7120418848167539,0.041916167664670656,-1,Active,Strength and cardio mix 3x/week
55.0,Female,46.3,1.7,187.0,139.0,52.0,2.0,1130.0,Cardio,27.3,1.5,3.0,1.0,32.94,16.02076124567474,565.0,135.0,0.7433155080213903,0.032397408207343416,-1,Moderate,Moderate cardio 2-3x/week
57.0,Male,72.4,1.65,168.0,162.0,56.0,1.71,1140.0,Yoga,10.9,2.5,4.0,1.0,28.3,26.59320477502296,666.6666666666666,112.0,0.9642857142857143,0.03453038674033149,-1,Moderate,Moderate cardio 2-3x/week
41.0,Male,70.7,1.81,191.0,134.0,62.0,1.53,1381.0,Cardio,30.3,3.3,2.0,2.0,23.32,21.580537834620433,902.6143790849673,129.0,0.7015706806282722,0.04667609618104667,-1,Active,Strength and cardio mix 3x/week
52.0,Female,45.0,1.75,196.0,143.0,74.0,2.0,926.0,Yoga,22.0,2.4,3.0,1.0,38.8,14.693877551020408,463.0,122.0,0.7295918367346939,0.05333333333333333,-1,Moderate,Moderate cardio 2-3x/week
18.0,Female,74.8,1.83,165.0,144.0,63.0,1.66,1174.0,Cardio,22.9,3.1,2.0,2.0,15.29,22.335692316880166,707.2289156626506,102.0,0.8727272727272727,0.041443850267379685,-1,Moderate,Moderate cardio 2-3x/week
31.0,Female,61.1,1.69,190.0,123.0,64.0,0.62,1227.0,HIIT,23.8,3.6,2.0,3.0,19.83,21.392808375056898,1979.032258064516,126.0,0.6473684210526316,0.058919803600654665,-1,Active,Strength and cardio mix 3x/week
34.0,Female,44.3,1.76,180.0,129.0,58.0,1.85,494.0,Strength,25.8,3.2,4.0,3.0,16.48,14.301394628099173,267.02702702702703,122.0,0.7166666666666667,0.07223476297968398,-1,Moderate,Moderate cardio 2-3x/week
20.0,Female,96.2,1.59,170.0,142.0,52.0,1.57,1305.0,Strength,10.2,2.8,,1.0,21.72,38.0522922352755,831.2101910828026,118.0,0.8352941176470589,0.029106029106029104,-1,Active,Strength and cardio mix 3x/week
47.0,Male,69.7,1.83,184.0,121.0,70.0,1.02,747.0,HIIT,30.2,1.9,5.0,1.0,20.78,20.812804204365612,732.3529411764706,114.0,0.657608695652174,0.027259684361549495,-1,Moderate,Moderate cardio 2-3x/week
33.0,Male,41.9,1.59,166.0,165.0,50.0,2.0,898.0,Strength,24.6,3.2,3.0,2.0,14.53,16.573711482931845,449.0,116.0,0.9939759036144579,0.07637231503579953,-1,Moderate,Moderate cardio 2-3x/week
47.0,Female,52.9,1.67,180.0,142.0,72.0,1.11,770.0,\tCardio,22.9,1.5,3.0,2.0,30.5,18.968051920111872,693.6936936936936,108.0,0.7888888888888889,0.02835538752362949,-1,Moderate,Moderate cardio 2-3x/week
58.0,Male,94.6,1.57,191.0,152.0,74.0,0.78,674.0,Cardio,10.2,3.3,,1.0,22.94,38.378838898129736,864.1025641025641,117.0,0.7958115183246073,0.03488372093023256,-1,Moderate,Moderate cardio 2-3x/week
47.0,Male,70.5,1.67,166.0,168.0,58.0,1.74,898.0,Strength,30.0,3.2,3.0,2.0,46.78,25.27878374986554,516.0919540229885,108.0,1.0120481927710843,0.04539007092198582,-1,Moderate,Moderate cardio 2-3x/week
27.0,Female,40.0,1.76,192.0,169.0,56.0,2.0,602.0,HIIT,28.0,3.4,3.0,3.0,31.97,12.913223140495868,301.0,136.0,0.8802083333333334,0.08499999999999999,-1,Moderate,Moderate cardio 2-3x/week
51.0,Male,51.6,1.83,194.0,161.0,67.0,2.0,1057.0,Yoga,27.6,2.2,3.0,1.0,24.12,15.408044432500223,528.5,127.0,0.8298969072164949,0.04263565891472868,-1,Moderate,Moderate cardio 2-3x/week
18.0,Female,83.3,1.59,165.0,169.0,72.0,1.19,997.0,Strength,25.7,3.3,3.0,1.0,31.83,32.94964597919385,837.8151260504202,93.0,1.0242424242424242,0.03961584633853541,-1,Moderate,Moderate cardio 2-3x/week
20.0,Male,67.7,1.84,193.0,122.0,66.0,1.19,900.0,Cardio,13.7,3.4,5.0,2.0,19.76,19.996455576559548,756.3025210084033,127.0,0.6321243523316062,0.05022156573116691,-1,Moderate,Moderate cardio 2-3x/week
43.0,Male,57.8,1.78,197.0,163.0,52.0,1.42,1418.0,\tYoga,28.6,1.6,2.0,1.0,14.84,18.24264613053907,998.5915492957747,145.0,0.8274111675126904,0.027681660899653984,-1,Very Active,High-intensity interval training 3-4x/week
45.0,Male,59.0,1.87,199.0,157.0,55.0,1.11,613.0,Strength,18.2,3.2,2.0,1.0,31.55,16.872086705367607,552.2522522522522,144.0,0.7889447236180904,0.054237288135593226,-1,Moderate,Moderate cardio 2-3x/week
29.0,Female,61.5,1.88,182.0,152.0,72.0,1.62,793.0,HIIT,24.2,3.3,4.0,3.0,23.84,17.400407424173835,489.5061728395061,110.0,0.8351648351648352,0.05365853658536585,-1,Moderate,Moderate cardio 2-3x/week
18.0,Female,40.0,1.75,176.0,124.0,68.0,1.01,1536.0,HIIT,14.6,3.5,,2.0,17.62,13.061224489795919,1520.7920792079208,108.0,0.7045454545454546,0.0875,-1,Very Active,High-intensity interval training 3-4x/week
37.0,Male,79.6,1.68,180.0,137.0,67.0,2.0,920.0,Yoga,28.6,1.8,,3.0,23.26,28.202947845804992,460.0,113.0,0.7611111111111111,0.022613065326633167,-1,Moderate,Moderate cardio 2-3x/week
26.0,Female,68.6,1.75,184.0,140.0,60.0,1.26,681.0,HIIT,29.4,1.8,3.0,3.0,20.02,22.4,540.4761904761905,124.0,0.7608695652173914,0.02623906705539359,-1,Moderate,Moderate cardio 2-3x/week
49.0,Female,77.9,1.75,196.0,169.0,64.0,1.24,1267.0,HIIT,24.8,3.5,3.0,2.0,14.38,25.436734693877554,1021.7741935483871,132.0,0.8622448979591837,0.044929396662387676,-1,Very Active,High-intensity interval training 3-4x/week
23.0,Female,40.9,1.75,187.0,136.0,50.0,1.14,1135.0,Cardio,24.8,3.4,3.0,2.0,12.32,13.355102040816327,995.6140350877193,137.0,0.7272727272727273,0.08312958435207823,-1,Active,Strength and cardio mix 3x/week
18.0,Male,68.7,1.77,161.0,169.0,68.0,1.01,1011.0,Cardio,27.3,3.5,3.0,2.0,17.0,21.928564588719716,1000.990099009901,93.0,1.049689440993789,0.050946142649199416,-1,Less Active,Light exercise 1-2x/week
23.0,Male,114.9,1.61,180.0,120.0,56.0,1.27,891.0,HIIT,28.0,3.3,3.0,1.0,22.67,44.32699355734732,701.5748031496063,124.0,0.6666666666666666,0.028720626631853784,-1,Moderate,Moderate cardio 2-3x/week
47.0,Male,65.6,1.77,190.0,154.0,54.0,1.59,413.0,Strength,23.1,3.6,2.0,2.0,14.47,20.93906604104823,259.748427672956,136.0,0.8105263157894737,0.05487804878048781,-1,Moderate,Moderate cardio 2-3x/week
20.0,Female,90.9,1.69,198.0,142.0,74.0,1.35,927.0,Cardio,18.1,3.2,4.0,1.0,16.23,31.826616715101018,686.6666666666666,124.0,0.7171717171717171,0.0352035203520352,-1,Moderate,Moderate cardio 2-3x/week
40.0,Male,61.0,1.89,196.0,123.0,71.0,1.45,625.0,Strength,27.4,3.6,3.0,1.0,23.16,17.076789563562052,431.0344827586207,125.0,0.6275510204081632,0.05901639344262295,-1,Moderate,Moderate cardio 2-3x/week
18.0,Male,66.8,1.66,166.0,135.0,59.0,2.0,803.0,Yoga,23.2,3.0,2.0,1.0,12.56,24.241544491217883,401.5,107.0,0.8132530120481928,0.04491017964071856,-1,Moderate,Moderate cardio 2-3x/week
56.0,Male,42.6,1.61,190.0,161.0,60.0,1.24,1260.0,HIIT,23.0,3.6,4.0,3.0,23.68,16.43455113614444,1016.1290322580645,130.0,0.8473684210526315,0.08450704225352113,-1,Very Active,High-intensity interval training 3-4x/week
56.0,Female,88.8,1.7,173.0,129.0,52.0,1.79,933.0,Yoga,24.1,1.5,4.0,2.0,12.32,30.72664359861592,521.2290502793296,121.0,0.7456647398843931,0.016891891891891893,-1,Moderate,Moderate cardio 2-3x/week
34.0,Female,83.2,1.64,171.0,164.0,69.0,1.19,1392.0,Yoga,22.9,3.5,3.0,1.0,14.97,30.933967876264134,1169.747899159664,102.0,0.9590643274853801,0.04206730769230769,-1,Very Active,High-intensity interval training 3-4x/week
38.0,Female,99.1,1.5,185.0,159.0,74.0,1.38,995.0,HIIT,17.8,1.5,4.0,1.0,24.56,44.044444444444444,721.0144927536232,111.0,0.8594594594594595,0.01513622603430878,-1,Moderate,Moderate cardio 2-3x/week
43.0,Male,77.8,1.7,180.0,149.0,58.0,1.38,1643.0,Strength,14.9,2.8,5.0,1.0,16.55,26.920415224913498,1190.5797101449277,122.0,0.8277777777777777,0.03598971722365039,-1,Very Active,High-intensity interval training 3-4x/week
18.0,Male,47.8,1.85,161.0,156.0,50.0,1.02,1265.0,Yoga,30.8,3.2,5.0,1.0,12.32,13.966398831263694,1240.1960784313726,111.0,0.968944099378882,0.06694560669456068,-1,Very Active,High-intensity interval training 3-4x/week
24.0,Male,40.0,1.82,168.0,120.0,74.0,1.28,303.0,Strength,25.0,3.6,3.0,1.0,17.95,12.075836251660427,236.71875,94.0,0.7142857142857143,0.09,-1,Moderate,Moderate cardio 2-3x/week
35.0,Female,91.0,1.55,174.0,136.0,74.0,0.99,1216.0,Cardio,27.0,3.5,3.0,3.0,16.0,37.87721123829344,1228.2828282828284,100.0,0.7816091954022989,0.038461538461538464,-1,Active,Strength and cardio mix 3x/week
21.0,Male,86.3,1.74,184.0,169.0,61.0,1.85,993.0,Strength,24.9,3.4,2.0,2.0,22.21,28.504425947945567,536.7567567567568,123.0,0.9184782608695652,0.039397450753186555,-1,Moderate,Moderate cardio 2-3x/week
26.0,Male,64.6,1.82,196.0,165.0,55.0,1.46,1699.0,Yoga,28.1,3.3,4.0,2.0,19.63,19.502475546431587,1163.6986301369864,141.0,0.8418367346938775,0.05108359133126935,-1,Very Active,High-intensity interval training 3-4x/week
23.0,Female,59.6,1.81,160.0,146.0,71.0,1.54,1382.0,HIIT,22.6,2.8,5.0,2.0,12.32,18.19236287048625,897.4025974025974,89.0,0.9125,0.046979865771812075,-1,Active,Strength and cardio mix 3x/week
46.0,Female,53.7,1.5,177.0,169.0,54.0,1.62,1245.0,Strength,26.8,3.7,4.0,3.0,22.71,23.866666666666667,768.5185185185185,123.0,0.9548022598870056,0.06890130353817504,-1,Active,Strength and cardio mix 3x/week
55.0,Female,58.9,1.56,197.0,125.0,58.0,0.73,1103.0,Yoga,22.1,3.5,3.0,2.0,30.52,24.20282708744247,1510.9589041095892,139.0,0.6345177664974619,0.059422750424448216,-1,Active,Strength and cardio mix 3x/week
31.0,Male,79.4,1.58,163.0,125.0,74.0,1.49,663.0,Cardio,24.0,2.4,3.0,2.0,12.32,31.805800352507607,444.96644295302013,89.0,0.7668711656441718,0.030226700251889164,-1,Moderate,Moderate cardio 2-3x/week
26.0,Male,83.1,1.52,163.0,139.0,51.0,1.95,925.0,Strength,10.0,2.8,3.0,1.0,20.05,35.96779778393351,474.35897435897436,112.0,0.852760736196319,0.03369434416365824,-1,Moderate,Moderate cardio 2-3x/week
31.0,Female,61.7,1.52,177.0,160.0,54.0,0.54,1266.0,Yoga,23.1,1.7,4.0,2.0,12.32,26.7053324099723,2344.4444444444443,123.0,0.903954802259887,0.027552674230145863,-1,Very Active,High-intensity interval training 3-4x/week
27.0,Male,66.6,1.7,171.0,149.0,73.0,1.43,1321.0,Strength,26.6,3.3,4.0,3.0,13.51,23.044982698961938,923.7762237762238,98.0,0.8713450292397661,0.04954954954954955,-1,Active,Strength and cardio mix 3x/week
45.0,Female,106.3,1.84,172.0,123.0,61.0,1.15,1177.0,Strength,16.9,2.6,4.0,3.0,30.72,31.397684310018903,1023.4782608695652,111.0,0.7151162790697675,0.024459078080903106,-1,Active,Strength and cardio mix 3x/week
30.0,Female,62.3,1.53,185.0,153.0,68.0,1.3,1382.0,Yoga,20.5,1.6,2.0,2.0,34.48,26.613695587167328,1063.076923076923,117.0,0.827027027027027,0.025682182985553775,-1,Very Active,High-intensity interval training 3-4x/week
48.0,Male,83.0,1.55,164.0,169.0,67.0,1.27,1287.0,Cardio,21.5,3.5,2.0,3.0,22.88,34.54734651404786,1013.3858267716536,97.0,1.0304878048780488,0.04216867469879518,-1,Very Active,High-intensity interval training 3-4x/week
35.0,Male,75.4,1.64,198.0,167.0,63.0,1.14,1045.0,Yoga,20.5,1.5,3.0,2.0,30.23,28.033908387864372,916.6666666666667,135.0,0.8434343434343434,0.01989389920424403,-1,Active,Strength and cardio mix 3x/week
30.0,Female,98.3,1.84,178.0,161.0,74.0,1.58,576.0,HIIT,23.3,1.6,3.0,2.0,16.15,29.034735349716446,364.55696202531647,104.0,0.9044943820224719,0.016276703967446595,-1,Moderate,Moderate cardio 2-3x/week
38.0,Female,46.5,1.65,182.0,169.0,70.0,1.34,806.0,Cardio,24.1,3.5,2.0,1.0,12.32,17.079889807162537,601.4925373134328,112.0,0.9285714285714286,0.07526881720430108,-1,Moderate,Moderate cardio 2-3x/week
44.0,Male,61.6,1.65,167.0,158.0,74.0,1.11,1223.0,Strength,23.8,2.9,4.0,1.0,15.25,22.62626262626263,1101.8018018018017,93.0,0.9461077844311377,0.04707792207792207,-1,Active,Strength and cardio mix 3x/week
31.0,Female,64.0,1.85,184.0,147.0,71.0,1.05,571.0,Strength,27.0,2.0,5.0,2.0,14.26,18.699780861943022,543.8095238095237,113.0,0.7989130434782609,0.03125,-1,Moderate,Moderate cardio 2-3x/week
18.0,Male,59.1,1.69,180.0,155.0,57.0,1.99,1505.0,Yoga,27.5,1.9,4.0,1.0,17.36,20.692552781765347,756.2814070351759,123.0,0.8611111111111112,0.032148900169204735,-1,Active,Strength and cardio mix 3x/week
24.0,Female,45.1,1.6,195.0,163.0,66.0,2.0,453.0,Cardio,31.2,1.6,2.0,2.0,22.88,17.617187499999996,226.5,129.0,0.8358974358974359,0.03547671840354767,-1,Moderate,Moderate cardio 2-3x/week
18.0,,82.7,1.79,171.0,167.0,69.0,1.09,1305.0,HIIT,21.8,2.1,2.0,1.0,12.89,25.810680066165226,1197.2477064220182,102.0,0.9766081871345029,0.02539298669891173,-1,Very Active,High-intensity interval training 3-4x/week
33.0,Male,85.0,1.73,161.0,128.0,64.0,1.34,812.0,Strength,16.6,3.2,4.0,1.0,13.34,28.40054796351365,605.9701492537313,97.0,0.7950310559006211,0.037647058823529415,-1,Moderate,Moderate cardio 2-3x/week
21.0,Female,77.9,1.8,199.0,169.0,56.0,1.3,1171.0,Cardio,19.7,3.4,3.0,2.0,19.98,24.04320987654321,900.7692307692307,143.0,0.8492462311557789,0.043645699614890884,-1,Active,Strength and cardio mix 3x/week
20.0,Male,40.0,1.52,192.0,151.0,63.0,1.5,572.0,HIIT,25.1,3.7,4.0,1.0,25.64,17.31301939058172,381.3333333333333,129.0,0.7864583333333334,0.0925,-1,Moderate,Moderate cardio 2-3x/week
59.0,Male,44.8,1.67,189.0,130.0,63.0,1.29,1021.0,Strength,29.8,3.6,3.0,3.0,12.32,16.06368102119115,791.4728682170543,126.0,0.6878306878306878,0.08035714285714286,-1,Active,Strength and cardio mix 3x/week
51.0,Female,66.4,1.77,184.0,147.0,55.0,0.97,1531.0,HIIT,33.1,3.6,3.0,3.0,14.27,21.194420504963453,1578.3505154639176,129.0,0.7989130434782609,0.05421686746987951,-1,Very Active,High-intensity interval training 3-4x/week
50.0,Male,40.0,2.0,192.0,155.0,56.0,0.82,829.0,Strength,24.6,2.4,3.0,2.0,16.67,10.0,1010.9756097560976,136.0,0.8072916666666666,0.06,-1,Moderate,Moderate cardio 2-3x/week
42.0,Male,96.2,1.63,164.0,148.0,74.0,1.38,887.0,Strength,16.3,1.6,2.0,3.0,25.15,36.207610372991084,642.7536231884059,90.0,0.9024390243902439,0.016632016632016633,-1,Moderate,Moderate cardio 2-3x/week
45.0,Female,54.0,1.86,170.0,148.0,65.0,1.36,670.0,Cardio,28.9,3.5,3.0,2.0,16.72,15.608740894901143,492.6470588235294,105.0,0.8705882352941177,0.06481481481481481,-1,Moderate,Moderate cardio 2-3x/week
22.0,Male,71.1,1.68,164.0,160.0,74.0,1.51,955.0,Cardio,10.0,3.3,4.0,2.0,16.09,25.191326530612248,632.4503311258278,90.0,0.975609756097561,0.046413502109704644,-1,Moderate,Moderate cardio 2-3x/week
47.0,Female,48.6,1.55,176.0,165.0,74.0,0.71,1305.0,Cardio,15.6,2.7,2.0,1.0,27.31,20.22892819979188,1838.0281690140846,102.0,0.9375,0.05555555555555556,-1,Very Active,High-intensity interval training 3-4x/week
34.0,Female,100.1,1.97,192.0,164.0,73.0,2.0,1747.0,Yoga,25.5,1.5,4.0,2.0,22.68,25.792986163003427,873.5,119.0,0.8541666666666666,0.014985014985014986,-1,Active,Strength and cardio mix 3x/week
51.0,Female,53.7,1.72,169.0,120.0,52.0,0.95,1234.0,HIIT,10.0,3.3,,3.0,14.41,18.151703623580318,1298.9473684210527,117.0,0.7100591715976331,0.06145251396648044,-1,Active,Strength and cardio mix 3x/week
27.0,Male,83.5,1.67,162.0,129.0,65.0,1.48,1517.0,Yoga,25.8,3.3,2.0,1.0,18.45,29.940119760479043,1025.0,97.0,0.7962962962962963,0.03952095808383233,-1,Very Active,High-intensity interval training 3-4x/week
18.0,Male,52.4,1.74,181.0,169.0,63.0,0.83,889.0,Strength,10.0,2.8,4.0,3.0,13.4,17.307438234905536,1071.0843373493976,118.0,0.9337016574585635,0.05343511450381679,-1,Moderate,Moderate cardio 2-3x/week
48.0,Male,89.5,1.61,170.0,153.0,57.0,1.38,1355.0,Strength,10.0,3.3,3.0,1.0,12.32,34.52798888931754,981.8840579710146,113.0,0.9,0.036871508379888264,-1,Very Active,High-intensity interval training 3-4x/week
25.0,Female,58.2,1.64,165.0,169.0,71.0,1.92,984.0,Strength,20.8,3.3,4.0,3.0,19.05,21.638905413444384,512.5,94.0,1.0242424242424242,0.056701030927835044,-1,Moderate,Moderate cardio 2-3x/week
51.0,Male,126.0,1.74,190.0,139.0,57.0,1.04,1108.0,Strength,27.3,3.2,2.0,1.0,22.63,41.617122473246134,1065.3846153846152,133.0,0.7315789473684211,0.025396825396825397,-1,Active,Strength and cardio mix 3x/week
58.0,Female,57.4,1.62,196.0,154.0,61.0,1.59,1015.0,,15.0,2.1,3.0,1.0,25.02,21.87166590458771,638.3647798742138,135.0,0.7857142857142857,0.03658536585365854,-1,Moderate,Moderate cardio 2-3x/week
32.0,Female,52.3,1.59,161.0,121.0,74.0,2.0,723.0,Strength,20.3,3.3,3.0,1.0,22.56,20.68747280566433,361.5,87.0,0.7515527950310559,0.06309751434034416,-1,Moderate,Moderate cardio 2-3x/week
47.0,,40.0,1.85,192.0,139.0,57.0,1.2,697.0,Cardio,25.2,3.5,4.0,1.0,19.04,11.68736303871439,580.8333333333334,135.0,0.7239583333333334,0.0875,-1,Moderate,Moderate cardio 2-3x/week
55.0,Female,129.6,1.84,188.0,139.0,58.0,1.28,1272.0,HIIT,19.2,3.5,3.0,1.0,18.38,38.27977315689981,993.75,130.0,0.7393617021276596,0.027006172839506175,-1,Very Active,High-intensity interval training 3-4x/week
33.0,Female,72.3,1.8,199.0,120.0,74.0,1.33,457.0,HIIT,26.5,2.3,4.0,2.0,12.32,22.314814814814813,343.609022556391,125.0,0.6030150753768844,0.0318118948824343,-1,Moderate,Moderate cardio 2-3x/week
28.0,Male,64.1,1.55,179.0,152.0,52.0,1.41,1091.0,HIIT,31.1,3.3,4.0,1.0,18.43,26.680541103017685,773.758865248227,127.0,0.8491620111731844,0.0514820592823713,-1,Active,Strength and cardio mix 3x/week
34.0,Male,66.7,1.55,186.0,169.0,55.0,1.48,781.0,Cardio,19.4,2.5,3.0,1.0,12.32,27.7627471383975,527.7027027027027,131.0,0.9086021505376344,0.037481259370314844,-1,Moderate,Moderate cardio 2-3x/week
35.0,Male,44.9,1.92,168.0,123.0,67.0,1.29,572.0,Cardio,20.8,2.1,4.0,2.0,17.33,12.17990451388889,443.41085271317826,101.0,0.7321428571428571,0.0467706013363029,-1,Moderate,Moderate cardio 2-3x/week
36.0,Female,90.0,1.69,180.0,160.0,72.0,2.0,717.0,HIIT,20.6,3.3,4.0,1.0,13.72,31.51150169811982,358.5,108.0,0.8888888888888888,0.03666666666666667,-1,Moderate,Moderate cardio 2-3x/week
27.0,Male,77.7,1.76,167.0,131.0,74.0,1.36,448.0,HIIT,24.9,2.1,5.0,2.0,23.19,25.083935950413224,329.4117647058823,93.0,0.7844311377245509,0.02702702702702703,-1,Moderate,Moderate cardio 2-3x/week
18.0,Male,100.0,1.73,192.0,166.0,56.0,1.22,1631.0,Strength,23.3,1.8,4.0,2.0,12.32,33.41240936883958,1336.8852459016393,136.0,0.8645833333333334,0.018000000000000002,-1,Very Active,High-intensity interval training 3-4x/week
52.0,Male,83.4,1.52,176.0,142.0,56.0,1.45,596.0,HIIT,25.6,1.9,3.0,2.0,15.21,36.097645429362885,411.0344827586207,120.0,0.8068181818181818,0.02278177458033573,-1,Moderate,Moderate cardio 2-3x/week
32.0,Female,46.5,1.83,176.0,128.0,74.0,1.01,1061.0,Cardio,10.0,2.5,4.0,3.0,14.63,13.885156319985665,1050.4950495049504,102.0,0.7272727272727273,0.053763440860215055,-1,Active,Strength and cardio mix 3x/week
37.0,Female,81.1,1.78,195.0,143.0,72.0,1.07,770.0,HIIT,22.5,2.5,3.0,2.0,12.51,25.59651559146572,719.626168224299,123.0,0.7333333333333333,0.03082614056720099,-1,Moderate,Moderate cardio 2-3x/week
31.0,Male,50.7,1.86,171.0,149.0,74.0,1.29,580.0,Cardio,,3.6,3.0,2.0,21.13,14.654873395768297,449.61240310077517,97.0,0.8713450292397661,0.07100591715976332,-1,Moderate,Moderate cardio 2-3x/week
23.0,Female,55.4,1.8,164.0,163.0,73.0,1.33,783.0,Strength,27.1,1.5,2.0,1.0,18.71,17.098765432098762,588.7218045112782,91.0,0.9939024390243902,0.02707581227436823,-1,Moderate,Moderate cardio 2-3x/week
23.0,Female,40.0,1.8,160.0,136.0,62.0,1.85,1113.0,Strength,16.8,1.7,3.0,,16.37,12.345679012345679,601.6216216216216,98.0,0.85,0.042499999999999996,-1,Moderate,Moderate cardio 2-3x/week
25.0,Female,76.2,1.87,184.0,148.0,69.0,1.96,809.0,HIIT,26.2,2.3,3.0,1.0,17.02,21.790728931339185,412.7551020408163,115.0,0.8043478260869565,0.03018372703412073,-1,Moderate,Moderate cardio 2-3x/week
52.0,Male,84.5,1.75,180.0,158.0,71.0,2.0,830.0,Strength,14.1,1.5,4.0,3.0,18.25,27.591836734693878,415.0,109.0,0.8777777777777778,0.01775147928994083,-1,Moderate,Moderate cardio 2-3x/week
59.0,Male,40.0,2.0,173.0,141.0,68.0,1.04,1331.0,Strength,27.0,3.7,2.0,1.0,43.74,10.0,1279.8076923076924,105.0,0.815028901734104,0.0925,-1,Very Active,High-intensity interval training 3-4x/week
37.0,,40.0,1.92,163.0,129.0,68.0,1.22,1025.0,Cardio,22.7,3.3,2.0,1.0,23.28,10.850694444444445,840.1639344262295,95.0,0.7914110429447853,0.08249999999999999,-1,Active,Strength and cardio mix 3x/week
42.0,Female,55.6,1.63,176.0,134.0,74.0,1.41,384.0,Cardio,22.0,3.3,3.0,1.0,32.64,20.926643833038504,272.3404255319149,102.0,0.7613636363636364,0.05935251798561151,-1,Moderate,Moderate cardio 2-3x/week
29.0,Male,73.6,1.82,162.0,141.0,55.0,1.5,1057.0,Cardio,25.2,2.1,2.0,2.0,30.41,22.219538703055182,704.6666666666666,107.0,0.8703703703703703,0.028532608695652176,-1,Moderate,Moderate cardio 2-3x/week
29.0,Female,50.8,1.89,199.0,163.0,59.0,0.8,784.0,HIIT,35.0,2.5,3.0,2.0,22.37,14.22132639063856,980.0,140.0,0.8190954773869347,0.04921259842519685,-1,Moderate,Moderate cardio 2-3x/week
27.0,Male,72.5,1.88,181.0,162.0,69.0,1.21,1120.0,HIIT,34.6,3.4,4.0,1.0,27.76,20.512675418741512,925.6198347107438,112.0,0.8950276243093923,0.04689655172413793,-1,Active,Strength and cardio mix 3x/week
21.0,Female,94.4,1.69,197.0,155.0,61.0,1.94,1089.0,Strength,20.7,2.4,,2.0,14.52,33.05206400336123,561.340206185567,136.0,0.7868020304568528,0.02542372881355932,-1,Moderate,Moderate cardio 2-3x/week
52.0,Male,57.5,1.87,174.0,149.0,70.0,1.05,880.0,,12.5,2.5,2.0,2.0,12.32,16.443135348451484,838.0952380952381,104.0,0.8563218390804598,0.043478260869565216,-1,Less Active,Light exercise 1-2x/week
32.0,Male,51.1,1.86,199.0,131.0,63.0,1.0,865.0,HIIT,34.8,3.2,3.0,1.0,21.49,14.770493698693489,865.0,136.0,0.6582914572864321,0.06262230919765166,-1,Moderate,Moderate cardio 2-3x/week
30.0,Female,88.8,1.69,171.0,127.0,70.0,1.21,1097.0,Strength,25.6,3.4,,1.0,19.29,31.091348342144887,906.6115702479339,101.0,0.7426900584795322,0.038288288288288286,-1,Active,Strength and cardio mix 3x/week
23.0,Female,52.6,1.78,176.0,169.0,53.0,1.15,1384.0,Cardio,31.1,2.4,3.0,2.0,21.08,16.60143921222068,1203.4782608695652,123.0,0.9602272727272727,0.04562737642585551,-1,Very Active,High-intensity interval training 3-4x/week
18.0,Male,57.5,1.74,193.0,154.0,70.0,1.16,1358.0,HIIT,33.9,3.7,4.0,3.0,12.32,18.991940811203595,1170.689655172414,123.0,0.7979274611398963,0.06434782608695652,-1,Very Active,High-intensity interval training 3-4x/week
52.0,Female,45.1,1.65,165.0,164.0,71.0,1.76,1380.0,Yoga,21.5,3.3,5.0,1.0,29.89,16.565656565656568,784.0909090909091,94.0,0.9939393939393939,0.07317073170731707,-1,Active,Strength and cardio mix 3x/week
45.0,Male,98.7,1.77,183.0,132.0,74.0,1.32,400.0,Cardio,19.5,2.0,4.0,2.0,18.18,31.504356985540554,303.030303030303,109.0,0.7213114754098361,0.020263424518743668,-1,Moderate,Moderate cardio 2-3x/week
51.0,Male,63.0,1.78,161.0,152.0,50.0,1.33,1339.0,Strength,29.1,1.8,2.0,2.0,15.95,19.883853048857468,1006.7669172932331,111.0,0.9440993788819876,0.02857142857142857,-1,Very Active,High-intensity interval training 3-4x/week
34.0,Female,101.5,1.57,184.0,120.0,55.0,1.02,601.0,Strength,17.7,2.3,5.0,,46.11,41.17814110105886,589.2156862745098,129.0,0.6521739130434783,0.022660098522167486,-1,Moderate,Moderate cardio 2-3x/week
18.0,Female,89.8,1.66,185.0,140.0,54.0,2.0,1283.0,HIIT,28.4,1.9,,2.0,16.69,32.588184061547395,641.5,131.0,0.7567567567567568,0.021158129175946547,-1,Moderate,Moderate cardio 2-3x/week
42.0,Male,43.5,1.56,192.0,159.0,57.0,1.96,555.0,,25.3,3.6,3.0,2.0,28.64,17.874753451676526,283.16326530612247,135.0,0.828125,0.08275862068965517,-1,Moderate,Moderate cardio 2-3x/week
28.0,Female,121.1,1.75,163.0,149.0,68.0,1.57,716.0,Strength,21.0,3.3,5.0,1.0,26.5,39.542857142857144,456.0509554140127,95.0,0.9141104294478528,0.027250206440957887,-1,Moderate,Moderate cardio 2-3x/week
18.0,Male,46.3,2.0,167.0,169.0,64.0,1.29,1556.0,Yoga,22.5,2.6,2.0,3.0,17.38,11.575,1206.2015503875969,103.0,1.0119760479041917,0.05615550755939525,-1,Very Active,High-intensity interval training 3-4x/week
35.0,Male,40.0,1.71,162.0,133.0,69.0,1.99,840.0,Yoga,20.2,3.2,4.0,2.0,27.14,13.679422728360864,422.1105527638191,93.0,0.8209876543209876,0.08,-1,Moderate,Moderate cardio 2-3x/week
56.0,Female,64.2,1.79,196.0,165.0,58.0,0.97,667.0,Cardio,15.9,3.3,4.0,1.0,12.32,20.036827814362848,687.6288659793814,138.0,0.8418367346938775,0.051401869158878497,-1,Moderate,Moderate cardio 2-3x/week
18.0,Female,56.0,1.82,170.0,131.0,62.0,1.55,1249.0,HIIT,,2.0,3.0,3.0,15.72,16.9061707523246,805.8064516129032,108.0,0.7705882352941177,0.03571428571428571,-1,Active,Strength and cardio mix 3x/week
32.0,Female,90.5,1.63,184.0,166.0,50.0,1.46,1217.0,Strength,31.3,2.0,5.0,1.0,12.99,34.06225300161843,833.5616438356165,134.0,0.9021739130434783,0.022099447513812154,-1,Active,Strength and cardio mix 3x/week
42.0,Female,40.0,1.81,177.0,145.0,59.0,1.71,1065.0,HIIT,26.6,1.5,3.0,1.0,23.25,12.209639510393455,622.8070175438596,118.0,0.8192090395480226,0.0375,-1,Moderate,Moderate cardio 2-3x/week
54.0,Male,72.6,1.56,172.0,165.0,69.0,1.26,966.0,HIIT,26.1,3.5,2.0,1.0,31.41,29.83234714003944,766.6666666666666,103.0,0.9593023255813954,0.048209366391184574,-1,Moderate,Moderate cardio 2-3x/week
34.0,Female,89.7,1.78,184.0,142.0,53.0,0.53,1662.0,HIIT,24.2,1.5,3.0,1.0,39.54,28.3108193409923,3135.8490566037735,131.0,0.7717391304347826,0.016722408026755852,-1,Very Active,High-intensity interval training 3-4x/week
21.0,Female,59.7,1.65,191.0,138.0,68.0,0.95,539.0,HIIT,35.0,3.2,4.0,2.0,17.55,21.928374655647385,567.3684210526316,123.0,0.7225130890052356,0.05360134003350084,-1,Moderate,Moderate cardio 2-3x/week
18.0,Male,42.0,1.82,188.0,137.0,67.0,0.77,589.0,HIIT,16.4,2.0,2.0,3.0,29.09,12.679628064243447,764.9350649350649,121.0,0.7287234042553191,0.047619047619047616,-1,Moderate,Moderate cardio 2-3x/week
18.0,Male,57.9,2.0,168.0,156.0,50.0,1.05,689.0,Cardio,28.3,3.6,3.0,3.0,18.31,14.475,656.1904761904761,118.0,0.9285714285714286,0.062176165803108814,-1,Moderate,Moderate cardio 2-3x/week
49.0,,50.2,1.7,164.0,169.0,73.0,0.75,622.0,Cardio,28.0,1.6,2.0,1.0,13.34,17.370242214532876,829.3333333333334,91.0,1.0304878048780488,0.03187250996015936,-1,Less Active,Light exercise 1-2x/week
18.0,Female,40.0,1.8,187.0,158.0,71.0,1.24,665.0,\nStrength,24.1,1.7,2.0,2.0,14.93,12.345679012345679,536.2903225806451,116.0,0.8449197860962567,0.042499999999999996,-1,Moderate,Moderate cardio 2-3x/week
18.0,Female,70.9,1.87,176.0,164.0,59.0,2.0,745.0,HIIT,28.2,3.2,4.0,2.0,15.74,20.275100803568872,372.5,117.0,0.9318181818181818,0.045133991537376586,-1,Moderate,Moderate cardio 2-3x/week
26.0,Male,44.0,1.6,190.0,125.0,68.0,1.06,1246.0,Strength,21.1,2.7,2.0,2.0,15.5,17.187499999999996,1175.4716981132076,122.0,0.6578947368421053,0.06136363636363637,-1,Very Active,High-intensity interval training 3-4x/week
31.0,Female,46.9,1.75,192.0,146.0,63.0,2.0,748.0,Cardio,15.3,1.7,4.0,,12.48,15.314285714285713,374.0,129.0,0.7604166666666666,0.03624733475479744,-1,Moderate,Moderate cardio 2-3x/week
49.0,Male,47.5,1.79,161.0,169.0,61.0,1.43,957.0,Strength,25.8,3.0,4.0,1.0,13.47,14.824755781654755,669.2307692307693,100.0,1.049689440993789,0.06315789473684211,-1,Moderate,Moderate cardio 2-3x/week
38.0,Male,69.0,1.82,170.0,133.0,53.0,1.24,1610.0,Strength,30.1,2.8,2.0,2.0,20.05,20.830817534114235,1298.3870967741937,117.0,0.7823529411764706,0.04057971014492753,-1,Very Active,High-intensity interval training 3-4x/week
18.0,Female,59.1,2.0,181.0,123.0,72.0,1.94,901.0,HIIT,23.2,2.4,4.0,2.0,13.32,14.775,464.4329896907217,109.0,0.6795580110497238,0.04060913705583756,-1,Moderate,Moderate cardio 2-3x/week
18.0,Female,74.6,1.71,169.0,143.0,54.0,1.49,1213.0,,28.7,2.0,2.0,1.0,18.68,25.51212338839301,814.0939597315436,115.0,0.8461538461538461,0.02680965147453083,-1,Active,Strength and cardio mix 3x/week
35.0,Male,98.6,1.55,184.0,141.0,59.0,2.0,1172.0,Cardio,27.8,3.2,2.0,2.0,23.47,41.04058272632673,586.0,125.0,0.7663043478260869,0.03245436105476674,-1,Moderate,Moderate cardio 2-3x/week
29.0,Female,58.4,1.61,182.0,165.0,70.0,0.77,1259.0,HIIT,20.1,3.5,4.0,2.0,26.13,22.529994984761387,1635.064935064935,112.0,0.9065934065934066,0.05993150684931507,-1,Very Active,High-intensity interval training 3-4x/week
38.0,Male,93.7,1.66,168.0,169.0,68.0,1.97,875.0,Cardio,29.0,3.4,4.0,2.0,13.87,34.003483814777184,444.16243654822335,100.0,1.005952380952381,0.03628601921024546,-1,Moderate,Moderate cardio 2-3x/week
42.0,Female,88.6,2.0,171.0,166.0,72.0,1.11,1335.0,Yoga,18.6,2.2,5.0,2.0,18.3,22.15,1202.7027027027027,99.0,0.9707602339181286,0.02483069977426637,-1,Very Active,High-intensity interval training 3-4x/week
18.0,Male,49.9,1.77,191.0,123.0,74.0,1.4,626.0,Strength,25.9,3.4,2.0,2.0,24.35,15.92773468671199,447.14285714285717,117.0,0.643979057591623,0.06813627254509018,-1,Moderate,Moderate cardio 2-3x/week
42.0,Female,99.9,1.6,189.0,169.0,58.0,1.85,1099.0,HIIT,32.6,2.2,2.0,1.0,15.78,39.02343749999999,594.0540540540541,131.0,0.8941798941798942,0.022022022022022022,-1,Moderate,Moderate cardio 2-3x/week
26.0,Female,58.6,1.78,198.0,143.0,74.0,1.59,1008.0,Cardio,21.1,2.2,3.0,1.0,44.77,18.495139502588057,633.9622641509434,124.0,0.7222222222222222,0.03754266211604096,-1,Moderate,Moderate cardio 2-3x/week
36.0,Male,57.4,1.58,192.0,152.0,70.0,1.38,1137.0,Yoga,18.3,3.2,2.0,1.0,20.91,22.993110078513055,823.913043478261,122.0,0.7916666666666666,0.055749128919860634,-1,Active,Strength and cardio mix 3x/week
47.0,Male,48.1,1.71,185.0,129.0,74.0,0.87,1177.0,Strength,28.1,2.6,3.0,3.0,12.32,16.44950583085394,1352.8735632183907,111.0,0.6972972972972973,0.05405405405405406,-1,Active,Strength and cardio mix 3x/week
30.0,Male,60.1,1.93,187.0,140.0,58.0,1.48,875.0,HIIT,29.7,3.1,5.0,1.0,24.29,16.134661333190152,591.2162162162163,129.0,0.7486631016042781,0.051580698835274545,-1,Moderate,Moderate cardio 2-3x/week
23.0,Female,88.0,2.0,193.0,128.0,70.0,1.24,399.0,HIIT,23.9,2.8,3.0,1.0,31.33,22.0,321.7741935483871,123.0,0.6632124352331606,0.031818181818181815,-1,Moderate,Moderate cardio 2-3x/week
39.0,Female,62.5,1.74,162.0,141.0,58.0,1.27,699.0,,24.2,1.8,3.0,1.0,17.6,20.643413925221296,550.3937007874016,104.0,0.8703703703703703,0.0288,-1,Moderate,Moderate cardio 2-3x/week
20.0,Female,69.3,1.75,180.0,120.0,72.0,1.06,1421.0,Yoga,24.6,3.2,4.0,2.0,25.22,22.628571428571426,1340.566037735849,108.0,0.6666666666666666,0.04617604617604618,-1,Very Active,High-intensity interval training 3-4x/week
39.0,Female,65.6,1.7,172.0,148.0,68.0,0.87,1709.0,HIIT,20.2,1.5,4.0,3.0,14.83,22.698961937716263,1964.367816091954,104.0,0.8604651162790697,0.02286585365853659,-1,Very Active,High-intensity interval training 3-4x/week
22.0,Male,80.6,1.71,176.0,139.0,60.0,2.0,957.0,Cardio,31.0,2.4,4.0,2.0,12.32,27.56403679764714,478.5,116.0,0.7897727272727273,0.02977667493796526,-1,Moderate,Moderate cardio 2-3x/week
57.0,Female,43.5,2.0,172.0,159.0,59.0,1.73,530.0,Yoga,18.7,2.1,2.0,3.0,23.74,10.875,306.35838150289015,113.0,0.9244186046511628,0.04827586206896552,-1,Moderate,Moderate cardio 2-3x/week
25.0,Female,72.6,1.7,161.0,168.0,51.0,1.28,1262.0,Strength,22.0,3.1,4.0,2.0,16.45,25.12110726643599,985.9375,110.0,1.0434782608695652,0.04269972451790634,-1,Very Active,High-intensity interval training 3-4x/week
18.0,Male,87.5,1.76,169.0,160.0,60.0,2.0,1042.0,Yoga,22.4,3.3,2.0,3.0,21.79,28.247675619834713,521.0,109.0,0.9467455621301775,0.037714285714285714,-1,Moderate,Moderate cardio 2-3x/week
50.0,Male,46.8,1.77,180.0,128.0,70.0,1.4,803.0,HIIT,17.0,3.3,4.0,1.0,21.83,14.938236139040503,573.5714285714286,110.0,0.7111111111111111,0.07051282051282051,-1,Moderate,Moderate cardio 2-3x/week
27.0,Male,42.5,1.61,183.0,155.0,71.0,2.0,933.0,HIIT,22.9,1.6,2.0,1.0,,16.395972377608885,466.5,112.0,0.8469945355191257,0.037647058823529415,-1,Moderate,Moderate cardio 2-3x/week
43.0,Male,83.5,1.96,168.0,169.0,54.0,1.47,1522.0,Strength,,2.1,4.0,2.0,24.03,21.73573511037068,1035.3741496598639,114.0,1.005952380952381,0.025149700598802397,-1,Very Active,High-intensity interval training 3-4x/week
18.0,Female,44.9,1.77,168.0,127.0,57.0,1.66,512.0,Strength,12.3,3.7,3.0,1.0,20.39,14.331769287241851,308.43373493975906,111.0,0.7559523809523809,0.0824053452115813,-1,Moderate,Moderate cardio 2-3x/week
18.0,Male,63.9,1.71,164.0,140.0,66.0,1.48,785.0,Yoga,30.2,3.3,4.0,2.0,21.96,21.85287780855648,530.4054054054054,98.0,0.8536585365853658,0.05164319248826291,-1,Moderate,Moderate cardio 2-3x/week
21.0,Male,90.1,1.72,184.0,138.0,68.0,1.35,1043.0,Yoga,27.1,2.1,4.0,3.0,22.34,30.45565170362358,772.5925925925925,116.0,0.75,0.02330743618201998,-1,Active,Strength and cardio mix 3x/week
18.0,Male,48.2,1.75,180.0,134.0,63.0,1.39,1053.0,Yoga,22.1,2.2,4.0,1.0,16.34,15.738775510204082,757.5539568345324,117.0,0.7444444444444445,0.04564315352697096,-1,Active,Strength and cardio mix 3x/week
31.0,Male,67.4,1.83,167.0,122.0,66.0,1.49,1032.0,HIIT,30.6,3.1,5.0,2.0,18.29,20.12601152617277,692.6174496644295,101.0,0.7305389221556886,0.04599406528189911,-1,Moderate,Moderate cardio 2-3x/week
26.0,Male,65.0,1.69,171.0,162.0,62.0,1.54,1066.0,Strength,16.6,3.5,2.0,2.0,29.56,22.758306781975424,692.2077922077922,109.0,0.9473684210526315,0.05384615384615385,-1,Moderate,Moderate cardio 2-3x/week
33.0,Female,95.0,1.85,168.0,140.0,56.0,1.3,958.0,Strength,20.5,3.3,3.0,2.0,12.66,27.757487216946675,736.9230769230769,112.0,0.8333333333333334,0.034736842105263156,-1,Moderate,Moderate cardio 2-3x/week
30.0,Female,65.3,1.76,192.0,161.0,57.0,1.16,1092.0,Cardio,32.1,1.9,4.0,3.0,23.82,21.080836776859503,941.3793103448277,135.0,0.8385416666666666,0.02909647779479326,-1,Active,Strength and cardio mix 3x/week
46.0,Female,82.9,1.74,194.0,165.0,52.0,2.0,1107.0,Cardio,24.3,3.1,3.0,3.0,14.4,27.38142423041353,553.5,142.0,0.8505154639175257,0.03739445114595898,-1,Moderate,Moderate cardio 2-3x/week
18.0,Male,59.4,1.87,195.0,139.0,74.0,2.0,958.0,Yoga,14.9,2.7,3.0,2.0,36.72,16.986473733878576,479.0,121.0,0.7128205128205128,0.045454545454545456,-1,Moderate,Moderate cardio 2-3x/week
49.0,Male,58.2,1.82,171.0,154.0,67.0,1.38,624.0,Strength,20.8,3.5,4.0,1.0,19.11,17.570341746165923,452.1739130434783,104.0,0.9005847953216374,0.060137457044673534,-1,Moderate,Moderate cardio 2-3x/week
37.0,Female,77.3,1.58,180.0,140.0,61.0,1.57,1333.0,HIIT,23.5,1.5,2.0,2.0,12.32,30.96458900817176,849.0445859872611,119.0,0.7777777777777778,0.01940491591203105,-1,Active,Strength and cardio mix 3x/week
22.0,Male,66.0,1.67,181.0,122.0,50.0,0.96,912.0,Cardio,26.3,1.5,3.0,2.0,15.29,23.66524436157625,950.0,131.0,0.6740331491712708,0.022727272727272728,-1,Moderate,Moderate cardio 2-3x/week
29.0,Female,67.4,1.76,187.0,120.0,74.0,1.1,911.0,Cardio,21.4,2.3,5.0,1.0,19.6,21.758780991735538,828.1818181818181,113.0,0.6417112299465241,0.034124629080118686,-1,Moderate,Moderate cardio 2-3x/week
31.0,Male,62.2,1.7,168.0,155.0,55.0,0.62,1596.0,Strength,35.0,3.2,2.0,1.0,16.7,21.522491349480973,2574.1935483870966,113.0,0.9226190476190477,0.05144694533762058,-1,Very Active,High-intensity interval training 3-4x/week
45.0,,67.3,1.67,198.0,155.0,54.0,0.72,1006.0,Yoga,33.2,3.5,4.0,2.0,17.76,24.1313779626376,1397.2222222222222,144.0,0.7828282828282829,0.05200594353640416,-1,Moderate,Moderate cardio 2-3x/week
27.0,Female,59.6,1.73,182.0,139.0,71.0,1.42,1321.0,Strength,16.3,3.3,4.0,3.0,16.62,19.913795983828393,930.2816901408452,111.0,0.7637362637362637,0.05536912751677852,-1,Active,Strength and cardio mix 3x/week
35.0,Male,40.0,1.72,182.0,120.0,70.0,1.22,1178.0,HIIT,14.6,1.9,4.0,2.0,17.87,13.520822065981614,965.5737704918033,112.0,0.6593406593406593,0.0475,-1,Active,Strength and cardio mix 3x/week
24.0,Male,41.3,1.73,180.0,156.0,74.0,1.55,1285.0,HIIT,26.2,3.2,4.0,3.0,14.93,13.799325069330749,829.0322580645161,106.0,0.8666666666666667,0.0774818401937046,-1,Active,Strength and cardio mix 3x/week
48.0,Male,97.0,1.73,172.0,122.0,74.0,1.7,903.0,Cardio,12.8,3.5,4.0,2.0,22.39,32.4100370877744,531.1764705882354,98.0,0.7093023255813954,0.03608247422680412,-1,Moderate,Moderate cardio 2-3x/week
59.0,Female,47.2,1.68,185.0,159.0,70.0,1.49,704.0,Strength,15.4,2.2,4.0,2.0,23.79,16.723356009070297,472.4832214765101,115.0,0.8594594594594595,0.046610169491525424,-1,Moderate,Moderate cardio 2-3x/week
33.0,Male,65.7,1.97,167.0,144.0,53.0,1.1,872.0,Cardio,19.1,2.0,4.0,1.0,19.14,16.929062846247007,792.7272727272726,114.0,0.8622754491017964,0.030441400304414,-1,Moderate,Moderate cardio 2-3x/week
31.0,Male,80.2,1.74,187.0,141.0,72.0,1.23,1326.0,Strength,21.2,2.8,2.0,2.0,16.1,26.48962874884397,1078.0487804878048,115.0,0.7540106951871658,0.034912718204488775,-1,Very Active,High-intensity interval training 3-4x/week
40.0,Male,59.3,2.0,166.0,141.0,74.0,1.44,801.0,Cardio,24.6,3.4,5.0,2.0,17.04,14.825,556.25,92.0,0.8493975903614458,0.05733558178752108,-1,Moderate,Moderate cardio 2-3x/week
28.0,Male,61.1,1.74,163.0,156.0,59.0,1.89,1277.0,Cardio,21.5,3.4,2.0,2.0,,20.18100145329634,675.6613756613757,104.0,0.9570552147239264,0.055646481178396066,-1,Moderate,Moderate cardio 2-3x/week
57.0,Female,79.4,1.55,160.0,164.0,50.0,1.55,1116.0,Strength,32.2,3.6,2.0,2.0,14.69,33.04890738813736,720.0,110.0,1.025,0.04534005037783375,-1,Moderate,Moderate cardio 2-3x/week
28.0,Male,59.3,1.79,189.0,128.0,69.0,0.91,877.0,Strength,24.8,2.1,4.0,1.0,28.16,18.507537217939515,963.7362637362637,120.0,0.6772486772486772,0.03541315345699832,-1,Moderate,Moderate cardio 2-3x/week
30.0,,61.8,1.88,189.0,142.0,73.0,1.02,1033.0,Cardio,23.7,2.3,4.0,1.0,21.86,17.485287460389316,1012.7450980392157,116.0,0.7513227513227513,0.0372168284789644,-1,Active,Strength and cardio mix 3x/week
30.0,Male,40.0,1.63,192.0,157.0,64.0,1.31,1078.0,HIIT,10.0,2.8,3.0,1.0,14.92,15.05513944822914,822.9007633587786,128.0,0.8177083333333334,0.06999999999999999,-1,Active,Strength and cardio mix 3x/week
25.0,Female,61.4,1.7,172.0,166.0,72.0,1.28,1064.0,Yoga,32.5,3.0,3.0,2.0,19.45,21.245674740484432,831.25,100.0,0.9651162790697675,0.048859934853420196,-1,Active,Strength and cardio mix 3x/week
46.0,Female,80.2,1.98,172.0,155.0,73.0,1.29,1355.0,Yoga,26.8,3.3,4.0,3.0,15.63,20.457096214671974,1050.3875968992247,99.0,0.9011627906976745,0.04114713216957606,-1,Very Active,High-intensity interval training 3-4x/week
28.0,Male,58.0,1.77,179.0,157.0,74.0,1.59,1145.0,Yoga,21.3,1.5,2.0,3.0,14.72,18.513198633853616,720.125786163522,105.0,0.8770949720670391,0.02586206896551724,-1,Moderate,Moderate cardio 2-3x/week
27.0,Male,53.0,1.91,172.0,123.0,54.0,1.09,655.0,Strength,34.4,3.1,3.0,2.0,21.18,14.528110523286095,600.9174311926605,118.0,0.7151162790697675,0.05849056603773585,-1,Moderate,Moderate cardio 2-3x/week
23.0,Female,51.2,1.92,187.0,169.0,55.0,1.1,969.0,Yoga,25.3,2.7,2.0,1.0,16.98,13.88888888888889,880.9090909090909,132.0,0.9037433155080213,0.052734375,-1,Moderate,Moderate cardio 2-3x/week
26.0,Female,51.9,1.9,182.0,129.0,55.0,2.0,1418.0,Cardio,32.2,2.4,2.0,1.0,20.41,14.376731301939058,709.0,127.0,0.7087912087912088,0.046242774566473986,-1,Moderate,Moderate cardio 2-3x/week
27.0,Female,56.3,1.7,191.0,134.0,72.0,1.61,1631.0,Yoga,23.4,3.3,3.0,1.0,30.84,19.48096885813149,1013.0434782608695,119.0,0.7015706806282722,0.0586145648312611,-1,Very Active,High-intensity interval training 3-4x/week
,Male,92.4,1.52,197.0,135.0,59.0,1.12,1515.0,Cardio,25.9,3.2,3.0,2.0,16.46,39.99307479224377,1352.6785714285713,138.0,0.6852791878172588,0.03463203463203463,-1,Very Active,High-intensity interval training 3-4x/week
59.0,Male,108.3,1.53,183.0,122.0,50.0,0.86,1071.0,HIIT,21.9,3.3,3.0,1.0,17.75,46.264257336921695,1245.3488372093022,133.0,0.6666666666666666,0.030470914127423823,-1,Active,Strength and cardio mix 3x/week
22.0,Female,71.5,1.81,195.0,164.0,51.0,1.52,935.0,Yoga,22.0,2.6,3.0,2.0,14.55,21.8247306248283,615.1315789473684,144.0,0.841025641025641,0.03636363636363636,-1,Moderate,Moderate cardio 2-3x/week
18.0,Male,89.4,1.84,168.0,168.0,69.0,2.0,968.0,Strength,17.3,2.6,5.0,2.0,14.77,26.405954631379963,484.0,99.0,1.0,0.029082774049217,-1,Moderate,Moderate cardio 2-3x/week
32.0,Male,82.3,1.55,172.0,128.0,74.0,1.52,990.0,HIIT,26.7,2.0,3.0,1.0,20.15,34.255983350676374,651.3157894736842,98.0,0.7441860465116279,0.024301336573511544,-1,Moderate,Moderate cardio 2-3x/week
35.0,Male,96.5,1.54,168.0,160.0,70.0,1.43,1573.0,Yoga,35.0,3.4,4.0,1.0,20.43,40.68982965086861,1100.0,98.0,0.9523809523809523,0.035233160621761656,-1,Very Active,High-intensity interval training 3-4x/week
44.0,Male,40.0,1.91,181.0,124.0,71.0,1.55,1545.0,Cardio,26.5,3.4,3.0,1.0,35.01,10.964611715687619,996.7741935483871,110.0,0.6850828729281768,0.08499999999999999,-1,Very Active,High-intensity interval training 3-4x/week
43.0,Male,65.2,1.5,182.0,157.0,68.0,2.0,1417.0,Yoga,26.7,3.1,4.0,2.0,14.95,28.977777777777778,708.5,114.0,0.8626373626373627,0.047546012269938646,-1,Moderate,Moderate cardio 2-3x/week
18.0,Male,53.9,1.62,170.0,169.0,72.0,1.38,810.0,Cardio,24.7,3.4,3.0,1.0,29.34,20.538027739673826,586.9565217391305,98.0,0.9941176470588236,0.06307977736549165,-1,Moderate,Moderate cardio 2-3x/week
22.0,,69.6,1.8,186.0,136.0,73.0,1.37,1081.0,Cardio,28.6,2.0,5.0,3.0,21.14,21.481481481481477,789.0510948905109,113.0,0.7311827956989247,0.02873563218390805,-1,Active,Strength and cardio mix 3x/week
18.0,,62.9,1.72,191.0,157.0,63.0,1.31,514.0,Strength,26.3,2.2,3.0,2.0,12.32,21.261492698756086,392.36641221374043,128.0,0.8219895287958116,0.03497615262321145,-1,Moderate,Moderate cardio 2-3x/week
18.0,,69.1,1.64,183.0,139.0,73.0,1.32,1002.0,,26.0,1.5,5.0,1.0,16.27,25.69155264723379,759.090909090909,110.0,0.7595628415300546,0.021707670043415343,-1,Moderate,Moderate cardio 2-3x/week
37.0,Female,61.3,1.96,193.0,169.0,65.0,2.0,947.0,Yoga,31.1,3.5,5.0,1.0,24.18,15.95689296126614,473.5,128.0,0.8756476683937824,0.05709624796084829,-1,Moderate,Moderate cardio 2-3x/week
37.0,Female,78.5,1.5,189.0,169.0,60.0,1.67,954.0,HIIT,17.9,2.4,3.0,3.0,21.98,34.888888888888886,571.2574850299402,129.0,0.8941798941798942,0.030573248407643312,-1,Moderate,Moderate cardio 2-3x/week
41.0,Female,40.0,1.78,182.0,155.0,68.0,1.51,1376.0,HIIT,29.8,2.1,2.0,3.0,12.32,12.624668602449185,911.2582781456954,114.0,0.8516483516483516,0.052500000000000005,-1,Active,Strength and cardio mix 3x/week
18.0,Male,49.9,1.75,182.0,158.0,74.0,2.0,1032.0,Strength,23.1,3.1,5.0,1.0,17.64,16.293877551020408,516.0,108.0,0.8681318681318682,0.062124248496993995,-1,Moderate,Moderate cardio 2-3x/week
46.0,Female,69.9,1.68,173.0,168.0,64.0,1.43,911.0,Strength,35.0,3.4,3.0,2.0,18.95,24.76615646258504,637.0629370629371,109.0,0.9710982658959537,0.048640915593705286,-1,Moderate,Moderate cardio 2-3x/week
24.0,Male,62.5,1.58,175.0,137.0,51.0,2.0,1231.0,Strength,32.2,3.6,4.0,1.0,36.26,25.03605191475725,615.5,124.0,0.7828571428571428,0.0576,-1,Moderate,Moderate cardio 2-3x/week
22.0,Male,40.0,1.67,162.0,146.0,59.0,1.04,807.0,Strength,24.1,1.5,3.0,1.0,13.05,14.342572340349243,775.9615384615385,103.0,0.9012345679012346,0.0375,-1,Less Active,Light exercise 1-2x/week
53.0,Female,46.8,1.69,163.0,169.0,56.0,1.32,1017.0,HIIT,27.6,2.4,4.0,2.0,29.04,16.385980883022306,770.4545454545454,107.0,1.0368098159509203,0.05128205128205128,-1,Active,Strength and cardio mix 3x/week
44.0,Female,75.2,1.9,185.0,131.0,65.0,0.94,1303.0,Cardio,18.0,3.4,3.0,2.0,,20.831024930747922,1386.1702127659576,120.0,0.7081081081081081,0.045212765957446804,-1,Very Active,High-intensity interval training 3-4x/week
43.0,Male,70.1,1.72,187.0,129.0,54.0,1.43,984.0,HIIT,25.0,1.6,3.0,1.0,25.52,23.695240670632774,688.1118881118881,133.0,0.6898395721925134,0.022824536376604854,-1,Moderate,Moderate cardio 2-3x/week
18.0,Male,40.0,1.7,190.0,120.0,64.0,1.33,1589.0,Yoga,26.8,3.1,2.0,1.0,18.76,13.84083044982699,1194.7368421052631,126.0,0.631578947368421,0.0775,-1,Very Active,High-intensity interval training 3-4x/week
59.0,Female,73.6,1.6,164.0,158.0,58.0,1.35,1216.0,\nStrength,30.0,2.3,5.0,2.0,15.78,28.749999999999993,900.7407407407406,106.0,0.9634146341463414,0.03125,-1,Active,Strength and cardio mix 3x/week
18.0,Male,40.0,1.65,160.0,144.0,73.0,2.0,1078.0,\tYoga,17.4,3.5,2.0,1.0,21.36,14.692378328741967,539.0,87.0,0.9,0.0875,-1,Moderate,Moderate cardio 2-3x/week
43.0,Male,72.6,1.64,166.0,152.0,54.0,1.22,1188.0,Cardio,21.3,2.5,2.0,2.0,12.97,26.99286139202856,973.7704918032787,112.0,0.9156626506024096,0.03443526170798898,-1,Active,Strength and cardio mix 3x/week
36.0,Male,87.6,1.81,179.0,140.0,56.0,0.9,645.0,HIIT,22.1,3.6,2.0,1.0,18.22,26.739110527761667,716.6666666666666,123.0,0.7821229050279329,0.04109589041095891,-1,Moderate,Moderate cardio 2-3x/week
,Female,79.0,1.68,195.0,158.0,61.0,2.0,1410.0,Strength,31.1,2.5,5.0,2.0,14.2,27.99036281179139,705.0,134.0,0.8102564102564103,0.03164556962025317,-1,Moderate,Moderate cardio 2-3x/week
40.0,Male,40.0,1.73,194.0,149.0,72.0,1.06,811.0,HIIT,19.4,2.7,2.0,3.0,36.56,13.364963747535834,765.0943396226414,122.0,0.7680412371134021,0.0675,-1,Moderate,Moderate cardio 2-3x/week
18.0,Male,123.8,1.62,164.0,167.0,59.0,1.43,303.0,Strength,22.3,3.6,2.0,3.0,24.63,47.17268709038255,211.8881118881119,105.0,1.0182926829268293,0.029079159935379646,-1,Moderate,Moderate cardio 2-3x/week
59.0,Female,40.0,1.84,167.0,137.0,53.0,1.87,681.0,Yoga,23.7,2.2,2.0,2.0,14.55,11.814744801512287,364.17112299465236,114.0,0.8203592814371258,0.05500000000000001,-1,Moderate,Moderate cardio 2-3x/week
38.0,Male,41.4,1.71,183.0,168.0,73.0,0.94,1253.0,Yoga,30.8,3.2,3.0,1.0,14.6,14.158202523853495,1332.9787234042553,110.0,0.9180327868852459,0.07729468599033817,-1,Very Active,High-intensity interval training 3-4x/week
45.0,Female,40.0,1.69,162.0,147.0,68.0,1.19,979.0,HIIT,25.2,2.4,4.0,2.0,12.75,14.00511186583103,822.6890756302521,94.0,0.9074074074074074,0.06,-1,Moderate,Moderate cardio 2-3x/week
39.0,Female,69.9,1.85,164.0,147.0,50.0,1.3,1562.0,Yoga,27.7,3.7,3.0,3.0,12.87,20.423666910153397,1201.5384615384614,114.0,0.8963414634146342,0.05293276108726752,-1,Very Active,High-intensity interval training 3-4x/week
25.0,Female,51.0,1.76,167.0,127.0,70.0,0.72,1119.0,,25.1,2.6,4.0,3.0,12.64,16.464359504132233,1554.1666666666667,97.0,0.7604790419161677,0.050980392156862744,-1,Active,Strength and cardio mix 3x/week
50.0,Female,92.6,1.91,171.0,137.0,54.0,1.6,303.0,Strength,25.2,2.3,3.0,1.0,21.42,25.383076121816835,189.375,117.0,0.8011695906432749,0.024838012958963283,-1,Moderate,Moderate cardio 2-3x/week
21.0,Female,52.7,1.53,182.0,134.0,50.0,1.19,1090.0,Strength,31.5,3.4,3.0,3.0,25.06,22.512708787218592,915.9663865546219,132.0,0.7362637362637363,0.06451612903225806,-1,Active,Strength and cardio mix 3x/week
20.0,Male,40.0,1.78,192.0,149.0,57.0,0.93,1075.0,Strength,25.5,1.9,4.0,1.0,22.57,12.624668602449185,1155.9139784946235,135.0,0.7760416666666666,0.0475,-1,Active,Strength and cardio mix 3x/week
50.0,Male,40.0,1.92,168.0,144.0,55.0,1.48,692.0,Cardio,16.0,2.5,5.0,1.0,18.29,10.850694444444445,467.56756756756755,113.0,0.8571428571428571,0.0625,-1,Moderate,Moderate cardio 2-3x/week
52.0,Female,81.7,1.59,164.0,136.0,67.0,1.91,1025.0,HIIT,28.2,3.4,2.0,2.0,19.89,32.3167596218504,536.6492146596859,97.0,0.8292682926829268,0.0416156670746634,-1,Moderate,Moderate cardio 2-3x/week
41.0,Male,65.9,1.93,188.0,124.0,74.0,1.36,1419.0,Yoga,22.6,1.5,2.0,2.0,17.6,17.691750114097026,1043.3823529411764,114.0,0.6595744680851063,0.02276176024279211,-1,Very Active,High-intensity interval training 3-4x/week
22.0,Male,55.0,1.88,176.0,131.0,74.0,2.0,1445.0,Yoga,16.3,1.9,,1.0,26.04,15.56133997283839,722.5,102.0,0.7443181818181818,0.034545454545454546,-1,Moderate,Moderate cardio 2-3x/week
19.0,,92.2,1.73,170.0,150.0,74.0,2.0,538.0,Cardio,10.0,2.2,2.0,1.0,15.3,30.8062414380701,269.0,96.0,0.8823529411764706,0.023861171366594363,-1,Moderate,Moderate cardio 2-3x/week
31.0,Female,67.9,1.7,163.0,124.0,68.0,1.43,1338.0,Cardio,13.0,3.1,5.0,1.0,13.87,23.49480968858132,935.6643356643357,95.0,0.7607361963190185,0.045655375552282766,-1,Active,Strength and cardio mix 3x/week
32.0,Female,86.0,1.6,164.0,144.0,65.0,1.09,1196.0,HIIT,17.4,1.5,2.0,1.0,20.18,33.59374999999999,1097.2477064220182,99.0,0.8780487804878049,0.01744186046511628,-1,Active,Strength and cardio mix 3x/week
29.0,Female,60.6,1.83,172.0,161.0,60.0,1.32,760.0,Strength,25.0,3.3,5.0,2.0,18.03,18.09549404282003,575.7575757575758,112.0,0.936046511627907,0.05445544554455445,-1,Moderate,Moderate cardio 2-3x/week
34.0,Male,47.8,1.69,182.0,153.0,68.0,1.63,1249.0,Yoga,20.2,1.5,4.0,3.0,12.32,16.73610867966808,766.2576687116565,114.0,0.8406593406593407,0.03138075313807531,-1,Active,Strength and cardio mix 3x/week
19.0,Male,79.4,1.77,165.0,150.0,73.0,1.23,1148.0,Cardio,24.1,3.3,3.0,2.0,22.64,25.343930543585817,933.3333333333334,92.0,0.9090909090909091,0.041561712846347604,-1,Active,Strength and cardio mix 3x/week
33.0,Female,62.4,1.72,168.0,164.0,74.0,0.91,1042.0,Yoga,27.1,3.4,5.0,2.0,29.29,21.092482422931315,1145.054945054945,94.0,0.9761904761904762,0.05448717948717949,-1,Active,Strength and cardio mix 3x/week
47.0,Male,71.3,1.83,186.0,163.0,68.0,0.95,837.0,Strength,22.6,1.5,5.0,2.0,18.61,21.29057302397802,881.0526315789474,118.0,0.8763440860215054,0.021037868162692847,-1,Moderate,Moderate cardio 2-3x/week
37.0,Male,116.2,1.65,194.0,160.0,74.0,1.98,1036.0,Yoga,22.1,2.4,4.0,1.0,23.58,42.68135904499542,523.2323232323232,120.0,0.8247422680412371,0.02065404475043029,-1,Moderate,Moderate cardio 2-3x/week
50.0,Male,55.8,1.81,161.0,126.0,55.0,1.32,909.0,Yoga,23.6,2.9,4.0,2.0,12.32,17.03244711699887,688.6363636363636,106.0,0.782608695652174,0.05197132616487455,-1,Moderate,Moderate cardio 2-3x/week
49.0,Male,53.5,1.79,167.0,158.0,64.0,1.31,1268.0,Yoga,,1.9,2.0,1.0,27.68,16.69735651196904,967.9389312977099,103.0,0.9461077844311377,0.03551401869158878,-1,Very Active,High-intensity interval training 3-4x/week
53.0,Female,55.9,1.78,182.0,125.0,58.0,1.45,1308.0,Yoga,21.1,1.5,3.0,2.0,12.32,17.642974371922737,902.0689655172414,124.0,0.6868131868131868,0.026833631484794278,-1,Active,Strength and cardio mix 3x/week
29.0,Female,80.7,1.74,192.0,121.0,72.0,1.43,839.0,Strength,26.5,1.5,4.0,1.0,12.32,26.65477606024574,586.7132867132867,120.0,0.6302083333333334,0.01858736059479554,-1,Moderate,Moderate cardio 2-3x/week
46.0,Male,69.0,1.88,177.0,120.0,74.0,1.63,1183.0,Strength,23.4,3.6,4.0,2.0,14.54,19.52240832956089,725.7668711656443,103.0,0.6779661016949152,0.052173913043478265,-1,Moderate,Moderate cardio 2-3x/week
34.0,Male,60.5,1.8,171.0,120.0,68.0,1.57,1452.0,Cardio,27.1,3.2,3.0,1.0,12.32,18.67283950617284,924.8407643312102,103.0,0.7017543859649122,0.05289256198347108,-1,Active,Strength and cardio mix 3x/week
44.0,,71.6,1.73,167.0,138.0,71.0,1.45,1000.0,Strength,23.6,2.6,2.0,3.0,21.12,23.923285108089143,689.6551724137931,96.0,0.8263473053892215,0.036312849162011177,-1,Moderate,Moderate cardio 2-3x/week
51.0,Female,96.3,1.88,166.0,127.0,59.0,1.32,1362.0,Strength,28.1,1.9,2.0,2.0,16.31,27.24649162516976,1031.8181818181818,107.0,0.7650602409638554,0.01973001038421599,-1,Very Active,High-intensity interval training 3-4x/week
47.0,Male,48.4,1.65,196.0,148.0,60.0,1.29,1357.0,Cardio,11.3,1.5,3.0,2.0,12.51,17.77777777777778,1051.937984496124,136.0,0.7551020408163265,0.030991735537190084,-1,Very Active,High-intensity interval training 3-4x/week
52.0,Male,77.8,1.59,183.0,135.0,50.0,1.37,949.0,Cardio,27.3,2.9,4.0,2.0,23.73,30.774099125825714,692.7007299270073,133.0,0.7377049180327869,0.037275064267352186,-1,Moderate,Moderate cardio 2-3x/week
25.0,Male,85.5,1.8,168.0,156.0,69.0,1.39,644.0,Strength,15.7,3.3,2.0,1.0,12.32,26.388888888888886,463.30935251798564,99.0,0.9285714285714286,0.03859649122807017,-1,Moderate,Moderate cardio 2-3x/week
28.0,,74.9,1.74,196.0,163.0,54.0,1.24,1144.0,Cardio,30.7,1.6,2.0,1.0,25.53,24.739067247985204,922.5806451612904,142.0,0.8316326530612245,0.021361815754339118,-1,Active,Strength and cardio mix 3x/week
30.0,Male,67.4,1.79,185.0,169.0,59.0,1.27,1398.0,Cardio,18.9,3.4,5.0,3.0,25.14,21.0355482038638,1100.7874015748032,126.0,0.9135135135135135,0.05044510385756676,-1,Very Active,High-intensity interval training 3-4x/week
36.0,Male,71.0,1.66,168.0,131.0,74.0,1.1,567.0,HIIT,20.3,3.7,4.0,1.0,28.31,25.76571345623458,515.4545454545454,94.0,0.7797619047619048,0.05211267605633803,-1,Less Active,Light exercise 1-2x/week
55.0,Male,94.8,2.0,192.0,169.0,50.0,1.38,1458.0,Strength,23.2,2.3,3.0,3.0,,23.7,1056.5217391304348,142.0,0.8802083333333334,0.024261603375527425,-1,Very Active,High-intensity interval training 3-4x/week
,Female,73.6,1.79,195.0,146.0,73.0,1.13,636.0,HIIT,14.1,2.7,2.0,1.0,12.32,22.97056895852189,562.8318584070797,122.0,0.7487179487179487,0.036684782608695655,-1,Moderate,Moderate cardio 2-3x/week
21.0,Male,47.8,1.62,173.0,129.0,74.0,1.59,1638.0,HIIT,25.8,2.4,3.0,2.0,12.32,18.21368693796677,1030.1886792452829,99.0,0.7456647398843931,0.0502092050209205,-1,Very Active,High-intensity interval training 3-4x/week
41.0,Male,40.0,1.74,166.0,154.0,71.0,1.13,1356.0,HIIT,20.1,2.8,3.0,3.0,15.67,13.21178491214163,1200.0,95.0,0.927710843373494,0.06999999999999999,-1,Very Active,High-intensity interval training 3-4x/week
51.0,Male,43.9,1.78,194.0,136.0,51.0,0.98,1293.0,Strength,27.0,1.5,2.0,1.0,15.75,13.85557379118798,1319.3877551020407,143.0,0.7010309278350515,0.03416856492027335,-1,Very Active,High-intensity interval training 3-4x/week
47.0,Male,59.6,1.88,192.0,125.0,50.0,1.32,1108.0,Yoga,30.6,2.3,3.0,2.0,12.32,16.86283386147578,839.3939393939394,142.0,0.6510416666666666,0.03859060402684563,-1,Active,Strength and cardio mix 3x/week
22.0,Female,56.1,1.91,167.0,122.0,70.0,1.4,1183.0,Cardio,24.9,2.7,2.0,1.0,12.32,15.377867931251885,845.0,97.0,0.7305389221556886,0.04812834224598931,-1,Active,Strength and cardio mix 3x/week
18.0,Male,56.5,1.93,177.0,156.0,52.0,1.53,1419.0,Strength,22.3,3.5,4.0,2.0,16.43,15.168192434696234,927.4509803921568,125.0,0.8813559322033898,0.061946902654867256,-1,Active,Strength and cardio mix 3x/week
39.0,Male,83.7,1.52,187.0,152.0,58.0,1.65,1647.0,Strength,29.3,3.2,,,15.84,36.22749307479224,998.1818181818182,129.0,0.8128342245989305,0.038231780167264036,-1,Very Active,High-intensity interval training 3-4x/week
34.0,Female,79.1,1.73,188.0,151.0,58.0,1.32,1191.0,Yoga,30.7,3.6,,2.0,18.31,26.429215810752112,902.2727272727273,130.0,0.8031914893617021,0.04551201011378003,-1,Active,Strength and cardio mix 3x/week
46.0,Female,56.7,1.97,199.0,160.0,56.0,1.3,1215.0,HIIT,26.4,2.4,3.0,1.0,16.02,14.610013141281662,934.6153846153845,143.0,0.8040201005025126,0.042328042328042326,-1,Active,Strength and cardio mix 3x/week
43.0,Female,47.1,1.81,166.0,149.0,69.0,0.76,998.0,HIIT,22.2,3.0,4.0,1.0,29.69,14.376850523488294,1313.157894736842,97.0,0.8975903614457831,0.06369426751592357,-1,Less Active,Light exercise 1-2x/week
51.0,Male,65.1,1.85,185.0,130.0,60.0,2.0,717.0,Cardio,22.2,1.9,2.0,2.0,15.62,19.021183345507666,358.5,125.0,0.7027027027027027,0.029185867895545316,-1,Moderate,Moderate cardio 2-3x/week
55.0,Female,60.6,1.68,185.0,124.0,70.0,1.35,1447.0,HIIT,24.0,2.0,4.0,1.0,18.66,21.471088435374153,1071.8518518518517,115.0,0.6702702702702703,0.033003300330033,-1,Very Active,High-intensity interval training 3-4x/week
42.0,Female,101.0,1.56,186.0,168.0,56.0,1.19,650.0,HIIT,27.6,3.6,4.0,1.0,24.46,41.50230111768573,546.2184873949581,130.0,0.9032258064516129,0.03564356435643565,-1,Moderate,Moderate cardio 2-3x/week
31.0,Female,66.4,1.76,175.0,140.0,69.0,1.55,640.0,Strength,24.7,3.5,4.0,2.0,29.07,21.435950413223143,412.9032258064516,106.0,0.8,0.05271084337349397,-1,Moderate,Moderate cardio 2-3x/week
49.0,Male,97.1,2.0,174.0,153.0,74.0,1.26,763.0,Strength,10.0,2.6,2.0,2.0,23.64,24.275,605.5555555555555,100.0,0.8793103448275862,0.026776519052523175,-1,Moderate,Moderate cardio 2-3x/week
29.0,Male,73.7,1.88,192.0,141.0,59.0,1.68,769.0,Cardio,,3.2,3.0,3.0,24.55,20.85219556360344,457.73809523809524,133.0,0.734375,0.04341926729986432,-1,Moderate,Moderate cardio 2-3x/week
44.0,Male,86.1,1.73,178.0,140.0,51.0,1.12,1244.0,Strength,22.7,3.4,3.0,3.0,19.23,28.76808446657088,1110.7142857142856,127.0,0.7865168539325843,0.03948896631823461,-1,Very Active,High-intensity interval training 3-4x/week
37.0,Female,58.7,1.78,195.0,154.0,59.0,1.34,1015.0,Cardio,29.5,2.8,2.0,3.0,18.67,18.526701174094182,757.4626865671642,136.0,0.7897435897435897,0.04770017035775127,-1,Active,Strength and cardio mix 3x/week
37.0,Female,69.1,1.74,175.0,127.0,53.0,1.61,1411.0,Strength,31.9,3.6,2.0,2.0,18.07,22.823358435724664,876.3975155279503,122.0,0.7257142857142858,0.052098408104196824,-1,Active,Strength and cardio mix 3x/week
46.0,Female,73.0,1.73,164.0,150.0,54.0,1.87,1037.0,Cardio,25.1,3.4,2.0,,15.27,24.3910588392529,554.5454545454545,110.0,0.9146341463414634,0.04657534246575342,-1,Moderate,Moderate cardio 2-3x/week
53.0,Male,67.3,1.5,199.0,151.0,60.0,1.04,593.0,HIIT,15.8,3.4,4.0,2.0,12.32,29.91111111111111,570.1923076923076,139.0,0.7587939698492462,0.05052005943536404,-1,Moderate,Moderate cardio 2-3x/week
47.0,Female,59.2,1.67,182.0,169.0,57.0,1.06,1252.0,HIIT,31.5,2.2,3.0,2.0,23.65,21.22700706371688,1181.132075471698,125.0,0.9285714285714286,0.037162162162162164,-1,Very Active,High-intensity interval training 3-4x/week
46.0,Female,119.6,1.71,176.0,129.0,53.0,1.26,1144.0,HIIT,23.9,1.7,4.0,2.0,12.32,40.901473957798984,907.936507936508,123.0,0.7329545454545454,0.014214046822742476,-1,Active,Strength and cardio mix 3x/week
53.0,Male,80.1,1.69,188.0,167.0,74.0,2.0,1196.0,Strength,13.0,2.3,3.0,1.0,14.85,28.045236511326635,598.0,114.0,0.8882978723404256,0.02871410736579276,-1,Moderate,Moderate cardio 2-3x/week
42.0,Male,59.1,1.65,183.0,138.0,71.0,2.0,957.0,Strength,21.2,2.0,2.0,2.0,35.06,21.707988980716255,478.5,112.0,0.7540983606557377,0.0338409475465313,-1,Moderate,Moderate cardio 2-3x/week
48.0,,88.8,1.91,183.0,156.0,67.0,0.87,853.0,Cardio,32.5,3.3,3.0,2.0,19.12,24.34143800882651,980.4597701149426,116.0,0.8524590163934426,0.037162162162162164,-1,Moderate,Moderate cardio 2-3x/week
36.0,Male,53.4,1.75,177.0,120.0,70.0,0.68,1257.0,Yoga,26.7,2.7,5.0,2.0,35.28,17.43673469387755,1848.5294117647059,107.0,0.6779661016949152,0.050561797752808994,-1,Very Active,High-intensity interval training 3-4x/week
18.0,Male,98.9,1.58,181.0,126.0,68.0,1.48,1330.0,Cardio,27.5,3.1,3.0,2.0,12.32,39.61704854991187,898.6486486486486,113.0,0.6961325966850829,0.03134479271991911,-1,Active,Strength and cardio mix 3x/week
41.0,Female,112.2,1.81,188.0,159.0,53.0,1.16,995.0,Yoga,30.3,3.3,3.0,2.0,18.28,34.24803882665364,857.7586206896552,135.0,0.8457446808510638,0.02941176470588235,-1,Moderate,Moderate cardio 2-3x/week
30.0,Male,101.6,1.73,190.0,133.0,56.0,1.38,1047.0,Cardio,22.1,3.2,3.0,3.0,40.75,33.947007918741015,758.6956521739131,134.0,0.7,0.03149606299212599,-1,Active,Strength and cardio mix 3x/week
19.0,Female,74.7,1.85,194.0,127.0,74.0,0.65,1105.0,Cardio,19.4,3.6,2.0,2.0,16.46,21.82615047479912,1700.0,120.0,0.654639175257732,0.04819277108433735,-1,Active,Strength and cardio mix 3x/week
22.0,Male,68.4,1.86,175.0,129.0,66.0,1.99,895.0,Cardio,20.0,3.6,5.0,1.0,16.16,19.771071800208116,449.74874371859295,109.0,0.7371428571428571,0.05263157894736842,-1,Moderate,Moderate cardio 2-3x/week
22.0,Female,86.2,1.93,167.0,145.0,62.0,1.74,640.0,Strength,18.6,3.3,3.0,1.0,29.48,23.14156084727107,367.81609195402297,105.0,0.8682634730538922,0.0382830626450116,-1,Moderate,Moderate cardio 2-3x/week
51.0,Male,98.9,1.85,181.0,138.0,70.0,1.49,859.0,Cardio,25.0,1.5,2.0,2.0,25.3,28.89700511322133,576.510067114094,111.0,0.7624309392265194,0.015166835187057633,-1,Moderate,Moderate cardio 2-3x/week
27.0,Female,50.6,2.0,174.0,129.0,68.0,1.34,1179.0,HIIT,31.0,2.0,5.0,2.0,24.12,12.65,879.8507462686566,106.0,0.7413793103448276,0.039525691699604744,-1,Active,Strength and cardio mix 3x/week
56.0,Female,68.1,2.0,168.0,160.0,74.0,1.39,1350.0,Yoga,23.8,3.3,5.0,2.0,17.05,17.025,971.2230215827338,94.0,0.9523809523809523,0.048458149779735685,-1,Very Active,High-intensity interval training 3-4x/week
22.0,Female,53.0,1.83,199.0,129.0,74.0,0.88,540.0,Strength,11.9,3.1,4.0,2.0,15.29,15.826092149661081,613.6363636363636,125.0,0.6482412060301508,0.05849056603773585,-1,Moderate,Moderate cardio 2-3x/week
28.0,Male,59.2,1.68,187.0,127.0,54.0,1.53,466.0,Strength,27.3,2.9,2.0,3.0,12.32,20.97505668934241,304.5751633986928,133.0,0.679144385026738,0.048986486486486486,-1,Moderate,Moderate cardio 2-3x/week
35.0,Male,40.0,2.0,169.0,138.0,72.0,1.08,576.0,Strength,31.2,2.9,2.0,3.0,20.21,10.0,533.3333333333333,97.0,0.8165680473372781,0.0725,-1,Less Active,Light exercise 1-2x/week
48.0,Male,90.4,2.0,193.0,156.0,59.0,1.78,1246.0,Cardio,24.4,2.3,3.0,2.0,13.35,22.6,700.0,134.0,0.8082901554404145,0.025442477876106193,-1,Moderate,Moderate cardio 2-3x/week
25.0,Female,74.6,1.63,182.0,160.0,60.0,0.93,1028.0,HIIT,14.8,3.5,3.0,2.0,18.08,28.077835070947344,1105.3763440860214,122.0,0.8791208791208791,0.04691689008042896,-1,Active,Strength and cardio mix 3x/week
24.0,Male,92.2,1.71,194.0,141.0,59.0,2.0,1580.0,HIIT,32.9,2.4,4.0,2.0,,31.531069388871792,790.0,135.0,0.7268041237113402,0.026030368763557483,-1,Active,Strength and cardio mix 3x/week
35.0,Female,56.2,1.74,170.0,151.0,66.0,0.99,1215.0,Strength,26.9,2.9,4.0,2.0,20.61,18.56255780155899,1227.2727272727273,104.0,0.888235294117647,0.05160142348754448,-1,Active,Strength and cardio mix 3x/week
18.0,Male,63.0,1.66,191.0,168.0,74.0,0.89,456.0,Strength,24.5,2.7,3.0,2.0,14.75,22.8625344752504,512.3595505617977,117.0,0.8795811518324608,0.04285714285714286,-1,Moderate,Moderate cardio 2-3x/week
50.0,Female,76.1,1.82,191.0,146.0,54.0,1.12,817.0,Cardio,25.0,3.2,2.0,1.0,14.5,22.97427846878396,729.4642857142857,137.0,0.7643979057591623,0.04204993429697767,-1,Moderate,Moderate cardio 2-3x/week
32.0,Female,45.9,1.83,192.0,120.0,55.0,1.49,808.0,Yoga,22.4,1.5,3.0,1.0,17.82,13.70599301263101,542.2818791946308,137.0,0.625,0.032679738562091505,-1,Moderate,Moderate cardio 2-3x/week
31.0,Female,86.4,1.59,187.0,169.0,50.0,2.0,1336.0,Yoga,27.6,1.6,4.0,1.0,14.57,34.175863296546815,668.0,137.0,0.9037433155080213,0.018518518518518517,-1,Moderate,Moderate cardio 2-3x/week
30.0,Female,54.9,1.93,187.0,165.0,70.0,0.94,836.0,Cardio,26.7,3.7,4.0,2.0,13.37,14.738650702032269,889.3617021276597,117.0,0.8823529411764706,0.06739526411657559,-1,Moderate,Moderate cardio 2-3x/week
21.0,Male,91.2,1.7,194.0,142.0,62.0,0.91,1090.0,Strength,33.3,3.7,3.0,2.0,17.63,31.55709342560554,1197.8021978021977,132.0,0.7319587628865979,0.04057017543859649,-1,Active,Strength and cardio mix 3x/week
46.0,Male,54.2,1.91,171.0,169.0,67.0,0.9,771.0,HIIT,14.0,2.6,3.0,3.0,26.79,14.857048874756725,856.6666666666666,104.0,0.9883040935672515,0.04797047970479705,-1,Less Active,Light exercise 1-2x/week
22.0,Female,60.8,1.77,169.0,130.0,74.0,1.1,1298.0,Cardio,25.4,3.3,2.0,3.0,13.58,19.406939257556893,1180.0,95.0,0.7692307692307693,0.054276315789473686,-1,Very Active,High-intensity interval training 3-4x/week
30.0,Male,46.8,1.67,164.0,153.0,74.0,1.53,684.0,Cardio,15.2,2.3,4.0,2.0,12.32,16.780809638208613,447.05882352941177,90.0,0.9329268292682927,0.049145299145299144,-1,Moderate,Moderate cardio 2-3x/week
31.0,Female,48.1,1.58,181.0,125.0,70.0,1.88,695.0,HIIT,23.1,3.3,3.0,2.0,26.69,19.267745553597177,369.68085106382983,111.0,0.6906077348066298,0.0686070686070686,-1,Moderate,Moderate cardio 2-3x/week
36.0,Male,56.5,1.61,189.0,123.0,58.0,2.0,1093.0,Yoga,32.6,3.5,3.0,3.0,25.74,21.79699857258593,546.5,131.0,0.6507936507936508,0.061946902654867256,-1,Moderate,Moderate cardio 2-3x/week
55.0,Female,78.4,1.59,171.0,132.0,74.0,2.0,1182.0,HIIT,13.6,3.7,3.0,1.0,12.32,31.011431509829517,591.0,97.0,0.7719298245614035,0.047193877551020405,-1,Moderate,Moderate cardio 2-3x/week
44.0,Male,78.2,1.8,171.0,169.0,59.0,1.79,1730.0,HIIT,17.0,3.5,5.0,1.0,18.17,24.1358024691358,966.4804469273743,112.0,0.9883040935672515,0.04475703324808184,-1,Very Active,High-intensity interval training 3-4x/week
34.0,Female,74.2,1.83,194.0,153.0,60.0,1.24,1632.0,Strength,27.3,3.0,4.0,2.0,20.18,22.156529009525514,1316.1290322580646,134.0,0.788659793814433,0.04043126684636118,-1,Very Active,High-intensity interval training 3-4x/week
57.0,Female,84.0,1.95,199.0,142.0,51.0,1.66,872.0,Strength,17.5,3.4,4.0,1.0,21.88,22.090729783037478,525.3012048192771,148.0,0.7135678391959799,0.04047619047619048,-1,Moderate,Moderate cardio 2-3x/week
47.0,Female,79.2,1.81,160.0,169.0,74.0,1.28,595.0,Yoga,19.0,3.3,2.0,2.0,20.55,24.175086230579044,464.84375,86.0,1.05625,0.041666666666666664,-1,Moderate,Moderate cardio 2-3x/week
20.0,Female,102.9,1.61,172.0,146.0,70.0,1.57,1113.0,Yoga,23.5,3.2,3.0,3.0,21.82,39.69754253308128,708.9171974522293,102.0,0.8488372093023255,0.031098153547133137,-1,Moderate,Moderate cardio 2-3x/week
30.0,Female,57.8,1.89,168.0,165.0,67.0,1.38,1099.0,Strength,25.6,1.5,,1.0,15.3,16.18095797989978,796.376811594203,101.0,0.9821428571428571,0.025951557093425608,-1,Active,Strength and cardio mix 3x/week
37.0,Female,94.5,1.73,198.0,135.0,74.0,1.16,717.0,Strength,23.8,1.6,4.0,3.0,17.52,31.574726853553408,618.1034482758621,124.0,0.6818181818181818,0.016931216931216932,-1,Moderate,Moderate cardio 2-3x/week
54.0,Female,52.6,1.81,167.0,167.0,53.0,1.46,988.0,Yoga,26.7,2.4,2.0,1.0,27.97,16.055675956167395,676.7123287671233,114.0,1.0,0.04562737642585551,-1,Moderate,Moderate cardio 2-3x/week
31.0,Female,50.9,1.51,174.0,130.0,58.0,2.0,1743.0,Strength,26.9,3.5,,1.0,22.5,22.32358229902197,871.5,116.0,0.7471264367816092,0.068762278978389,-1,Active,Strength and cardio mix 3x/week
43.0,,58.9,1.85,174.0,139.0,67.0,1.41,1217.0,,19.9,2.0,2.0,1.0,20.61,17.209642074506938,863.1205673758866,107.0,0.7988505747126436,0.03395585738539898,-1,Active,Strength and cardio mix 3x/week
22.0,Female,69.3,1.56,164.0,136.0,50.0,1.33,1084.0,Yoga,30.7,3.4,3.0,,23.56,28.47633136094674,815.0375939849623,114.0,0.8292682926829268,0.049062049062049064,-1,Active,Strength and cardio mix 3x/week
24.0,Female,91.2,1.82,181.0,158.0,74.0,1.49,1263.0,,26.9,1.8,2.0,2.0,12.74,27.532906653785773,847.6510067114094,107.0,0.8729281767955801,0.019736842105263157,-1,Active,Strength and cardio mix 3x/week
25.0,Male,40.0,1.56,195.0,132.0,57.0,0.65,499.0,Yoga,16.7,3.4,3.0,2.0,12.32,16.43655489809336,767.6923076923076,138.0,0.676923076923077,0.08499999999999999,-1,Moderate,Moderate cardio 2-3x/week
45.0,Male,76.6,1.77,181.0,122.0,64.0,1.82,1186.0,Cardio,19.1,3.5,2.0,1.0,20.79,24.450189919882533,651.6483516483516,117.0,0.6740331491712708,0.04569190600522194,-1,Moderate,Moderate cardio 2-3x/week
25.0,Female,61.1,1.72,176.0,162.0,53.0,0.92,1378.0,Strength,15.0,3.4,4.0,1.0,12.62,20.653055705786915,1497.8260869565217,123.0,0.9204545454545454,0.055646481178396066,-1,Very Active,High-intensity interval training 3-4x/week
51.0,Female,58.8,1.78,172.0,120.0,54.0,2.0,1113.0,HIIT,31.5,2.3,4.0,1.0,,18.5582628456003,556.5,118.0,0.6976744186046512,0.0391156462585034,-1,Moderate,Moderate cardio 2-3x/week
31.0,Female,48.4,1.81,178.0,120.0,71.0,1.45,1004.0,Strength,23.1,1.5,3.0,1.0,31.33,14.773663807576082,692.4137931034483,107.0,0.6741573033707865,0.030991735537190084,-1,Moderate,Moderate cardio 2-3x/week
28.0,Female,77.8,1.62,164.0,161.0,70.0,1.52,1095.0,Strength,23.1,3.5,5.0,2.0,21.22,29.64487120865721,720.3947368421052,94.0,0.9817073170731707,0.04498714652956298,-1,Moderate,Moderate cardio 2-3x/week
48.0,Male,119.9,1.73,165.0,156.0,66.0,0.99,781.0,Cardio,18.5,3.6,3.0,1.0,18.18,40.06147883323867,788.8888888888889,99.0,0.9454545454545454,0.030025020850708923,-1,Less Active,Light exercise 1-2x/week
44.0,,64.5,1.5,173.0,166.0,50.0,0.54,874.0,Yoga,25.2,1.9,3.0,2.0,12.32,28.666666666666668,1618.5185185185185,123.0,0.9595375722543352,0.02945736434108527,-1,Moderate,Moderate cardio 2-3x/week
39.0,Female,84.0,1.79,176.0,126.0,72.0,1.5,1057.0,HIIT,28.0,3.3,3.0,1.0,30.44,26.216410224399986,704.6666666666666,104.0,0.7159090909090909,0.039285714285714285,-1,Moderate,Moderate cardio 2-3x/week
34.0,Male,80.7,1.8,193.0,153.0,57.0,1.18,930.0,Yoga,27.2,2.3,3.0,1.0,13.63,24.90740740740741,788.135593220339,136.0,0.7927461139896373,0.02850061957868649,-1,Moderate,Moderate cardio 2-3x/week
24.0,Female,102.6,1.67,190.0,132.0,73.0,1.41,800.0,Yoga,28.3,1.5,3.0,2.0,18.79,36.788698052995805,567.3758865248227,117.0,0.6947368421052632,0.014619883040935673,-1,Moderate,Moderate cardio 2-3x/week
42.0,Female,57.1,1.84,199.0,163.0,74.0,1.2,303.0,Strength,21.3,2.7,3.0,1.0,14.84,16.865548204158788,252.5,125.0,0.8190954773869347,0.047285464098073555,-1,Moderate,Moderate cardio 2-3x/week
18.0,Female,98.5,1.99,187.0,153.0,57.0,1.95,859.0,Yoga,22.7,1.9,3.0,2.0,15.7,24.873109264917552,440.5128205128205,130.0,0.8181818181818182,0.01928934010152284,-1,Moderate,Moderate cardio 2-3x/week
23.0,Female,68.0,1.74,175.0,120.0,68.0,1.01,694.0,HIIT,24.5,3.5,5.0,2.0,17.47,22.460034350640772,687.1287128712871,107.0,0.6857142857142857,0.051470588235294115,-1,Moderate,Moderate cardio 2-3x/week
18.0,Male,40.0,1.82,177.0,127.0,74.0,0.73,352.0,Yoga,26.0,3.4,3.0,2.0,28.42,12.075836251660427,482.1917808219178,103.0,0.7175141242937854,0.08499999999999999,-1,Less Active,Light exercise 1-2x/week
50.0,Male,41.9,2.0,199.0,161.0,74.0,1.24,953.0,Cardio,24.6,3.2,3.0,2.0,16.02,10.475,768.5483870967741,125.0,0.8090452261306532,0.07637231503579953,-1,Moderate,Moderate cardio 2-3x/week
18.0,Male,60.5,1.57,177.0,131.0,59.0,1.3,1286.0,HIIT,28.1,2.6,3.0,2.0,19.42,24.544606272059717,989.2307692307692,118.0,0.7401129943502824,0.04297520661157025,-1,Very Active,High-intensity interval training 3-4x/week
46.0,Male,40.7,1.66,190.0,169.0,58.0,0.92,760.0,HIIT,27.2,3.5,5.0,2.0,18.76,14.769923065757006,826.0869565217391,132.0,0.8894736842105263,0.08599508599508598,-1,Moderate,Moderate cardio 2-3x/week
18.0,Female,53.8,1.7,197.0,120.0,69.0,1.01,1274.0,Strength,31.4,2.4,3.0,3.0,15.72,18.6159169550173,1261.3861386138615,128.0,0.6091370558375635,0.04460966542750929,-1,Very Active,High-intensity interval training 3-4x/week
18.0,,115.4,1.79,188.0,168.0,72.0,2.0,859.0,Yoga,31.2,1.8,3.0,2.0,19.06,36.01635404637808,429.5,116.0,0.8936170212765957,0.01559792027729636,-1,Moderate,Moderate cardio 2-3x/week
46.0,Male,54.0,1.82,177.0,163.0,63.0,1.4,979.0,Yoga,33.7,3.7,2.0,2.0,14.05,16.302378939741576,699.2857142857143,114.0,0.9209039548022598,0.06851851851851852,-1,Moderate,Moderate cardio 2-3x/week
24.0,Male,105.7,2.0,187.0,145.0,58.0,1.48,1002.0,Strength,25.9,2.5,3.0,1.0,43.01,26.425,677.0270270270271,129.0,0.7754010695187166,0.023651844843897825,-1,Moderate,Moderate cardio 2-3x/week
30.0,Female,57.7,1.76,160.0,152.0,59.0,1.82,314.0,Cardio,23.2,1.8,4.0,3.0,12.32,18.62732438016529,172.52747252747253,101.0,0.95,0.03119584055459272,-1,Moderate,Moderate cardio 2-3x/week
24.0,Male,72.7,2.0,190.0,131.0,56.0,1.33,1126.0,Cardio,12.6,3.6,2.0,2.0,23.15,18.175,846.6165413533835,134.0,0.6894736842105263,0.04951856946354883,-1,Active,Strength and cardio mix 3x/week
25.0,,102.4,1.68,188.0,141.0,56.0,1.66,1553.0,Yoga,18.6,1.7,2.0,2.0,16.38,36.281179138322,935.5421686746988,132.0,0.75,0.0166015625,-1,Active,Strength and cardio mix 3x/week
29.0,Female,81.4,1.89,177.0,137.0,70.0,1.01,503.0,Yoga,14.5,1.5,,1.0,21.8,22.787715909409034,498.019801980198,107.0,0.7740112994350282,0.018427518427518427,-1,Moderate,Moderate cardio 2-3x/week
39.0,Male,81.9,1.72,187.0,156.0,53.0,1.19,1329.0,Yoga,24.2,3.4,4.0,2.0,12.91,27.683883180097354,1116.8067226890757,134.0,0.8342245989304813,0.04151404151404151,-1,Very Active,High-intensity interval training 3-4x/week
48.0,Female,65.1,1.79,189.0,120.0,74.0,1.26,325.0,Strength,23.5,2.1,5.0,3.0,28.56,20.31771792390999,257.93650793650795,115.0,0.6349206349206349,0.03225806451612904,-1,Moderate,Moderate cardio 2-3x/week
28.0,Female,67.8,1.57,198.0,135.0,67.0,2.0,1062.0,Strength,30.5,1.5,3.0,1.0,14.86,27.50618686356444,531.0,131.0,0.6818181818181818,0.022123893805309734,-1,Moderate,Moderate cardio 2-3x/week
53.0,Female,55.0,1.6,181.0,133.0,74.0,1.25,645.0,Strength,28.2,2.4,4.0,1.0,21.6,21.484374999999996,516.0,107.0,0.7348066298342542,0.04363636363636363,-1,Moderate,Moderate cardio 2-3x/week
38.0,,42.6,1.61,172.0,122.0,69.0,1.13,462.0,Yoga,14.9,2.5,2.0,,15.67,16.43455113614444,408.8495575221239,103.0,0.7093023255813954,0.05868544600938967,-1,Less Active,Light exercise 1-2x/week
50.0,Female,61.5,1.57,199.0,139.0,71.0,0.95,798.0,Cardio,22.5,3.5,4.0,2.0,17.3,24.950302243498722,840.0,128.0,0.6984924623115578,0.056910569105691054,-1,Moderate,Moderate cardio 2-3x/week
27.0,Male,64.2,1.89,188.0,143.0,51.0,2.0,1662.0,Strength,23.0,3.1,4.0,2.0,17.41,17.972621147224324,831.0,137.0,0.7606382978723404,0.048286604361370715,-1,Active,Strength and cardio mix 3x/week
38.0,Male,76.7,1.99,192.0,131.0,74.0,1.14,1263.0,Strength,28.3,1.6,5.0,1.0,14.98,19.368197772783514,1107.8947368421054,118.0,0.6822916666666666,0.020860495436766623,-1,Very Active,High-intensity interval training 3-4x/week
54.0,Female,58.1,1.57,182.0,169.0,74.0,1.59,649.0,Cardio,19.7,3.4,3.0,2.0,23.19,23.57093594060611,408.1761006289308,108.0,0.9285714285714286,0.058519793459552494,-1,Moderate,Moderate cardio 2-3x/week
33.0,Female,58.2,1.62,170.0,163.0,60.0,1.21,1524.0,Cardio,26.5,2.8,3.0,2.0,12.32,22.176497485139457,1259.504132231405,110.0,0.9588235294117647,0.04810996563573883,-1,Very Active,High-intensity interval training 3-4x/week
46.0,Male,55.1,1.62,170.0,166.0,52.0,1.03,1370.0,Cardio,34.4,1.8,2.0,1.0,26.04,20.995275110501446,1330.0970873786407,118.0,0.9764705882352941,0.032667876588021776,-1,Very Active,High-intensity interval training 3-4x/week
32.0,Female,51.2,1.9,162.0,160.0,60.0,1.25,988.0,Cardio,21.6,2.5,3.0,2.0,22.51,14.182825484764544,790.4,102.0,0.9876543209876543,0.048828125,-1,Moderate,Moderate cardio 2-3x/week
43.0,Male,40.0,1.95,162.0,138.0,58.0,2.0,918.0,Yoga,26.4,1.8,4.0,2.0,18.66,10.519395134779751,459.0,104.0,0.8518518518518519,0.045,-1,Moderate,Moderate cardio 2-3x/week
42.0,Male,45.3,1.53,193.0,128.0,74.0,1.05,810.0,,21.1,2.4,2.0,2.0,17.18,19.351531462258105,771.4285714285714,119.0,0.6632124352331606,0.052980132450331126,-1,Moderate,Moderate cardio 2-3x/week
22.0,Female,54.1,1.76,178.0,127.0,65.0,1.42,501.0,Strength,29.2,3.7,4.0,1.0,22.15,17.465134297520663,352.81690140845075,113.0,0.7134831460674157,0.06839186691312385,-1,Moderate,Moderate cardio 2-3x/week
24.0,Male,58.8,1.89,163.0,150.0,73.0,1.28,800.0,Strength,27.1,2.5,2.0,2.0,15.86,16.46090534979424,625.0,90.0,0.9202453987730062,0.04251700680272109,-1,Moderate,Moderate cardio 2-3x/week
36.0,,55.5,1.69,198.0,132.0,71.0,1.85,1590.0,Cardio,15.3,2.2,3.0,2.0,27.8,19.432092713840554,859.4594594594594,127.0,0.6666666666666666,0.039639639639639644,-1,Active,Strength and cardio mix 3x/week
27.0,Female,40.0,1.8,162.0,140.0,74.0,1.42,901.0,HIIT,22.2,2.5,5.0,1.0,29.73,12.345679012345679,634.5070422535211,88.0,0.8641975308641975,0.0625,-1,Moderate,Moderate cardio 2-3x/week
41.0,Male,53.0,1.62,161.0,142.0,61.0,1.42,761.0,Strength,21.0,3.3,3.0,1.0,20.51,20.195092211553114,535.9154929577466,100.0,0.8819875776397516,0.062264150943396226,-1,Moderate,Moderate cardio 2-3x/week
18.0,Female,83.5,1.67,162.0,169.0,70.0,1.54,1389.0,Cardio,12.1,1.7,2.0,1.0,33.8,29.940119760479043,901.9480519480519,92.0,1.0432098765432098,0.02035928143712575,-1,Active,Strength and cardio mix 3x/week
51.0,Female,58.6,2.0,162.0,150.0,55.0,1.28,1030.0,Strength,16.7,3.4,3.0,2.0,37.28,14.65,804.6875,107.0,0.9259259259259259,0.058020477815699655,-1,Active,Strength and cardio mix 3x/week
18.0,Female,40.0,1.9,166.0,169.0,57.0,1.28,1556.0,Strength,17.4,2.1,2.0,3.0,19.51,11.0803324099723,1215.625,109.0,1.0180722891566265,0.052500000000000005,-1,Very Active,High-intensity interval training 3-4x/week
44.0,Female,91.2,1.87,194.0,141.0,66.0,1.66,1345.0,Yoga,22.7,2.5,2.0,1.0,15.5,26.08024250050044,810.2409638554217,128.0,0.7268041237113402,0.027412280701754384,-1,Active,Strength and cardio mix 3x/week
31.0,Male,60.7,1.62,198.0,120.0,71.0,1.35,967.0,Yoga,31.2,3.2,4.0,2.0,23.83,23.12909617436366,716.2962962962963,127.0,0.6060606060606061,0.05271828665568369,-1,Moderate,Moderate cardio 2-3x/week
36.0,Male,62.2,1.5,192.0,132.0,61.0,2.0,913.0,HIIT,11.4,1.5,3.0,2.0,22.96,27.644444444444446,456.5,131.0,0.6875,0.024115755627009645,-1,Moderate,Moderate cardio 2-3x/week
23.0,Female,62.1,1.83,168.0,149.0,51.0,1.39,1135.0,Yoga,26.1,2.0,3.0,2.0,21.35,18.543402311206663,816.5467625899281,117.0,0.8869047619047619,0.0322061191626409,-1,Active,Strength and cardio mix 3x/week
24.0,Male,79.0,1.62,177.0,169.0,73.0,1.0,887.0,Yoga,25.0,3.5,2.0,3.0,12.32,30.102118579484827,887.0,104.0,0.9548022598870056,0.04430379746835443,-1,Less Active,Light exercise 1-2x/week
38.0,Male,58.4,1.65,169.0,141.0,53.0,2.0,1109.0,Yoga,24.0,2.3,2.0,1.0,35.49,21.45087235996327,554.5,116.0,0.834319526627219,0.039383561643835614,-1,Moderate,Moderate cardio 2-3x/week
31.0,Female,75.8,1.7,199.0,129.0,60.0,0.87,922.0,HIIT,24.2,1.9,2.0,1.0,15.58,26.228373702422147,1059.7701149425288,139.0,0.6482412060301508,0.025065963060686015,-1,Moderate,Moderate cardio 2-3x/week
55.0,Female,65.5,1.94,170.0,123.0,74.0,1.37,787.0,HIIT,28.7,3.1,3.0,1.0,17.0,17.403549792751623,574.4525547445255,96.0,0.7235294117647059,0.04732824427480916,-1,Moderate,Moderate cardio 2-3x/week
52.0,Female,81.0,1.62,178.0,146.0,53.0,1.44,1628.0,Strength,25.4,2.5,4.0,1.0,17.41,30.864197530864192,1130.5555555555557,125.0,0.8202247191011236,0.030864197530864196,-1,Very Active,High-intensity interval training 3-4x/week
24.0,Female,84.5,1.84,171.0,128.0,63.0,0.7,1067.0,,32.0,2.4,2.0,1.0,12.32,24.958648393194707,1524.2857142857144,108.0,0.7485380116959064,0.028402366863905324,-1,Active,Strength and cardio mix 3x/week
18.0,Male,48.7,1.75,187.0,141.0,70.0,2.0,1266.0,\tCardio,34.4,2.6,3.0,1.0,38.48,15.902040816326531,633.0,117.0,0.7540106951871658,0.053388090349075976,-1,Moderate,Moderate cardio 2-3x/week
56.0,Female,85.2,1.6,163.0,151.0,51.0,1.25,672.0,Yoga,26.5,1.7,3.0,1.0,21.05,33.28124999999999,537.6,112.0,0.9263803680981595,0.01995305164319249,-1,Moderate,Moderate cardio 2-3x/week
33.0,Male,73.3,1.86,187.0,123.0,60.0,1.22,1254.0,Cardio,35.0,1.9,4.0,1.0,15.26,21.187420511041736,1027.8688524590164,127.0,0.6577540106951871,0.02592087312414734,-1,Very Active,High-intensity interval training 3-4x/week
33.0,Female,44.9,1.73,176.0,158.0,74.0,2.0,905.0,Strength,27.0,2.1,3.0,2.0,23.8,15.002171806608974,452.5,102.0,0.8977272727272727,0.0467706013363029,-1,Moderate,Moderate cardio 2-3x/week
39.0,Male,59.9,1.71,174.0,131.0,50.0,1.41,733.0,Yoga,24.7,2.9,2.0,2.0,19.74,20.484935535720393,519.8581560283689,124.0,0.7528735632183908,0.048414023372287146,-1,Moderate,Moderate cardio 2-3x/week
40.0,Male,43.9,1.92,186.0,143.0,74.0,0.83,1018.0,Yoga,12.0,3.1,3.0,1.0,29.23,11.908637152777779,1226.5060240963855,112.0,0.7688172043010753,0.07061503416856492,-1,Active,Strength and cardio mix 3x/week
20.0,Male,40.0,1.52,164.0,144.0,65.0,1.53,629.0,Strength,22.6,3.1,4.0,1.0,22.23,17.31301939058172,411.1111111111111,99.0,0.8780487804878049,0.0775,-1,Moderate,Moderate cardio 2-3x/week
26.0,Male,65.9,1.99,166.0,127.0,71.0,1.08,1218.0,Cardio,22.0,2.6,4.0,2.0,13.91,16.640993914295095,1127.7777777777776,95.0,0.7650602409638554,0.03945371775417299,-1,Active,Strength and cardio mix 3x/week
21.0,Female,59.8,1.65,162.0,169.0,74.0,1.5,1130.0,Cardio,30.4,3.2,5.0,3.0,12.32,21.96510560146924,753.3333333333334,88.0,1.0432098765432098,0.053511705685618735,-1,Active,Strength and cardio mix 3x/week
36.0,Female,77.7,1.66,193.0,120.0,72.0,1.21,1115.0,Strength,11.3,2.2,2.0,3.0,22.23,28.197125852808828,921.4876033057851,121.0,0.6217616580310881,0.028314028314028315,-1,Active,Strength and cardio mix 3x/week
30.0,Male,61.6,1.77,170.0,130.0,74.0,2.0,1068.0,Yoga,24.3,1.5,5.0,2.0,24.78,19.662293721472118,534.0,96.0,0.7647058823529411,0.024350649350649352,-1,Moderate,Moderate cardio 2-3x/week
18.0,Female,44.2,1.64,171.0,164.0,66.0,1.14,1083.0,Yoga,16.1,2.2,5.0,2.0,18.36,16.433670434265323,950.0000000000001,105.0,0.9590643274853801,0.0497737556561086,-1,Active,Strength and cardio mix 3x/week
22.0,Male,63.7,1.85,192.0,122.0,53.0,1.06,1032.0,Yoga,24.4,2.5,3.0,3.0,13.95,18.612125639152666,973.5849056603773,139.0,0.6354166666666666,0.03924646781789639,-1,Active,Strength and cardio mix 3x/week
45.0,Male,54.4,1.55,182.0,139.0,74.0,2.0,1179.0,HIIT,24.3,3.1,5.0,3.0,12.32,22.643080124869925,589.5,108.0,0.7637362637362637,0.056985294117647065,-1,Moderate,Moderate cardio 2-3x/week
43.0,Female,93.8,1.65,170.0,162.0,61.0,1.37,848.0,Strength,,2.8,3.0,1.0,15.58,34.45362718089991,618.978102189781,109.0,0.9529411764705882,0.029850746268656716,-1,Moderate,Moderate cardio 2-3x/week
18.0,Female,77.7,1.55,178.0,131.0,67.0,1.4,1259.0,Strength,14.8,2.4,3.0,2.0,12.32,32.34131113423517,899.2857142857143,111.0,0.7359550561797753,0.030888030888030885,-1,Active,Strength and cardio mix 3x/week
18.0,Male,57.6,1.74,172.0,120.0,74.0,1.46,635.0,Strength,15.0,3.2,2.0,3.0,12.8,19.024970273483948,434.9315068493151,98.0,0.6976744186046512,0.05555555555555556,-1,Moderate,Moderate cardio 2-3x/week
20.0,Male,75.6,1.74,192.0,128.0,72.0,1.86,906.0,Cardio,21.4,3.3,4.0,2.0,34.73,24.97027348394768,487.09677419354836,120.0,0.6666666666666666,0.04365079365079365,-1,Moderate,Moderate cardio 2-3x/week
47.0,Male,85.5,1.84,172.0,152.0,68.0,0.98,773.0,Cardio,24.1,2.6,2.0,2.0,19.61,25.254017013232513,788.7755102040817,104.0,0.8837209302325582,0.0304093567251462,-1,Less Active,Light exercise 1-2x/week
25.0,Male,62.4,1.59,166.0,151.0,66.0,1.27,903.0,,11.0,3.0,4.0,1.0,32.63,24.682567936394918,711.0236220472441,100.0,0.9096385542168675,0.04807692307692308,-1,Moderate,Moderate cardio 2-3x/week
31.0,Female,53.5,1.68,180.0,155.0,57.0,0.86,875.0,Strength,22.6,3.3,2.0,1.0,20.61,18.955498866213155,1017.4418604651163,123.0,0.8611111111111112,0.0616822429906542,-1,Moderate,Moderate cardio 2-3x/week
47.0,Male,78.8,1.82,167.0,144.0,66.0,1.66,1163.0,Cardio,31.7,2.8,4.0,2.0,15.78,23.789397415771038,700.6024096385543,101.0,0.8622754491017964,0.03553299492385787,-1,Moderate,Moderate cardio 2-3x/week
20.0,Male,40.0,1.97,173.0,133.0,74.0,2.0,916.0,Cardio,18.8,2.3,2.0,1.0,13.57,10.306887577623748,458.0,99.0,0.7687861271676301,0.057499999999999996,-1,Moderate,Moderate cardio 2-3x/week
56.0,Male,51.5,1.66,198.0,167.0,70.0,2.0,843.0,Strength,24.2,2.4,3.0,3.0,25.65,18.689214690085645,421.5,128.0,0.8434343434343434,0.04660194174757282,-1,Moderate,Moderate cardio 2-3x/week
24.0,Male,80.9,1.74,181.0,128.0,61.0,1.19,1705.0,HIIT,10.0,2.7,4.0,1.0,12.32,26.720834984806448,1432.7731092436975,120.0,0.7071823204419889,0.03337453646477132,-1,Very Active,High-intensity interval training 3-4x/week
29.0,Female,85.3,1.68,161.0,133.0,74.0,1.45,1269.0,Cardio,26.1,2.5,4.0,3.0,15.99,30.222505668934243,875.1724137931035,87.0,0.8260869565217391,0.029308323563892145,-1,Active,Strength and cardio mix 3x/week
18.0,Female,47.8,1.73,162.0,136.0,56.0,1.42,562.0,Cardio,23.9,3.4,3.0,1.0,14.48,15.971131678305321,395.77464788732397,106.0,0.8395061728395061,0.07112970711297072,-1,Moderate,Moderate cardio 2-3x/week
36.0,Female,87.9,1.54,177.0,129.0,58.0,1.93,1010.0,Cardio,21.1,3.3,3.0,1.0,29.54,37.06358576488447,523.3160621761658,119.0,0.7288135593220338,0.03754266211604095,-1,Moderate,Moderate cardio 2-3x/week
49.0,Female,43.6,1.68,170.0,124.0,73.0,0.94,739.0,Yoga,27.6,3.5,4.0,2.0,30.46,15.447845804988665,786.1702127659574,97.0,0.7294117647058823,0.08027522935779816,-1,Less Active,Light exercise 1-2x/week
40.0,Female,55.7,1.6,184.0,133.0,72.0,1.4,749.0,Yoga,23.7,2.6,4.0,2.0,24.88,21.757812499999996,535.0,112.0,0.7228260869565217,0.0466786355475763,-1,Moderate,Moderate cardio 2-3x/week
20.0,Female,73.5,1.87,167.0,145.0,68.0,2.0,1338.0,HIIT,21.9,3.5,3.0,,22.35,21.018616488890157,669.0,99.0,0.8682634730538922,0.047619047619047616,-1,Moderate,Moderate cardio 2-3x/week
31.0,Female,52.7,1.65,199.0,138.0,74.0,1.92,1102.0,HIIT,24.0,3.3,2.0,3.0,18.38,19.357208448117543,573.9583333333334,125.0,0.6934673366834171,0.06261859582542693,-1,Moderate,Moderate cardio 2-3x/week
47.0,Female,87.1,1.7,174.0,160.0,63.0,1.4,562.0,HIIT,26.0,3.7,5.0,1.0,26.61,30.13840830449827,401.42857142857144,111.0,0.9195402298850575,0.04247990815154995,-1,Moderate,Moderate cardio 2-3x/week
47.0,,71.5,1.79,162.0,169.0,65.0,1.84,822.0,HIIT,29.1,2.3,5.0,2.0,25.83,22.315158702911894,446.73913043478257,97.0,1.0432098765432098,0.032167832167832165,-1,Moderate,Moderate cardio 2-3x/week
54.0,,40.0,1.75,174.0,166.0,66.0,1.58,409.0,Cardio,27.9,3.5,5.0,2.0,17.72,13.061224489795919,258.86075949367086,108.0,0.9540229885057471,0.0875,-1,Moderate,Moderate cardio 2-3x/week
44.0,Male,94.4,1.82,182.0,140.0,57.0,1.38,1369.0,HIIT,20.7,3.2,3.0,1.0,22.79,28.49897355391861,992.0289855072465,125.0,0.7692307692307693,0.03389830508474576,-1,Very Active,High-intensity interval training 3-4x/week
46.0,Male,44.9,1.93,177.0,154.0,58.0,2.0,1434.0,HIIT,31.4,3.5,4.0,2.0,12.32,12.054014872882494,717.0,119.0,0.8700564971751412,0.0779510022271715,-1,Moderate,Moderate cardio 2-3x/week
55.0,Male,61.9,1.74,163.0,140.0,73.0,0.97,598.0,Strength,23.6,3.1,2.0,1.0,27.13,20.44523715153917,616.4948453608248,90.0,0.8588957055214724,0.050080775444264945,-1,Less Active,Light exercise 1-2x/week
24.0,Male,83.4,1.7,162.0,169.0,51.0,1.87,879.0,Yoga,26.4,3.3,4.0,1.0,21.68,28.858131487889278,470.0534759358288,111.0,1.0432098765432098,0.039568345323741004,-1,Moderate,Moderate cardio 2-3x/week
18.0,Female,83.6,1.84,186.0,137.0,73.0,1.33,1338.0,Strength,35.0,2.6,2.0,2.0,30.41,24.69281663516068,1006.0150375939849,113.0,0.7365591397849462,0.031100478468899524,-1,Very Active,High-intensity interval training 3-4x/week
18.0,Female,48.6,1.72,180.0,136.0,72.0,1.38,1185.0,Strength,23.5,1.8,,2.0,21.68,16.427798810167662,858.6956521739131,108.0,0.7555555555555555,0.037037037037037035,-1,Active,Strength and cardio mix 3x/week
18.0,Female,80.7,2.0,184.0,142.0,74.0,0.72,1221.0,Yoga,25.6,1.9,2.0,2.0,18.28,20.175,1695.8333333333335,110.0,0.7717391304347826,0.023543990086741014,-1,Active,Strength and cardio mix 3x/week
33.0,Female,62.6,1.71,192.0,158.0,57.0,1.99,1081.0,Yoga,31.3,3.5,2.0,2.0,31.79,21.408296569884754,543.2160804020101,135.0,0.8229166666666666,0.05591054313099041,-1,Moderate,Moderate cardio 2-3x/week
19.0,Male,41.9,1.69,176.0,138.0,74.0,1.89,1010.0,Yoga,27.9,2.6,2.0,2.0,17.97,14.670354679458004,534.3915343915344,102.0,0.7840909090909091,0.06205250596658712,-1,Moderate,Moderate cardio 2-3x/week
58.0,Male,47.6,1.84,182.0,155.0,66.0,1.59,635.0,Yoga,11.2,2.6,4.0,3.0,13.65,14.059546313799622,399.37106918238993,116.0,0.8516483516483516,0.0546218487394958,-1,Moderate,Moderate cardio 2-3x/week
18.0,Female,129.9,1.76,168.0,135.0,50.0,1.3,1208.0,HIIT,25.1,2.0,3.0,2.0,13.89,41.93569214876033,929.2307692307692,118.0,0.8035714285714286,0.01539645881447267,-1,Active,Strength and cardio mix 3x/week
58.0,Female,73.3,1.69,180.0,156.0,72.0,1.6,1350.0,Yoga,25.4,3.0,4.0,1.0,38.45,25.664367494135362,843.75,108.0,0.8666666666666667,0.040927694406548434,-1,Active,Strength and cardio mix 3x/week
47.0,Male,45.4,1.81,189.0,128.0,55.0,1.01,662.0,Strength,28.6,3.6,4.0,1.0,29.15,13.857940844296571,655.4455445544554,134.0,0.6772486772486772,0.07929515418502203,-1,Moderate,Moderate cardio 2-3x/week
47.0,Male,50.6,1.65,192.0,169.0,63.0,1.36,594.0,Strength,25.5,2.2,5.0,2.0,28.24,18.58585858585859,436.7647058823529,129.0,0.8802083333333334,0.04347826086956522,-1,Moderate,Moderate cardio 2-3x/week
56.0,Male,54.0,1.92,190.0,129.0,73.0,0.61,985.0,HIIT,21.6,2.5,3.0,2.0,12.32,14.6484375,1614.7540983606557,117.0,0.6789473684210526,0.046296296296296294,-1,Moderate,Moderate cardio 2-3x/week
34.0,Female,73.1,1.73,166.0,161.0,69.0,1.64,765.0,Yoga,27.0,3.3,4.0,2.0,21.47,24.424471248621735,466.4634146341464,97.0,0.9698795180722891,0.04514363885088919,-1,Moderate,Moderate cardio 2-3x/week
29.0,Female,66.1,1.63,181.0,169.0,71.0,1.48,666.0,HIIT,30.6,1.6,5.0,1.0,17.15,24.87861793819865,450.0,110.0,0.9337016574585635,0.024205748865355526,-1,Moderate,Moderate cardio 2-3x/week
18.0,Male,59.0,1.78,173.0,169.0,51.0,1.07,904.0,Strength,18.9,3.2,2.0,3.0,12.32,18.621386188612547,844.8598130841121,122.0,0.976878612716763,0.054237288135593226,-1,Moderate,Moderate cardio 2-3x/week
33.0,Female,94.2,1.86,172.0,148.0,61.0,1.34,685.0,Cardio,28.9,1.8,3.0,1.0,22.89,27.228581338883107,511.19402985074623,111.0,0.8604651162790697,0.01910828025477707,-1,Moderate,Moderate cardio 2-3x/week
38.0,Male,40.0,1.86,187.0,126.0,71.0,1.6,1059.0,Cardio,14.7,3.0,2.0,2.0,12.32,11.562030292519365,661.875,116.0,0.6737967914438503,0.075,-1,Moderate,Moderate cardio 2-3x/week
18.0,Female,73.6,1.53,186.0,128.0,50.0,1.46,1222.0,Cardio,25.2,2.3,3.0,1.0,14.92,31.440898799606988,836.986301369863,136.0,0.6881720430107527,0.03125,-1,Active,Strength and cardio mix 3x/week
31.0,Female,60.2,1.75,166.0,155.0,57.0,0.92,819.0,Cardio,10.0,3.2,5.0,1.0,12.32,19.65714285714286,890.2173913043478,109.0,0.9337349397590361,0.053156146179401995,-1,Moderate,Moderate cardio 2-3x/week
40.0,Male,73.8,1.85,185.0,165.0,59.0,1.99,1485.0,,27.9,2.0,4.0,1.0,22.4,21.563184806428048,746.2311557788945,126.0,0.8918918918918919,0.02710027100271003,-1,Active,Strength and cardio mix 3x/week
18.0,Male,72.8,1.84,174.0,152.0,62.0,1.32,730.0,Cardio,23.5,2.1,2.0,3.0,12.32,21.50283553875236,553.030303030303,112.0,0.8735632183908046,0.028846153846153848,-1,Moderate,Moderate cardio 2-3x/week
33.0,Female,40.0,1.63,165.0,159.0,74.0,2.0,935.0,Yoga,28.2,1.6,2.0,3.0,12.98,15.05513944822914,467.5,91.0,0.9636363636363636,0.04,-1,Moderate,Moderate cardio 2-3x/week
33.0,Female,99.6,1.72,164.0,169.0,70.0,1.41,962.0,HIIT,23.6,3.7,5.0,2.0,28.7,33.666846944294214,682.2695035460994,94.0,1.0304878048780488,0.037148594377510044,-1,Moderate,Moderate cardio 2-3x/week
55.0,Male,64.4,1.76,163.0,144.0,74.0,1.48,717.0,Cardio,26.7,1.7,2.0,3.0,21.26,20.79028925619835,484.4594594594595,89.0,0.8834355828220859,0.02639751552795031,-1,Moderate,Moderate cardio 2-3x/week
50.0,Female,56.4,1.67,193.0,128.0,59.0,1.9,1190.0,HIIT,17.5,3.7,2.0,2.0,12.32,20.22302699989243,626.3157894736843,134.0,0.6632124352331606,0.06560283687943264,-1,Moderate,Moderate cardio 2-3x/week
21.0,Male,45.2,1.73,198.0,156.0,59.0,1.07,1562.0,Cardio,24.2,2.8,4.0,2.0,22.25,15.102409034715494,1459.8130841121495,139.0,0.7878787878787878,0.06194690265486725,-1,Very Active,High-intensity interval training 3-4x/week
49.0,Female,86.0,1.5,192.0,127.0,65.0,1.79,636.0,HIIT,22.1,1.8,4.0,3.0,,38.22222222222222,355.3072625698324,127.0,0.6614583333333334,0.020930232558139535,-1,Moderate,Moderate cardio 2-3x/week
33.0,Female,60.7,2.0,188.0,169.0,74.0,1.42,705.0,Cardio,23.3,3.2,4.0,2.0,21.91,15.175,496.47887323943667,114.0,0.898936170212766,0.05271828665568369,-1,Moderate,Moderate cardio 2-3x/week
42.0,Male,53.6,1.86,199.0,167.0,62.0,2.0,1096.0,Strength,21.9,3.4,3.0,1.0,20.71,15.493120591975948,548.0,137.0,0.8391959798994975,0.06343283582089553,-1,Moderate,Moderate cardio 2-3x/week
35.0,Female,64.3,1.79,188.0,148.0,62.0,1.63,1192.0,HIIT,16.3,2.2,5.0,2.0,13.91,20.068037826534752,731.2883435582822,126.0,0.7872340425531915,0.034214618973561435,-1,Active,Strength and cardio mix 3x/week
18.0,Male,78.0,1.51,182.0,169.0,64.0,1.06,990.0,Strength,31.4,3.1,3.0,2.0,12.32,34.209025919915796,933.9622641509434,118.0,0.9285714285714286,0.03974358974358975,-1,Moderate,Moderate cardio 2-3x/week
46.0,Male,50.2,1.8,193.0,132.0,74.0,1.21,893.0,HIIT,28.4,3.4,3.0,3.0,15.85,15.493827160493828,738.0165289256198,119.0,0.6839378238341969,0.06772908366533864,-1,Moderate,Moderate cardio 2-3x/week
29.0,Female,57.0,1.62,188.0,126.0,70.0,2.0,998.0,Yoga,17.9,3.4,4.0,1.0,13.32,21.719250114311837,499.0,118.0,0.6702127659574468,0.05964912280701754,-1,Moderate,Moderate cardio 2-3x/week
50.0,Male,87.6,1.67,172.0,156.0,74.0,0.97,1005.0,,23.0,2.0,4.0,2.0,23.76,31.410233425364837,1036.0824742268042,98.0,0.9069767441860465,0.022831050228310504,-1,Less Active,Light exercise 1-2x/week
20.0,Female,86.0,1.69,183.0,136.0,58.0,1.16,861.0,Strength,23.3,3.6,5.0,,28.85,30.110990511536716,742.2413793103449,125.0,0.7431693989071039,0.04186046511627907,-1,Moderate,Moderate cardio 2-3x/week
28.0,Female,43.3,1.78,193.0,128.0,72.0,1.27,1479.0,HIIT,26.3,3.4,3.0,1.0,31.04,13.666203762151243,1164.5669291338581,121.0,0.6632124352331606,0.07852193995381063,-1,Very Active,High-intensity interval training 3-4x/week
18.0,Male,65.9,1.78,170.0,135.0,69.0,2.0,1734.0,Yoga,23.9,3.1,3.0,1.0,24.81,20.799141522535034,867.0,101.0,0.7941176470588235,0.04704097116843702,-1,Active,Strength and cardio mix 3x/week
18.0,Female,61.0,1.51,173.0,146.0,58.0,2.0,1403.0,Cardio,21.7,2.1,2.0,2.0,12.32,26.753212578395683,701.5,115.0,0.8439306358381503,0.03442622950819672,-1,Moderate,Moderate cardio 2-3x/week
22.0,Male,71.0,1.72,192.0,128.0,59.0,1.44,1436.0,Cardio,28.5,3.2,3.0,2.0,17.82,23.99945916711736,997.2222222222223,133.0,0.6666666666666666,0.04507042253521127,-1,Very Active,High-intensity interval training 3-4x/week
42.0,Female,57.3,1.76,174.0,131.0,74.0,1.13,841.0,Yoga,22.1,1.9,4.0,3.0,12.46,18.49819214876033,744.2477876106195,100.0,0.7528735632183908,0.03315881326352531,-1,Less Active,Light exercise 1-2x/week
26.0,Male,95.2,1.68,163.0,142.0,68.0,0.71,1196.0,Strength,24.2,3.7,4.0,2.0,19.46,33.730158730158735,1684.5070422535211,95.0,0.8711656441717791,0.038865546218487396,-1,Active,Strength and cardio mix 3x/week
49.0,Female,68.8,1.66,190.0,137.0,63.0,2.0,1023.0,Yoga,26.2,2.6,2.0,1.0,15.5,24.96733923646393,511.5,127.0,0.7210526315789474,0.03779069767441861,-1,Moderate,Moderate cardio 2-3x/week
43.0,Female,69.7,1.75,193.0,162.0,53.0,0.52,1262.0,Cardio,26.1,1.5,3.0,2.0,22.68,22.759183673469387,2426.9230769230767,140.0,0.8393782383419689,0.02152080344332855,-1,Very Active,High-intensity interval training 3-4x/week
34.0,Female,102.9,1.64,188.0,124.0,74.0,1.24,700.0,Strength,24.2,3.3,4.0,1.0,14.76,38.258477096966104,564.516129032258,114.0,0.6595744680851063,0.03206997084548105,-1,Moderate,Moderate cardio 2-3x/week
23.0,Female,90.5,1.5,182.0,148.0,67.0,1.16,1204.0,Strength,23.3,2.8,2.0,2.0,15.69,40.22222222222222,1037.9310344827586,115.0,0.8131868131868132,0.030939226519337015,-1,Active,Strength and cardio mix 3x/week
29.0,Female,40.0,1.72,194.0,127.0,68.0,1.51,1005.0,HIIT,27.1,2.1,2.0,1.0,21.98,13.520822065981614,665.5629139072847,126.0,0.654639175257732,0.052500000000000005,-1,Moderate,Moderate cardio 2-3x/week
31.0,Male,81.9,1.63,168.0,126.0,56.0,1.17,760.0,Cardio,23.1,2.1,4.0,2.0,12.32,30.825398020249168,649.5726495726497,112.0,0.75,0.02564102564102564,-1,Moderate,Moderate cardio 2-3x/week
38.0,Male,99.6,1.6,173.0,132.0,56.0,1.01,1128.0,Strength,30.6,3.4,2.0,2.0,16.92,38.90624999999999,1116.8316831683169,117.0,0.7630057803468208,0.03413654618473896,-1,Active,Strength and cardio mix 3x/week
18.0,Female,65.7,1.72,180.0,169.0,56.0,2.0,1005.0,HIIT,27.0,3.0,3.0,2.0,21.61,22.2079502433748,502.5,124.0,0.9388888888888889,0.045662100456621,-1,Moderate,Moderate cardio 2-3x/week
41.0,Female,85.7,1.66,170.0,134.0,74.0,1.69,475.0,Yoga,11.1,1.5,4.0,1.0,17.33,31.100304833793007,281.06508875739644,96.0,0.788235294117647,0.01750291715285881,-1,Moderate,Moderate cardio 2-3x/week
29.0,Male,62.0,1.74,181.0,158.0,53.0,1.15,549.0,Yoga,22.5,2.2,,,16.32,20.478266613819528,477.3913043478261,128.0,0.8729281767955801,0.035483870967741936,-1,Moderate,Moderate cardio 2-3x/week
45.0,Male,70.9,2.0,198.0,128.0,73.0,1.19,1064.0,HIIT,27.8,1.5,3.0,1.0,27.46,17.725,894.1176470588235,125.0,0.6464646464646465,0.021156558533145273,-1,Active,Strength and cardio mix 3x/week
49.0,Female,59.2,1.55,185.0,169.0,63.0,1.32,1169.0,Yoga,25.1,1.7,4.0,1.0,27.18,24.64099895941727,885.6060606060605,122.0,0.9135135135135135,0.028716216216216214,-1,Active,Strength and cardio mix 3x/week
29.0,Male,83.7,1.8,190.0,149.0,74.0,1.43,1157.0,Cardio,16.0,3.5,,1.0,13.59,25.833333333333332,809.0909090909091,116.0,0.7842105263157895,0.04181600955794504,-1,Active,Strength and cardio mix 3x/week
55.0,Female,53.8,1.52,191.0,136.0,55.0,1.17,1102.0,HIIT,20.4,3.6,3.0,2.0,23.84,23.286011080332408,941.8803418803419,136.0,0.7120418848167539,0.06691449814126395,-1,Active,Strength and cardio mix 3x/week
18.0,Female,68.1,1.66,160.0,120.0,65.0,1.43,1343.0,Cardio,27.2,3.3,4.0,1.0,25.77,24.71331107562781,939.1608391608391,95.0,0.75,0.048458149779735685,-1,Active,Strength and cardio mix 3x/week
41.0,Female,105.1,1.67,194.0,127.0,68.0,1.3,1068.0,Strength,30.6,3.5,3.0,3.0,17.65,37.68510882426763,821.5384615384615,126.0,0.654639175257732,0.03330161750713606,-1,Active,Strength and cardio mix 3x/week
24.0,,45.5,2.0,169.0,164.0,60.0,1.82,1297.0,HIIT,24.9,2.2,3.0,1.0,17.6,11.375,712.6373626373626,109.0,0.9704142011834319,0.04835164835164835,-1,Moderate,Moderate cardio 2-3x/week
51.0,Male,58.8,1.63,188.0,155.0,59.0,1.1,897.0,Cardio,24.7,3.3,2.0,1.0,21.73,22.131054988896835,815.4545454545454,129.0,0.824468085106383,0.05612244897959184,-1,Moderate,Moderate cardio 2-3x/week
20.0,Male,52.9,1.8,163.0,159.0,57.0,1.45,1117.0,Strength,27.1,3.3,3.0,1.0,27.72,16.327160493827158,770.344827586207,106.0,0.9754601226993865,0.062381852551984876,-1,Active,Strength and cardio mix 3x/week
43.0,Female,57.1,1.96,196.0,149.0,51.0,1.88,858.0,Cardio,29.9,3.2,5.0,,13.07,14.863598500624741,456.3829787234043,145.0,0.7602040816326531,0.05604203152364273,-1,Moderate,Moderate cardio 2-3x/week
23.0,Male,68.6,1.8,196.0,138.0,65.0,1.08,578.0,Strength,16.8,2.6,2.0,1.0,21.41,21.172839506172835,535.1851851851851,131.0,0.7040816326530612,0.037900874635568516,-1,Moderate,Moderate cardio 2-3x/week
39.0,Male,76.2,1.77,164.0,169.0,74.0,2.0,1196.0,HIIT,28.7,3.3,2.0,1.0,17.38,24.322512687924924,598.0,90.0,1.0304878048780488,0.04330708661417323,-1,Moderate,Moderate cardio 2-3x/week
47.0,Male,68.2,1.58,164.0,140.0,72.0,1.0,1316.0,HIIT,28.1,2.6,2.0,3.0,16.35,27.31933984938311,1316.0,92.0,0.8536585365853658,0.03812316715542522,-1,Very Active,High-intensity interval training 3-4x/week
18.0,Male,40.0,1.64,160.0,152.0,56.0,1.2,1317.0,Cardio,19.2,1.8,3.0,1.0,28.02,14.872099940511603,1097.5,104.0,0.95,0.045,-1,Very Active,High-intensity interval training 3-4x/week
28.0,Male,82.4,1.57,171.0,169.0,55.0,1.07,1218.0,HIIT,31.0,2.5,4.0,,12.47,33.4293480465739,1138.3177570093458,116.0,0.9883040935672515,0.030339805825242715,-1,Active,Strength and cardio mix 3x/week
29.0,Male,46.8,1.7,195.0,153.0,59.0,1.33,1178.0,Cardio,24.7,3.4,3.0,2.0,26.27,16.19377162629758,885.7142857142857,136.0,0.7846153846153846,0.07264957264957266,-1,Active,Strength and cardio mix 3x/week
21.0,Male,62.2,1.71,190.0,142.0,58.0,2.0,1757.0,Yoga,18.5,3.1,,2.0,16.06,21.271502342601146,878.5,132.0,0.7473684210526316,0.04983922829581994,-1,Active,Strength and cardio mix 3x/week
33.0,Male,58.1,1.65,168.0,130.0,60.0,1.18,850.0,Strength,22.4,3.1,3.0,2.0,12.32,21.34067952249771,720.3389830508474,108.0,0.7738095238095238,0.05335628227194492,-1,Moderate,Moderate cardio 2-3x/week
45.0,Female,55.2,1.9,175.0,156.0,67.0,1.39,854.0,Strength,24.5,2.5,5.0,1.0,12.32,15.290858725761774,614.3884892086331,108.0,0.8914285714285715,0.04528985507246377,-1,Moderate,Moderate cardio 2-3x/week
22.0,Male,52.3,1.66,190.0,146.0,59.0,0.76,1186.0,Yoga,21.4,3.3,2.0,2.0,15.38,18.97953258818406,1560.5263157894738,131.0,0.7684210526315789,0.06309751434034416,-1,Active,Strength and cardio mix 3x/week
37.0,Female,40.0,1.66,176.0,134.0,57.0,2.0,931.0,Strength,27.2,2.7,3.0,2.0,23.21,14.51589490492089,465.5,119.0,0.7613636363636364,0.0675,-1,Moderate,Moderate cardio 2-3x/week
28.0,Female,93.2,1.71,176.0,149.0,60.0,1.4,1348.0,HIIT,27.2,2.1,,2.0,14.12,31.873054957080814,962.8571428571429,116.0,0.8465909090909091,0.022532188841201718,-1,Active,Strength and cardio mix 3x/week
18.0,Female,53.9,1.73,177.0,157.0,73.0,1.24,1483.0,Cardio,10.0,3.5,3.0,1.0,15.92,18.009288649804535,1195.967741935484,104.0,0.8870056497175142,0.06493506493506494,-1,Very Active,High-intensity interval training 3-4x/week
52.0,Male,54.9,1.67,167.0,144.0,69.0,2.0,997.0,Strength,16.4,2.5,4.0,2.0,18.27,19.685180537129334,498.5,98.0,0.8622754491017964,0.04553734061930784,-1,Moderate,Moderate cardio 2-3x/week
18.0,Male,62.7,1.87,184.0,141.0,59.0,1.59,708.0,Cardio,10.3,1.5,2.0,2.0,13.14,17.930166719094053,445.2830188679245,125.0,0.7663043478260869,0.023923444976076555,-1,Moderate,Moderate cardio 2-3x/week
57.0,Female,98.3,1.71,162.0,126.0,61.0,0.95,366.0,HIIT,22.7,3.3,3.0,2.0,20.61,33.61718135494682,385.2631578947369,101.0,0.7777777777777778,0.0335707019328586,-1,Less Active,Light exercise 1-2x/week
40.0,Female,71.4,1.92,171.0,167.0,57.0,0.62,1412.0,Strength,10.0,1.8,3.0,1.0,18.19,19.368489583333336,2277.4193548387098,114.0,0.9766081871345029,0.025210084033613443,-1,Very Active,High-intensity interval training 3-4x/week
33.0,Male,74.6,1.58,172.0,165.0,68.0,1.4,1271.0,Yoga,15.6,2.7,2.0,2.0,13.23,29.883031565454246,907.8571428571429,104.0,0.9593023255813954,0.036193029490616625,-1,Active,Strength and cardio mix 3x/week
51.0,Male,47.1,2.0,177.0,163.0,65.0,1.29,1140.0,Yoga,21.9,2.8,5.0,1.0,14.85,11.775,883.7209302325581,112.0,0.9209039548022598,0.05944798301486199,-1,Active,Strength and cardio mix 3x/week
46.0,Female,49.2,1.5,184.0,120.0,73.0,2.0,832.0,Yoga,25.9,3.3,3.0,1.0,15.31,21.866666666666667,416.0,111.0,0.6521739130434783,0.06707317073170731,-1,Moderate,Moderate cardio 2-3x/week
51.0,Male,80.8,2.0,167.0,129.0,55.0,1.52,1454.0,Cardio,33.9,1.6,3.0,1.0,12.58,20.2,956.578947368421,112.0,0.7724550898203593,0.019801980198019802,-1,Active,Strength and cardio mix 3x/week
59.0,Female,85.7,1.6,182.0,140.0,72.0,2.0,1243.0,Yoga,33.4,1.5,4.0,3.0,24.01,33.47656249999999,621.5,110.0,0.7692307692307693,0.01750291715285881,-1,Moderate,Moderate cardio 2-3x/week
18.0,Male,42.3,1.64,198.0,169.0,65.0,1.55,1199.0,Cardio,26.4,3.2,4.0,1.0,15.26,15.727245687091019,773.5483870967741,133.0,0.8535353535353535,0.0756501182033097,-1,Active,Strength and cardio mix 3x/week
23.0,Female,41.5,1.89,188.0,129.0,59.0,1.35,532.0,HIIT,27.6,3.4,3.0,2.0,20.79,11.617815850620085,394.0740740740741,129.0,0.6861702127659575,0.0819277108433735,-1,Moderate,Moderate cardio 2-3x/week
22.0,Male,84.3,1.6,173.0,127.0,72.0,0.8,911.0,HIIT,24.0,3.3,5.0,1.0,13.86,32.92968749999999,1138.75,101.0,0.7341040462427746,0.03914590747330961,-1,Less Active,Light exercise 1-2x/week
34.0,Male,82.4,1.66,192.0,148.0,72.0,1.11,1090.0,Strength,26.3,3.4,2.0,2.0,18.08,29.902743504137035,981.9819819819819,120.0,0.7708333333333334,0.04126213592233009,-1,Active,Strength and cardio mix 3x/week
46.0,Female,58.6,2.0,194.0,135.0,55.0,2.0,1162.0,HIIT,27.1,3.6,2.0,1.0,24.38,14.65,581.0,139.0,0.6958762886597938,0.06143344709897611,-1,Moderate,Moderate cardio 2-3x/week
20.0,Male,40.0,1.81,176.0,138.0,66.0,1.44,1210.0,Cardio,23.0,3.6,4.0,2.0,12.32,12.209639510393455,840.2777777777778,110.0,0.7840909090909091,0.09,-1,Active,Strength and cardio mix 3x/week
36.0,Female,80.8,1.71,162.0,163.0,74.0,1.86,900.0,Yoga,19.4,2.0,2.0,2.0,12.54,27.632433911288945,483.87096774193543,88.0,1.0061728395061729,0.024752475247524754,-1,Moderate,Moderate cardio 2-3x/week
54.0,Male,88.5,2.0,173.0,134.0,58.0,1.11,1388.0,HIIT,27.7,3.7,3.0,2.0,36.73,22.125,1250.4504504504503,115.0,0.7745664739884393,0.04180790960451978,-1,Very Active,High-intensity interval training 3-4x/week
52.0,Male,84.3,1.69,164.0,169.0,54.0,0.77,1367.0,HIIT,32.6,2.9,3.0,2.0,15.11,29.515773257238894,1775.3246753246754,110.0,1.0304878048780488,0.03440094899169632,-1,Very Active,High-intensity interval training 3-4x/week
47.0,Male,70.1,1.84,188.0,129.0,67.0,1.2,1261.0,Strength,28.4,2.5,3.0,2.0,17.99,20.70534026465028,1050.8333333333335,121.0,0.6861702127659575,0.03566333808844508,-1,Very Active,High-intensity interval training 3-4x/week
35.0,Male,49.3,1.71,180.0,152.0,73.0,1.04,956.0,Cardio,32.9,1.7,4.0,3.0,12.65,16.859888512704764,919.2307692307692,107.0,0.8444444444444444,0.034482758620689655,-1,Moderate,Moderate cardio 2-3x/week
40.0,Male,79.5,1.92,184.0,156.0,52.0,1.29,1178.0,Strength,14.7,1.5,4.0,1.0,23.51,21.565755208333332,913.1782945736434,132.0,0.8478260869565217,0.018867924528301886,-1,Active,Strength and cardio mix 3x/week
