Age,Weight_kg,Height_m,Max_BPM,Avg_BPM,Resting_BPM,Session_Duration_hours,Calories_Burned,Fat_Percentage,Water_Intake_liters,Workout_Frequency_(days/week),Experience_Level,BMI,BMI_fixed,Duration_Category,Intensity,HRR,Hydration_Ratio,BPM_Efficiency,Gender_Male,Workout_Type_HIIT,Workout_Type_Strength,Workout_Type_Yoga,Workout_Type_\nStrength,Workout_Type_\tCardio,Workout_Type_\tYoga,cluster,cluster_label
34.0,86.7,1.86,174.0,152.0,74.0,1.12,712.0,12.8,2.4,5.0,2.0,14.31,25.060700659035724,Medium,635.7142857142857,100.0,0.027681660899653977,0.8735632183908046,False,False,True,False,False,False,False,-1,Active
26.0,84.7,1.83,166.0,156.0,73.0,1.0,833.0,27.9,2.8,5.0,2.0,33.49,25.291886888231954,Medium,833.0,93.0,0.033057851239669415,0.9397590361445783,False,False,True,False,False,False,False,-1,Active
22.0,64.8,1.85,187.0,166.0,64.0,1.24,1678.0,28.7,1.9,3.0,2.0,12.73,18.93352812271731,Medium,1353.225806451613,123.0,0.029320987654320986,0.8877005347593583,True,False,False,False,False,False,False,0,Active
54.0,75.3,1.82,187.0,169.0,58.0,1.45,628.0,31.8,2.4,4.0,1.0,20.37,22.732761743750753,Medium,433.1034482758621,129.0,0.03187250996015936,0.9037433155080213,False,False,False,False,False,False,False,-1,Active
34.0,52.8,1.74,177.0,169.0,66.0,1.6,1286.0,26.4,3.2,4.0,2.0,20.83,17.43955608402695,Long,803.75,111.0,0.060606060606060615,0.9548022598870056,False,False,True,False,False,False,False,-1,Active
38.0,53.0,1.58,161.0,128.0,74.0,1.62,953.0,23.4,2.5,2.0,2.0,13.02,21.230572023714146,Long,588.2716049382716,87.0,0.04716981132075472,0.7950310559006211,False,True,False,False,False,False,False,0,Active
44.0,46.5,1.81,191.0,142.0,74.0,1.46,1238.0,11.9,3.7,2.0,2.0,18.12,14.193705930832392,Medium,847.945205479452,117.0,0.07956989247311828,0.743455497382199,False,False,False,False,False,False,False,-1,Active
50.0,88.5,1.63,181.0,136.0,63.0,1.63,829.0,11.6,1.8,4.0,2.0,19.16,33.309496029206976,Long,508.58895705521473,118.0,0.02033898305084746,0.7513812154696132,False,False,True,False,False,False,False,-1,Active
18.0,82.9,1.54,174.0,169.0,64.0,0.77,802.0,27.8,2.2,3.0,1.0,49.84,34.95530443582392,Medium,1041.5584415584415,110.0,0.026537997587454766,0.9712643678160919,False,True,False,False,False,False,False,-1,Active
34.0,65.9,1.74,195.0,169.0,73.0,2.0,1231.0,30.5,3.2,5.0,2.0,12.32,21.766415642753337,Long,615.5,122.0,0.048558421851289835,0.8666666666666667,False,False,False,True,False,False,False,0,Active
39.0,47.0,1.78,181.0,155.0,55.0,1.89,747.0,31.7,2.3,3.0,3.0,28.39,14.833985607877793,Long,395.23809523809524,126.0,0.04893617021276595,0.856353591160221,False,False,False,True,False,False,False,-1,Active
46.0,40.0,1.88,168.0,131.0,69.0,2.0,672.0,25.4,2.4,2.0,2.0,12.32,11.317338162064283,Long,336.0,99.0,0.06,0.7797619047619048,True,False,False,False,False,False,False,0,Active
19.0,87.7,1.98,186.0,145.0,50.0,1.61,1705.0,14.1,2.3,3.0,2.0,15.99,22.37016630956025,Long,1059.0062111801242,136.0,0.02622576966932725,0.7795698924731183,True,False,True,False,False,False,False,-1,Active
56.0,107.4,1.73,176.0,141.0,71.0,0.65,1564.0,26.0,3.0,2.0,3.0,14.48,35.88492766213372,Short,2406.153846153846,105.0,0.027932960893854747,0.8011363636363636,False,True,False,False,False,False,False,0,Active
19.0,71.7,1.91,197.0,148.0,74.0,1.15,464.0,32.5,2.7,4.0,2.0,19.09,19.654066500370057,Medium,403.47826086956525,123.0,0.03765690376569038,0.751269035532995,False,False,False,False,False,False,False,0,Active
30.0,90.6,1.6,161.0,125.0,52.0,1.03,1410.0,16.0,3.5,4.0,2.0,13.91,35.39062499999999,Medium,1368.9320388349515,109.0,0.03863134657836645,0.7763975155279503,False,False,False,True,False,False,False,0,Active
23.0,56.2,1.76,195.0,141.0,55.0,1.45,1195.0,23.9,3.2,4.0,1.0,22.61,18.143078512396695,Medium,824.1379310344828,140.0,0.05693950177935943,0.7230769230769231,True,True,False,False,False,False,False,-1,Active
39.0,71.3,1.77,171.0,124.0,74.0,0.69,871.0,21.9,2.1,5.0,1.0,14.31,22.758466596444187,Short,1262.3188405797102,97.0,0.02945301542776999,0.7251461988304093,False,False,False,False,False,False,False,-1,Active
54.0,47.7,1.56,181.0,128.0,74.0,1.5,853.0,26.5,1.5,3.0,1.0,23.64,19.600591715976332,Medium,568.6666666666666,107.0,0.031446540880503145,0.7071823204419889,False,False,False,True,False,False,False,-1,Active
,63.0,1.51,184.0,169.0,71.0,1.3,1136.0,23.8,2.3,3.0,2.0,22.69,27.630367089162757,Medium,873.8461538461538,113.0,0.0365079365079365,0.9184782608695652,True,False,False,False,False,False,False,-1,Active
26.0,129.9,1.71,196.0,136.0,74.0,1.27,931.0,26.6,1.8,5.0,1.0,21.04,44.42392531035191,Medium,733.0708661417323,122.0,0.013856812933025403,0.6938775510204082,True,False,False,True,False,False,False,-1,Active
22.0,102.4,1.5,173.0,156.0,55.0,1.44,453.0,17.5,1.6,4.0,3.0,18.23,45.51111111111111,Medium,314.58333333333337,118.0,0.015625,0.9017341040462428,False,True,False,False,False,False,False,-1,Active
36.0,64.2,1.78,192.0,130.0,74.0,1.38,1708.0,31.9,2.1,,1.0,25.59,20.262593106930943,Medium,1237.68115942029,118.0,0.03271028037383177,0.6770833333333334,False,False,False,True,False,False,False,2,Moderate
25.0,57.2,1.82,184.0,140.0,74.0,1.15,888.0,26.9,2.6,4.0,2.0,15.23,17.26844583987441,Medium,772.1739130434784,110.0,0.045454545454545456,0.7608695652173914,True,False,True,False,False,False,False,0,Active
59.0,71.8,1.5,165.0,152.0,74.0,1.94,758.0,28.9,3.3,3.0,1.0,16.87,31.91111111111111,Long,390.7216494845361,91.0,0.04596100278551532,0.9212121212121213,True,False,False,True,False,False,False,-1,Active
18.0,112.4,1.71,177.0,165.0,55.0,1.56,1044.0,33.5,1.7,2.0,2.0,24.43,38.43917786669403,Long,669.2307692307692,122.0,0.015124555160142347,0.9322033898305084,True,True,False,False,False,False,False,-1,Active
18.0,40.0,1.72,188.0,155.0,74.0,1.51,1266.0,26.4,2.5,2.0,,17.79,13.520822065981614,Long,838.4105960264901,114.0,0.0625,0.824468085106383,True,False,False,False,False,False,False,0,Active
32.0,72.4,1.74,189.0,127.0,60.0,1.4,1090.0,16.9,1.6,2.0,1.0,17.68,23.913330690976352,Medium,778.5714285714287,129.0,0.022099447513812154,0.671957671957672,True,False,False,True,False,False,False,-1,Active
28.0,62.4,1.56,193.0,141.0,55.0,2.0,861.0,32.2,3.6,3.0,1.0,18.61,25.64102564102564,Long,430.5,138.0,0.057692307692307696,0.7305699481865285,True,False,False,False,False,False,False,-1,Active
27.0,78.6,1.65,198.0,127.0,66.0,1.61,938.0,26.8,3.1,3.0,1.0,17.92,28.870523415977964,Long,582.6086956521739,132.0,0.03944020356234097,0.6414141414141414,False,False,False,True,False,False,False,-1,Active
44.0,45.0,1.53,199.0,158.0,50.0,0.7,930.0,21.9,3.6,4.0,1.0,27.74,19.223375624759708,Short,1328.5714285714287,149.0,0.08,0.7939698492462312,False,False,True,False,False,False,False,-1,Active
20.0,103.4,1.53,180.0,166.0,56.0,1.28,631.0,23.0,3.0,4.0,1.0,19.18,44.17104532444787,Medium,492.96875,124.0,0.029013539651837523,0.9222222222222223,False,True,False,False,False,False,False,-1,Active
51.0,79.2,1.85,178.0,147.0,51.0,1.52,1355.0,23.2,2.0,4.0,1.0,18.95,23.140978816654492,Long,891.4473684210526,127.0,0.025252525252525252,0.8258426966292135,True,False,True,False,False,False,False,-1,Active
35.0,75.7,1.61,192.0,147.0,52.0,0.92,1211.0,21.2,2.4,3.0,2.0,23.19,29.204120211411595,Medium,1316.304347826087,140.0,0.031704095112285335,0.765625,True,False,True,False,False,False,False,2,Moderate
21.0,76.8,1.75,166.0,125.0,74.0,1.56,1152.0,25.1,2.7,3.0,1.0,16.66,25.077551020408162,Long,738.4615384615385,92.0,0.03515625000000001,0.7530120481927711,True,False,True,False,False,False,False,0,Active
48.0,112.6,1.69,160.0,162.0,63.0,0.89,1482.0,22.6,2.5,4.0,2.0,12.32,39.424389902314346,Medium,1665.1685393258426,97.0,0.022202486678507993,1.0125,False,False,False,False,False,False,False,-1,Active
18.0,73.7,1.78,192.0,154.0,73.0,1.18,851.0,27.4,2.6,2.0,2.0,21.08,23.260951900012625,Medium,721.1864406779662,119.0,0.035278154681139755,0.8020833333333334,True,False,True,False,False,False,False,0,Active
18.0,84.0,1.71,194.0,148.0,52.0,0.92,621.0,28.3,3.4,3.0,3.0,17.99,28.726787729557817,Medium,675.0,142.0,0.04047619047619048,0.7628865979381443,False,False,True,False,False,False,False,1,Active
28.0,68.0,1.7,174.0,155.0,68.0,0.74,1464.0,17.0,2.3,3.0,2.0,21.67,23.529411764705884,Short,1978.3783783783783,106.0,0.033823529411764704,0.8908045977011494,True,False,False,True,False,False,False,-1,Active
30.0,54.3,1.82,185.0,168.0,66.0,1.4,1415.0,25.4,3.6,3.0,1.0,26.4,16.392947711629027,Medium,1010.7142857142858,119.0,0.06629834254143648,0.9081081081081082,False,False,False,False,False,False,False,0,Active
18.0,42.8,1.89,194.0,162.0,73.0,2.0,736.0,22.5,1.5,3.0,2.0,18.54,11.981747431482882,Long,368.0,121.0,0.03504672897196262,0.8350515463917526,False,False,False,False,False,False,False,0,Active
49.0,102.4,1.65,185.0,148.0,68.0,1.27,980.0,34.8,2.0,5.0,,15.52,37.61248852157944,Medium,771.6535433070866,117.0,0.01953125,0.8,False,False,False,False,False,False,False,-1,Active
42.0,95.5,1.95,168.0,125.0,72.0,1.91,632.0,26.1,2.0,4.0,1.0,12.32,25.115055884286654,Long,330.89005235602093,96.0,0.020942408376963352,0.7440476190476191,False,True,False,False,False,False,False,-1,Active
27.0,58.7,1.98,199.0,145.0,52.0,2.0,1119.0,23.0,2.7,2.0,3.0,18.99,14.972961942658914,Long,559.5,147.0,0.04599659284497445,0.7286432160804021,False,False,False,False,False,False,False,-1,Active
24.0,86.5,1.65,196.0,169.0,59.0,1.08,771.0,27.3,2.1,3.0,1.0,12.9,31.772268135904504,Medium,713.8888888888888,137.0,0.024277456647398846,0.8622448979591837,False,False,False,False,False,False,False,-1,Active
44.0,63.6,1.78,167.0,129.0,74.0,1.34,1165.0,10.7,3.4,4.0,1.0,15.73,20.073223077894205,Medium,869.4029850746268,93.0,0.05345911949685534,0.7724550898203593,False,False,False,True,False,False,False,0,Active
52.0,58.7,1.58,169.0,131.0,53.0,1.14,900.0,28.5,3.3,3.0,,19.62,23.513859958340007,Medium,789.4736842105264,116.0,0.05621805792163543,0.7751479289940828,True,True,False,False,False,False,False,0,Active
49.0,56.6,1.75,198.0,120.0,72.0,1.12,1767.0,23.6,2.6,2.0,2.0,34.37,18.481632653061226,Medium,1577.6785714285713,126.0,0.045936395759717315,0.6060606060606061,False,False,False,True,False,False,False,-1,Active
36.0,40.0,1.71,178.0,169.0,69.0,1.3,1519.0,27.5,2.7,4.0,1.0,39.74,13.679422728360864,Medium,1168.4615384615383,109.0,0.0675,0.949438202247191,False,True,False,False,False,False,False,-1,Active
23.0,67.7,1.73,188.0,162.0,54.0,1.76,954.0,18.0,3.2,3.0,1.0,16.07,22.6202011427044,Long,542.0454545454545,134.0,0.047267355982274745,0.8617021276595744,False,False,False,True,False,False,False,0,Active
56.0,40.0,1.74,172.0,146.0,74.0,1.43,876.0,26.0,3.4,2.0,1.0,19.63,13.21178491214163,Medium,612.5874125874126,98.0,0.08499999999999999,0.8488372093023255,False,False,False,True,False,False,False,-1,Active
48.0,68.0,1.69,185.0,144.0,68.0,1.23,695.0,14.2,2.6,2.0,1.0,28.93,23.80869017191275,Medium,565.040650406504,117.0,0.03823529411764706,0.7783783783783784,False,False,False,True,False,False,False,-1,Active
24.0,68.3,1.74,184.0,161.0,51.0,1.9,566.0,27.5,3.5,4.0,,16.26,22.559122737481832,Long,297.89473684210526,133.0,0.05124450951683748,0.875,True,False,False,False,False,False,False,0,Active
22.0,99.1,1.72,182.0,169.0,62.0,1.14,1105.0,31.4,3.6,4.0,1.0,16.91,33.497836668469446,Medium,969.2982456140352,120.0,0.03632694248234107,0.9285714285714286,False,False,False,True,False,False,False,-1,Active
20.0,72.9,1.63,164.0,156.0,51.0,1.11,582.0,27.1,3.2,3.0,2.0,19.83,27.43799164439761,Medium,524.3243243243243,113.0,0.0438957475994513,0.9512195121951219,False,False,True,False,False,False,False,0,Active
44.0,40.0,1.68,175.0,156.0,74.0,1.04,1010.0,28.1,1.8,3.0,3.0,12.32,14.172335600907031,Medium,971.1538461538461,101.0,0.045,0.8914285714285715,False,False,False,False,False,False,False,-1,Active
33.0,58.3,1.77,167.0,153.0,74.0,1.41,969.0,29.5,2.6,2.0,1.0,20.47,18.608956557821823,Medium,687.2340425531916,93.0,0.04459691252144083,0.9161676646706587,False,False,True,False,False,False,False,-1,Active
18.0,40.0,1.64,177.0,134.0,53.0,0.98,468.0,25.6,2.1,3.0,3.0,18.78,14.872099940511603,Medium,477.55102040816325,124.0,0.052500000000000005,0.7570621468926554,True,False,False,False,True,False,False,-1,Active
59.0,45.8,1.5,163.0,137.0,55.0,1.98,1306.0,24.0,2.9,4.0,2.0,26.25,20.355555555555554,Long,659.5959595959596,108.0,0.06331877729257643,0.8404907975460123,True,False,False,False,False,True,False,0,Active
27.0,52.3,1.75,180.0,128.0,61.0,1.92,931.0,15.0,2.5,4.0,2.0,23.23,17.077551020408162,Long,484.89583333333337,119.0,0.047801147227533466,0.7111111111111111,True,False,True,False,False,False,False,0,Active
33.0,76.3,1.95,188.0,125.0,72.0,0.95,899.0,21.7,2.3,5.0,1.0,26.08,20.065746219592373,Medium,946.3157894736843,116.0,0.030144167758846655,0.6648936170212766,False,False,True,False,False,False,False,2,Moderate
47.0,77.5,1.72,176.0,151.0,56.0,1.39,679.0,13.3,3.5,2.0,3.0,24.32,26.196592752839376,Medium,488.48920863309354,120.0,0.04516129032258064,0.8579545454545454,True,False,False,False,False,False,False,-1,Active
46.0,40.0,1.58,177.0,132.0,58.0,1.29,1189.0,31.1,2.5,,2.0,12.73,16.023073225444637,Medium,921.7054263565891,119.0,0.0625,0.7457627118644068,False,False,True,False,False,False,False,0,Active
27.0,96.3,1.61,198.0,159.0,70.0,1.16,1203.0,32.1,3.1,3.0,1.0,12.32,37.15134446973496,Medium,1037.0689655172414,128.0,0.032191069574247146,0.803030303030303,True,False,False,False,False,False,False,-1,Active
55.0,68.4,1.85,175.0,150.0,58.0,1.16,1020.0,29.2,2.5,4.0,2.0,22.87,19.985390796201607,Medium,879.3103448275863,117.0,0.03654970760233918,0.8571428571428571,False,False,False,False,False,False,False,0,Active
18.0,56.9,1.77,183.0,131.0,57.0,1.28,1052.0,20.7,3.5,4.0,2.0,18.57,18.162086245970187,Medium,821.875,126.0,0.061511423550087874,0.7158469945355191,False,False,False,False,False,False,False,1,Active
24.0,47.6,1.51,175.0,120.0,70.0,0.78,583.0,22.6,1.7,5.0,1.0,13.71,20.876277356256306,Medium,747.4358974358975,105.0,0.03571428571428571,0.6857142857142857,True,False,True,False,False,False,False,-1,Active
26.0,88.8,1.7,193.0,169.0,68.0,1.91,1145.0,18.1,3.7,2.0,2.0,30.34,30.72664359861592,Long,599.4764397905759,125.0,0.04166666666666667,0.8756476683937824,False,False,True,False,False,False,False,0,Active
18.0,67.5,1.69,177.0,169.0,72.0,1.07,975.0,26.2,1.6,4.0,3.0,14.08,23.633626273589865,Medium,911.214953271028,105.0,0.023703703703703706,0.9548022598870056,False,False,False,False,False,False,False,-1,Active
29.0,96.7,1.7,175.0,141.0,54.0,2.0,880.0,32.9,2.3,2.0,3.0,13.16,33.46020761245675,Long,440.0,121.0,0.023784901758014475,0.8057142857142857,True,False,False,True,False,False,False,0,Active
26.0,55.7,1.99,172.0,142.0,68.0,2.0,1583.0,18.9,3.2,4.0,1.0,12.32,14.065301381278251,Long,791.5,104.0,0.05745062836624776,0.8255813953488372,False,False,True,False,False,False,False,0,Active
43.0,112.0,1.71,166.0,146.0,58.0,1.62,815.0,31.2,2.6,3.0,1.0,21.1,38.30238363941042,Long,503.0864197530864,108.0,0.023214285714285715,0.8795180722891566,True,True,False,False,False,False,False,-1,Active
48.0,75.2,1.72,193.0,169.0,59.0,1.54,1726.0,30.9,1.9,2.0,,18.64,25.419145484045433,Long,1120.7792207792209,134.0,0.02526595744680851,0.8756476683937824,True,False,False,False,False,False,False,-1,Active
29.0,72.0,1.66,167.0,144.0,68.0,0.87,1248.0,10.0,3.6,4.0,3.0,17.55,26.1286108288576,Medium,1434.4827586206898,99.0,0.05,0.8622754491017964,False,True,False,False,False,False,False,-1,Active
22.0,75.7,1.56,194.0,142.0,61.0,1.23,643.0,28.8,2.3,3.0,3.0,13.93,31.10618014464168,Medium,522.7642276422764,133.0,0.030383091149273445,0.7319587628865979,False,False,True,False,False,False,False,0,Active
20.0,59.1,1.62,191.0,127.0,54.0,1.02,995.0,26.2,3.4,3.0,,12.46,22.51943301326017,Medium,975.4901960784314,137.0,0.05752961082910321,0.6649214659685864,True,False,False,False,False,False,False,-1,Active
39.0,41.3,1.76,175.0,136.0,69.0,1.42,1096.0,24.3,3.2,3.0,2.0,15.36,13.332902892561982,Medium,771.830985915493,106.0,0.0774818401937046,0.7771428571428571,False,False,False,True,False,False,False,-1,Active
41.0,40.0,1.77,176.0,148.0,65.0,1.03,1238.0,11.6,1.9,5.0,1.0,22.98,12.767723195761114,Medium,1201.9417475728155,111.0,0.0475,0.8409090909090909,True,False,False,True,False,False,False,-1,Active
41.0,63.7,1.93,195.0,155.0,61.0,1.18,1064.0,21.2,3.4,4.0,1.0,15.76,17.101130231684074,Medium,901.6949152542373,134.0,0.053375196232339085,0.7948717948717948,False,True,False,False,False,False,False,0,Active
31.0,100.0,1.75,190.0,169.0,67.0,1.46,1573.0,20.8,3.4,4.0,2.0,,32.6530612244898,Medium,1077.3972602739727,123.0,0.034,0.8894736842105263,False,True,False,False,False,False,False,0,Active
20.0,45.0,1.68,171.0,154.0,74.0,1.5,1692.0,10.0,2.4,4.0,1.0,12.32,15.94387755102041,Medium,1128.0,97.0,0.05333333333333333,0.9005847953216374,True,False,False,True,False,False,False,-1,Active
26.0,47.1,1.61,189.0,138.0,52.0,1.26,1095.0,19.3,3.6,3.0,3.0,29.91,18.170595270244203,Medium,869.047619047619,137.0,0.07643312101910828,0.7301587301587301,True,False,False,True,False,False,False,-1,Active
37.0,72.1,1.83,164.0,152.0,58.0,1.58,1091.0,34.4,3.3,4.0,2.0,16.92,21.529457433784223,Long,690.506329113924,106.0,0.04576976421636616,0.926829268292683,False,False,False,False,False,False,False,-1,Active
59.0,57.5,1.81,175.0,169.0,58.0,1.47,1349.0,24.7,2.5,5.0,2.0,12.32,17.551356796190593,Medium,917.687074829932,117.0,0.043478260869565216,0.9657142857142857,True,False,False,False,False,False,False,-1,Active
22.0,54.3,1.85,165.0,144.0,53.0,2.0,1740.0,26.6,3.7,4.0,2.0,20.04,15.865595325054782,Long,870.0,112.0,0.06813996316758748,0.8727272727272727,True,False,False,False,False,True,False,-1,Active
25.0,63.9,1.67,178.0,144.0,61.0,1.56,868.0,24.8,2.4,3.0,2.0,24.51,22.912259313707914,Long,556.4102564102564,117.0,0.03755868544600939,0.8089887640449438,True,False,True,False,False,False,False,0,Active
32.0,56.6,2.0,190.0,123.0,65.0,1.25,1309.0,14.7,3.5,4.0,3.0,17.83,14.15,Medium,1047.2,125.0,0.06183745583038869,0.6473684210526316,True,True,False,False,False,False,False,-1,Active
29.0,95.3,1.72,190.0,169.0,74.0,1.49,733.0,29.2,3.7,5.0,3.0,20.06,32.213358572201194,Medium,491.9463087248322,116.0,0.038824763903462754,0.8894736842105263,False,True,False,False,False,False,False,-1,Active
30.0,96.3,2.0,173.0,136.0,74.0,2.0,1095.0,20.4,1.5,5.0,2.0,25.83,24.075,Long,547.5,99.0,0.01557632398753894,0.7861271676300579,False,True,False,False,False,False,False,-1,Active
33.0,60.5,1.54,195.0,126.0,56.0,1.27,1237.0,29.1,3.7,4.0,2.0,21.23,25.510204081632654,Medium,974.0157480314961,139.0,0.061157024793388436,0.6461538461538462,True,False,False,False,False,False,False,-1,Active
54.0,56.3,1.59,172.0,169.0,68.0,1.47,936.0,19.6,3.1,4.0,2.0,18.7,22.26968869902298,Medium,636.7346938775511,104.0,0.055062166962699825,0.9825581395348837,False,False,False,False,False,False,False,-1,Active
49.0,45.0,1.84,190.0,159.0,53.0,1.3,864.0,26.5,1.5,4.0,2.0,17.11,13.291587901701323,Medium,664.6153846153846,137.0,0.03333333333333333,0.8368421052631579,True,True,False,False,False,False,False,-1,Active
53.0,87.7,1.84,164.0,152.0,53.0,1.37,1066.0,24.7,2.6,5.0,2.0,25.16,25.90382797731569,Medium,778.1021897810218,111.0,0.029646522234891677,0.926829268292683,True,False,False,False,False,False,False,-1,Active
54.0,46.1,1.85,187.0,162.0,63.0,1.35,772.0,25.7,3.6,4.0,1.0,20.62,13.469685902118334,Medium,571.8518518518518,124.0,0.07809110629067245,0.8663101604278075,False,False,True,False,False,False,False,0,Active
18.0,69.8,1.82,178.0,168.0,58.0,1.9,963.0,31.4,3.7,5.0,2.0,34.21,21.072334259147443,Long,506.8421052631579,120.0,0.05300859598853869,0.9438202247191011,False,True,False,False,False,False,False,0,Active
18.0,79.2,1.77,198.0,137.0,66.0,1.2,1429.0,12.9,3.7,3.0,2.0,19.07,25.280091927607007,Medium,1190.8333333333335,132.0,0.04671717171717172,0.6919191919191919,True,False,False,True,False,False,False,-1,Active
29.0,60.6,1.76,188.0,148.0,50.0,1.38,676.0,30.2,2.5,3.0,,23.73,19.56353305785124,Medium,489.8550724637682,138.0,0.041254125412541254,0.7872340425531915,True,False,True,False,False,False,False,-1,Active
22.0,53.3,1.73,172.0,144.0,71.0,1.1,1235.0,22.8,2.6,3.0,1.0,13.13,17.8088141935915,Medium,1122.7272727272727,101.0,0.04878048780487805,0.8372093023255814,False,False,True,False,False,False,False,-1,Active
20.0,95.7,1.85,196.0,136.0,58.0,1.44,987.0,23.8,1.5,3.0,2.0,15.47,27.962016070124175,Medium,685.4166666666667,138.0,0.01567398119122257,0.6938775510204082,True,True,False,False,False,False,False,-1,Active
29.0,57.4,1.74,198.0,165.0,67.0,1.58,880.0,20.9,3.3,4.0,1.0,,18.958911348923237,Long,556.9620253164557,131.0,0.05749128919860627,0.8333333333333334,False,False,True,False,False,False,False,0,Active
47.0,87.3,1.9,194.0,164.0,74.0,1.87,1073.0,23.7,3.5,5.0,2.0,20.1,24.182825484764543,Long,573.7967914438502,120.0,0.04009163802978236,0.845360824742268,True,True,False,False,False,False,False,0,Active
18.0,79.2,1.66,176.0,154.0,72.0,1.58,1493.0,18.1,2.3,3.0,1.0,14.27,28.74147191174336,Long,944.9367088607595,104.0,0.029040404040404037,0.875,True,False,True,False,False,False,False,-1,Active
18.0,73.8,1.75,187.0,149.0,74.0,1.64,1065.0,17.7,2.4,3.0,1.0,17.79,24.097959183673467,Long,649.390243902439,113.0,0.032520325203252036,0.7967914438502673,True,True,False,False,False,False,False,0,Active
33.0,66.3,1.76,164.0,120.0,74.0,1.44,419.0,25.4,2.6,3.0,3.0,20.67,21.4036673553719,Medium,290.97222222222223,90.0,0.03921568627450981,0.7317073170731707,False,False,False,False,False,False,False,-1,Active
27.0,72.8,1.82,162.0,136.0,57.0,1.23,780.0,11.4,3.5,4.0,3.0,22.59,21.978021978021975,Medium,634.1463414634146,105.0,0.04807692307692308,0.8395061728395061,True,True,False,False,False,False,False,-1,Active
38.0,50.0,1.75,186.0,135.0,59.0,2.0,695.0,23.4,1.6,4.0,1.0,49.84,16.3265306122449,Long,347.5,127.0,0.032,0.7258064516129032,True,False,True,False,False,False,False,-1,Active
29.0,93.5,1.85,166.0,167.0,74.0,1.01,670.0,23.2,2.6,3.0,1.0,19.83,27.319211102994885,Medium,663.3663366336633,92.0,0.027807486631016044,1.0060240963855422,False,False,False,False,False,False,False,-1,Active
54.0,84.0,1.94,178.0,133.0,53.0,1.47,942.0,30.7,1.5,4.0,1.0,16.61,22.31905622276544,Medium,640.8163265306123,125.0,0.017857142857142856,0.7471910112359551,True,False,False,True,False,False,False,-1,Active
37.0,55.3,1.73,183.0,134.0,51.0,1.1,976.0,31.3,2.8,2.0,2.0,16.26,18.47706238096829,Medium,887.2727272727273,132.0,0.05063291139240506,0.73224043715847,False,False,False,True,False,False,False,-1,Active
21.0,66.6,1.85,189.0,121.0,56.0,0.88,993.0,13.9,3.4,5.0,1.0,12.32,19.459459459459456,Medium,1128.409090909091,133.0,0.05105105105105105,0.6402116402116402,True,True,False,False,False,False,False,-1,Active
21.0,65.8,1.62,172.0,127.0,62.0,1.35,1307.0,26.0,3.4,3.0,1.0,15.3,25.072397500381033,Medium,968.148148148148,110.0,0.05167173252279635,0.7383720930232558,False,False,False,False,False,False,False,0,Active
26.0,59.8,1.6,180.0,151.0,58.0,1.2,611.0,16.4,2.5,3.0,3.0,12.63,23.359374999999993,Medium,509.1666666666667,122.0,0.04180602006688963,0.8388888888888889,False,True,False,False,False,False,False,0,Active
42.0,80.3,1.94,192.0,169.0,52.0,1.72,753.0,24.6,3.5,5.0,2.0,33.99,21.335954936762676,Long,437.7906976744186,140.0,0.043586550435865505,0.8802083333333334,False,False,False,True,False,False,False,0,Active
31.0,129.9,1.7,190.0,169.0,69.0,1.38,735.0,10.0,2.1,3.0,3.0,16.07,44.94809688581316,Medium,532.608695652174,121.0,0.016166281755196306,0.8894736842105263,False,False,True,False,False,False,False,0,Active
50.0,40.0,1.75,162.0,169.0,55.0,2.0,1449.0,31.7,3.5,4.0,3.0,28.18,13.061224489795919,Long,724.5,107.0,0.0875,1.0432098765432098,False,False,False,True,False,False,False,-1,Active
51.0,91.7,1.72,168.0,137.0,58.0,0.86,1529.0,10.0,1.7,,1.0,14.15,30.99648458626285,Medium,1777.906976744186,110.0,0.018538713195201745,0.8154761904761905,False,False,False,False,False,False,False,-1,Active
18.0,64.8,1.82,169.0,156.0,69.0,1.93,1516.0,21.9,3.5,3.0,2.0,17.69,19.56285472768989,Long,785.4922279792746,100.0,0.05401234567901235,0.9230769230769231,True,False,True,False,False,False,False,-1,Active
54.0,60.1,1.63,174.0,159.0,72.0,0.52,893.0,18.4,3.6,4.0,1.0,20.56,22.620347020964285,Short,1717.3076923076922,102.0,0.059900166389351084,0.9137931034482759,True,False,False,False,False,False,False,-1,Active
37.0,46.3,1.69,181.0,141.0,67.0,1.64,1445.0,20.7,2.5,4.0,2.0,19.11,16.210916984699416,Long,881.0975609756098,114.0,0.05399568034557236,0.7790055248618785,True,False,True,False,False,False,False,0,Active
21.0,66.9,1.69,197.0,149.0,74.0,1.37,872.0,16.6,2.6,5.0,2.0,33.07,23.4235495956024,Medium,636.4963503649634,123.0,0.03886397608370702,0.7563451776649747,True,False,False,True,False,False,False,0,Active
19.0,40.0,1.93,167.0,158.0,74.0,1.19,1265.0,24.7,2.6,4.0,3.0,12.32,10.738543316599104,Medium,1063.0252100840337,93.0,0.065,0.9461077844311377,False,False,False,True,False,False,False,-1,Active
36.0,50.1,1.85,199.0,140.0,68.0,0.91,1243.0,30.7,2.8,4.0,2.0,25.82,14.638422205989773,Medium,1365.934065934066,131.0,0.0558882235528942,0.7035175879396985,False,False,True,False,False,False,False,-1,Active
23.0,71.3,1.77,171.0,134.0,50.0,1.34,1239.0,35.0,2.5,3.0,3.0,18.17,22.758466596444187,Medium,924.6268656716418,121.0,0.03506311360448808,0.783625730994152,True,False,False,False,False,False,False,-1,Active
45.0,68.3,1.75,185.0,133.0,65.0,1.31,1595.0,29.1,2.5,4.0,2.0,13.23,22.302040816326528,Medium,1217.557251908397,120.0,0.036603221083455345,0.7189189189189189,False,False,False,False,False,False,False,0,Active
39.0,66.8,1.61,177.0,127.0,59.0,1.64,770.0,28.0,3.1,4.0,1.0,17.16,25.770610701747614,Long,469.51219512195127,118.0,0.04640718562874252,0.7175141242937854,False,False,False,True,False,False,False,0,Active
45.0,53.9,1.68,169.0,141.0,71.0,1.59,1031.0,19.2,2.1,3.0,3.0,20.62,19.097222222222225,Long,648.4276729559748,98.0,0.03896103896103897,0.834319526627219,True,False,False,True,False,False,False,-1,Active
27.0,40.0,1.57,178.0,169.0,52.0,1.32,949.0,28.4,3.1,3.0,2.0,21.11,16.227838857560144,Medium,718.9393939393939,126.0,0.0775,0.949438202247191,False,False,True,False,False,False,False,-1,Active
37.0,62.1,1.85,196.0,151.0,64.0,1.28,943.0,26.7,3.3,4.0,1.0,20.37,18.14463111760409,Medium,736.71875,132.0,0.05314009661835748,0.7704081632653061,True,True,False,False,False,False,False,-1,Active
28.0,60.7,1.73,198.0,124.0,70.0,1.34,1212.0,24.8,2.0,2.0,1.0,20.21,20.281332486885628,Medium,904.4776119402984,128.0,0.032948929159802305,0.6262626262626263,True,False,False,False,False,False,False,-1,Active
18.0,46.9,1.84,185.0,147.0,65.0,1.29,1040.0,21.8,1.7,3.0,1.0,13.0,13.852788279773156,Medium,806.2015503875969,120.0,0.03624733475479744,0.7945945945945946,True,True,False,False,False,False,False,-1,Active
18.0,90.8,1.66,182.0,134.0,56.0,1.77,990.0,10.0,1.8,4.0,2.0,22.03,32.95108143417042,Long,559.3220338983051,126.0,0.019823788546255508,0.7362637362637363,False,False,False,True,False,False,False,-1,Active
24.0,44.0,1.79,193.0,164.0,62.0,1.84,622.0,26.3,3.5,4.0,2.0,14.27,13.73240535563809,Long,338.04347826086956,131.0,0.07954545454545454,0.8497409326424871,False,False,True,False,False,False,False,-1,Active
27.0,75.1,1.86,175.0,165.0,70.0,1.29,765.0,27.0,3.5,4.0,2.0,14.22,21.707711874205106,Medium,593.0232558139535,105.0,0.04660452729693742,0.9428571428571428,False,False,False,False,False,False,False,-1,Active
23.0,74.2,1.71,199.0,150.0,57.0,1.05,1166.0,34.5,3.3,,1.0,12.32,25.375329161109406,Medium,1110.4761904761904,142.0,0.0444743935309973,0.7537688442211056,False,False,False,False,False,False,False,2,Moderate
23.0,58.2,1.85,196.0,130.0,57.0,1.36,582.0,25.7,1.5,4.0,1.0,35.08,17.005113221329438,Medium,427.94117647058823,139.0,0.02577319587628866,0.6632653061224489,False,True,False,False,False,False,False,-1,Active
23.0,78.7,1.68,191.0,132.0,70.0,1.28,1319.0,21.1,3.5,2.0,2.0,20.39,27.884070294784586,Medium,1030.46875,121.0,0.044472681067344345,0.6910994764397905,False,False,False,False,False,False,False,1,Active
43.0,74.2,1.76,188.0,141.0,68.0,0.98,1426.0,21.2,3.1,2.0,3.0,20.52,23.954028925619838,Medium,1455.1020408163265,120.0,0.04177897574123989,0.75,True,False,False,False,False,False,False,-1,Active
18.0,56.1,2.0,180.0,120.0,57.0,1.04,1461.0,27.4,2.0,5.0,2.0,12.32,14.025,Medium,1404.8076923076922,123.0,0.035650623885918005,0.6666666666666666,True,True,False,False,False,False,False,-1,Active
45.0,42.1,1.86,194.0,129.0,74.0,0.91,1176.0,22.1,3.6,5.0,1.0,33.0,12.169036882876632,Medium,1292.3076923076922,120.0,0.0855106888361045,0.6649484536082474,False,False,True,False,False,False,False,1,Active
18.0,40.0,1.73,168.0,121.0,73.0,0.64,1153.0,29.9,3.1,2.0,3.0,18.62,13.364963747535834,Short,1801.5625,95.0,0.0775,0.7202380952380952,True,True,False,False,False,False,False,-1,Active
18.0,40.0,1.85,175.0,144.0,51.0,2.0,1318.0,32.7,2.0,4.0,2.0,21.16,11.68736303871439,Long,659.0,124.0,0.05,0.8228571428571428,True,False,False,False,False,False,False,0,Active
22.0,40.0,1.75,181.0,155.0,50.0,2.0,998.0,27.0,1.8,,1.0,12.82,13.061224489795919,Long,499.0,131.0,0.045,0.856353591160221,False,False,True,False,False,False,False,-1,Active
28.0,107.7,1.99,188.0,129.0,55.0,2.0,1127.0,10.0,2.0,2.0,1.0,17.86,27.19628292214843,Long,563.5,133.0,0.018570102135561744,0.6861702127659575,False,False,False,False,False,False,True,-1,Active
18.0,40.0,1.8,196.0,120.0,70.0,2.0,979.0,10.0,2.6,4.0,1.0,20.06,12.345679012345679,Long,489.5,126.0,0.065,0.6122448979591837,False,False,False,False,False,False,False,-1,Active
57.0,70.0,1.81,167.0,154.0,53.0,1.3,1149.0,26.6,1.5,3.0,3.0,12.32,21.36686914318855,Medium,883.8461538461538,114.0,0.02142857142857143,0.9221556886227545,False,False,False,True,False,False,False,-1,Active
55.0,63.2,1.59,161.0,168.0,69.0,1.49,1094.0,19.0,3.6,3.0,2.0,17.45,24.99901111506665,Medium,734.228187919463,92.0,0.056962025316455694,1.0434782608695652,False,False,False,True,False,False,False,-1,Active
50.0,69.6,1.71,167.0,169.0,57.0,0.98,470.0,27.2,2.7,2.0,2.0,20.42,23.802195547347903,Medium,479.5918367346939,110.0,0.03879310344827587,1.0119760479041917,True,False,False,True,False,False,False,-1,Active
32.0,57.0,1.76,170.0,160.0,71.0,1.82,904.0,30.9,3.3,4.0,3.0,16.01,18.401342975206614,Long,496.7032967032967,99.0,0.05789473684210526,0.9411764705882353,True,False,True,False,False,False,False,-1,Active
20.0,75.8,1.87,160.0,163.0,63.0,2.0,988.0,23.5,2.7,4.0,3.0,12.32,21.676341902828216,Long,494.0,97.0,0.03562005277044855,1.01875,False,True,False,False,False,False,False,-1,Active
18.0,54.7,1.6,167.0,156.0,57.0,1.63,1134.0,22.7,3.4,4.0,2.0,15.86,21.367187499999996,Long,695.7055214723927,110.0,0.06215722120658135,0.9341317365269461,True,False,False,True,False,False,False,-1,Active
18.0,97.5,2.0,169.0,159.0,68.0,1.17,782.0,24.8,1.8,2.0,1.0,42.88,24.375,Medium,668.3760683760684,101.0,0.018461538461538463,0.9408284023668639,True,False,True,False,False,False,False,-1,Active
31.0,51.0,1.56,193.0,140.0,64.0,1.41,1347.0,28.6,3.5,2.0,2.0,25.42,20.956607495069033,Medium,955.3191489361702,129.0,0.06862745098039216,0.7253886010362695,False,False,False,False,False,False,False,-1,Active
31.0,71.0,1.81,199.0,158.0,68.0,1.87,1228.0,29.6,2.7,2.0,2.0,14.52,21.672110130948383,Long,656.6844919786096,131.0,0.03802816901408451,0.7939698492462312,False,False,True,False,False,False,False,0,Active
28.0,70.0,1.74,198.0,169.0,69.0,2.0,1468.0,28.4,2.8,4.0,2.0,21.91,23.120623596247853,Long,734.0,129.0,0.04,0.8535353535353535,False,False,False,False,False,False,False,0,Active
23.0,57.8,1.87,172.0,142.0,54.0,1.46,1741.0,28.7,3.5,3.0,2.0,13.33,16.52892561983471,Medium,1192.4657534246576,118.0,0.060553633217993084,0.8255813953488372,True,False,False,False,False,False,False,-1,Active
48.0,67.3,1.61,173.0,139.0,59.0,0.86,659.0,20.5,2.7,3.0,,18.23,25.963504494425365,Medium,766.2790697674419,114.0,0.04011887072808321,0.8034682080924855,True,False,False,False,False,False,False,0,Active
52.0,73.5,1.78,181.0,162.0,67.0,2.0,1325.0,21.1,2.3,3.0,3.0,18.08,23.197828557000378,Long,662.5,114.0,0.03129251700680272,0.8950276243093923,False,False,False,True,False,False,False,0,Active
18.0,94.7,1.52,161.0,141.0,66.0,1.4,1446.0,16.7,2.6,3.0,2.0,22.4,40.98857340720222,Medium,1032.857142857143,95.0,0.027455121436114043,0.8757763975155279,True,False,False,True,False,False,False,-1,Active
47.0,40.0,1.89,177.0,139.0,69.0,1.3,902.0,26.7,3.3,3.0,3.0,26.2,11.197894795778394,Medium,693.8461538461538,108.0,0.08249999999999999,0.7853107344632768,True,True,False,False,False,False,False,-1,Active
54.0,63.5,1.51,192.0,147.0,70.0,1.23,526.0,28.3,2.2,,3.0,17.05,27.849655716854524,Medium,427.6422764227642,122.0,0.03464566929133858,0.765625,False,False,False,True,False,False,False,0,Active
22.0,60.1,1.71,198.0,161.0,70.0,1.04,533.0,10.3,3.4,5.0,1.0,26.74,20.5533326493622,Medium,512.5,128.0,0.056572379367720464,0.8131313131313131,False,True,False,False,False,False,False,0,Active
31.0,40.0,1.77,181.0,127.0,51.0,0.76,1382.0,15.3,2.6,4.0,,14.09,12.767723195761114,Medium,1818.421052631579,130.0,0.065,0.7016574585635359,True,False,False,False,False,False,False,-1,Active
48.0,55.5,1.5,183.0,133.0,51.0,0.73,830.0,27.3,2.2,3.0,3.0,32.42,24.666666666666668,Short,1136.986301369863,132.0,0.039639639639639644,0.726775956284153,True,False,False,False,False,False,False,-1,Active
23.0,95.6,1.5,196.0,152.0,56.0,0.5,639.0,25.2,3.2,2.0,1.0,13.38,42.48888888888889,Short,1278.0,140.0,0.03347280334728034,0.7755102040816326,False,False,False,True,False,False,False,-1,Active
43.0,102.5,1.79,190.0,138.0,69.0,1.54,844.0,19.7,3.7,4.0,2.0,17.07,31.990262476202368,Long,548.051948051948,121.0,0.03609756097560976,0.7263157894736842,True,False,False,False,False,False,False,0,Active
50.0,56.6,1.96,196.0,169.0,74.0,2.0,1299.0,24.8,1.6,3.0,2.0,20.69,14.733444398167432,Long,649.5,122.0,0.028268551236749116,0.8622448979591837,True,False,True,False,False,False,False,0,Active
30.0,40.0,1.67,176.0,120.0,55.0,1.39,1710.0,18.2,2.7,3.0,1.0,12.32,14.342572340349243,Medium,1230.2158273381297,121.0,0.0675,0.6818181818181818,True,False,False,False,False,False,False,-1,Active
25.0,74.9,1.66,192.0,138.0,58.0,1.73,1766.0,28.7,2.3,5.0,1.0,15.98,27.181013209464368,Long,1020.8092485549133,134.0,0.03070761014686248,0.71875,False,True,False,False,False,False,False,-1,Active
19.0,82.8,1.79,192.0,127.0,74.0,1.18,1140.0,10.0,2.4,4.0,3.0,21.95,25.84189007833713,Medium,966.1016949152543,118.0,0.028985507246376812,0.6614583333333334,False,False,False,False,False,False,False,1,Active
41.0,73.3,1.71,196.0,158.0,56.0,1.36,1234.0,30.1,3.2,4.0,3.0,25.83,25.067542149721284,Medium,907.3529411764705,140.0,0.043656207366985,0.8061224489795918,False,False,True,False,False,False,False,-1,Active
53.0,55.3,1.98,177.0,169.0,51.0,0.83,1273.0,14.7,2.1,2.0,2.0,20.9,14.105703499642892,Medium,1533.7349397590363,126.0,0.0379746835443038,0.9548022598870056,True,False,True,False,False,False,False,0,Active
35.0,95.9,1.69,175.0,129.0,58.0,1.22,1674.0,27.5,2.1,3.0,3.0,24.01,33.5772556983299,Medium,1372.1311475409836,117.0,0.021897810218978103,0.7371428571428571,True,False,False,False,False,False,False,0,Active
33.0,89.6,1.62,175.0,137.0,56.0,1.09,906.0,23.9,1.6,3.0,1.0,25.68,34.14113702179545,Medium,831.1926605504586,119.0,0.01785714285714286,0.7828571428571428,True,False,False,False,False,False,False,-1,Active
33.0,42.7,1.82,196.0,145.0,68.0,1.24,1436.0,26.3,3.7,4.0,1.0,42.84,12.890955198647505,Medium,1158.0645161290322,128.0,0.08665105386416862,0.7397959183673469,True,False,False,True,False,False,False,1,Active
33.0,103.3,1.72,180.0,162.0,58.0,0.66,1104.0,22.6,3.2,2.0,1.0,12.42,34.91752298539752,Short,1672.7272727272727,122.0,0.030977734753146177,0.9,False,False,False,True,False,False,False,-1,Active
33.0,76.8,1.72,193.0,126.0,69.0,1.26,790.0,31.8,3.3,4.0,1.0,25.47,25.959978366684695,Medium,626.984126984127,124.0,0.04296875,0.6528497409326425,True,True,False,False,False,False,False,-1,Active
23.0,69.1,1.63,198.0,138.0,57.0,2.0,1549.0,21.4,3.3,2.0,1.0,31.27,26.007753396815836,Long,774.5,141.0,0.04775687409551375,0.696969696969697,False,False,False,True,False,False,False,-1,Active
30.0,75.6,1.82,196.0,138.0,74.0,1.31,925.0,32.4,3.3,3.0,3.0,15.35,22.823330515638204,Medium,706.1068702290077,122.0,0.04365079365079365,0.7040816326530612,True,False,False,False,False,False,False,-1,Active
18.0,42.0,1.74,197.0,120.0,57.0,2.0,1236.0,26.6,1.5,3.0,2.0,19.62,13.87237415774871,Long,618.0,140.0,0.03571428571428571,0.6091370558375635,False,False,False,False,False,False,False,-1,Active
56.0,62.9,1.5,194.0,153.0,74.0,1.85,991.0,23.2,2.4,3.0,2.0,32.25,27.955555555555556,Long,535.6756756756756,120.0,0.03815580286168521,0.788659793814433,True,False,False,True,False,False,False,0,Active
22.0,53.5,1.76,194.0,137.0,66.0,2.0,1395.0,13.1,2.3,5.0,2.0,17.16,17.271435950413224,Long,697.5,128.0,0.04299065420560747,0.7061855670103093,False,False,True,False,False,False,False,0,Active
21.0,90.7,1.75,190.0,135.0,54.0,1.03,1155.0,28.0,2.3,3.0,2.0,12.66,29.616326530612245,Medium,1121.3592233009708,136.0,0.025358324145534728,0.7105263157894737,False,False,False,False,False,False,False,2,Moderate
21.0,74.7,1.59,161.0,169.0,74.0,1.08,1379.0,15.2,2.5,3.0,2.0,21.53,29.547881808472763,Medium,1276.8518518518517,87.0,0.03346720214190094,1.049689440993789,True,False,False,True,False,False,False,-1,Active
50.0,82.6,1.71,164.0,160.0,63.0,1.33,1011.0,22.4,3.6,5.0,2.0,12.32,28.248007934065182,Medium,760.1503759398496,101.0,0.04358353510895884,0.975609756097561,True,False,False,True,False,False,False,-1,Active
27.0,70.1,1.58,169.0,156.0,63.0,0.82,797.0,28.1,3.4,3.0,1.0,24.04,28.080435827591725,Medium,971.9512195121952,106.0,0.04850213980028531,0.9230769230769231,False,False,False,False,False,False,False,-1,Active
29.0,40.2,1.7,184.0,152.0,70.0,1.82,744.0,13.2,2.6,3.0,2.0,18.63,13.910034602076127,Long,408.79120879120876,114.0,0.06467661691542288,0.8260869565217391,False,False,True,False,False,False,False,0,Active
19.0,76.4,1.79,189.0,132.0,57.0,1.41,1414.0,33.3,3.5,3.0,2.0,14.21,23.844449299335228,Medium,1002.8368794326242,132.0,0.04581151832460733,0.6984126984126984,False,True,False,False,False,False,False,-1,Active
39.0,78.5,1.59,197.0,153.0,71.0,1.88,1009.0,26.0,3.7,5.0,1.0,16.24,31.05098690716348,Long,536.7021276595744,126.0,0.04713375796178344,0.7766497461928934,True,False,False,True,False,False,False,0,Active
18.0,72.1,1.79,194.0,169.0,71.0,1.89,716.0,16.7,3.2,2.0,2.0,12.32,22.502418775943323,Long,378.83597883597884,123.0,0.04438280166435507,0.8711340206185567,False,False,False,False,True,False,False,0,Active
26.0,61.0,1.97,172.0,140.0,74.0,1.99,1298.0,21.8,2.6,,2.0,24.27,15.718003555876214,Long,652.2613065326633,98.0,0.042622950819672135,0.813953488372093,True,False,False,False,False,False,False,0,Active
20.0,82.6,1.6,174.0,149.0,63.0,2.0,775.0,22.9,3.3,2.0,2.0,15.06,32.26562499999999,Long,387.5,111.0,0.039951573849878935,0.8563218390804598,False,True,False,False,False,False,False,0,Active
34.0,91.2,1.5,193.0,165.0,61.0,1.13,905.0,24.0,3.4,4.0,1.0,24.8,40.53333333333333,Medium,800.8849557522125,132.0,0.03728070175438596,0.8549222797927462,True,False,True,False,False,False,False,-1,Active
23.0,46.7,1.65,164.0,159.0,68.0,1.81,1563.0,15.8,2.5,4.0,2.0,19.8,17.153351698806247,Long,863.5359116022099,96.0,0.05353319057815845,0.9695121951219512,True,False,False,True,False,False,False,-1,Active
28.0,74.2,1.5,191.0,129.0,72.0,1.77,848.0,17.3,1.5,3.0,2.0,24.11,32.97777777777778,Long,479.0960451977401,119.0,0.02021563342318059,0.675392670157068,False,False,True,False,False,False,False,2,Moderate
18.0,64.0,1.51,176.0,129.0,74.0,1.18,992.0,26.7,3.4,5.0,3.0,14.98,28.068944344546292,Medium,840.677966101695,102.0,0.053125,0.7329545454545454,False,False,True,False,False,False,False,-1,Active
32.0,52.8,1.61,169.0,169.0,70.0,0.88,1375.0,24.2,2.7,5.0,1.0,18.1,20.36958450677057,Medium,1562.5,99.0,0.05113636363636364,1.0,True,False,True,False,False,False,False,-1,Active
47.0,40.0,1.73,170.0,160.0,66.0,1.27,1249.0,22.8,3.6,2.0,1.0,26.91,13.364963747535834,Medium,983.4645669291339,104.0,0.09,0.9411764705882353,True,False,False,False,False,False,False,-1,Active
19.0,40.0,1.59,187.0,152.0,73.0,1.52,948.0,27.1,1.6,3.0,,13.85,15.822158933586486,Long,623.6842105263158,114.0,0.04,0.8128342245989305,True,False,False,True,False,False,False,0,Active
39.0,70.7,1.58,189.0,163.0,66.0,1.69,1146.0,21.9,3.2,3.0,1.0,21.17,28.3207819259734,Long,678.1065088757397,123.0,0.04526166902404526,0.8624338624338624,True,False,False,True,False,False,False,0,Active
37.0,40.0,1.59,190.0,161.0,70.0,1.16,670.0,24.5,3.3,4.0,2.0,,15.822158933586486,Medium,577.5862068965517,120.0,0.08249999999999999,0.8473684210526315,False,False,False,False,False,False,False,-1,Active
41.0,77.0,1.5,190.0,146.0,56.0,1.3,1067.0,27.5,3.3,4.0,2.0,26.26,34.22222222222222,Medium,820.7692307692307,134.0,0.04285714285714286,0.7684210526315789,True,False,True,False,False,False,False,0,Active
23.0,117.8,1.88,168.0,167.0,55.0,1.35,1259.0,32.3,1.6,3.0,2.0,14.24,33.329560887279314,Medium,932.5925925925925,113.0,0.013582342954159594,0.9940476190476191,True,False,True,False,False,False,False,-1,Active
31.0,76.2,1.64,169.0,137.0,72.0,0.74,1207.0,23.3,2.7,,3.0,40.63,28.331350386674604,Short,1631.081081081081,97.0,0.03543307086614173,0.8106508875739645,False,False,True,False,False,False,False,-1,Active
50.0,57.3,1.72,197.0,133.0,56.0,2.0,950.0,11.1,3.2,2.0,3.0,22.6,19.36857760951866,Long,475.0,141.0,0.05584642233856894,0.6751269035532995,False,False,False,True,False,False,False,-1,Active
22.0,103.1,1.72,168.0,166.0,59.0,1.07,978.0,23.1,1.9,2.0,2.0,16.79,34.84991887506761,Medium,914.018691588785,109.0,0.01842870999030068,0.9880952380952381,False,True,False,False,False,False,False,-1,Active
29.0,77.4,1.69,179.0,132.0,74.0,1.11,712.0,27.0,3.5,2.0,3.0,16.23,27.099891460383045,Medium,641.4414414414414,105.0,0.04521963824289405,0.7374301675977654,False,False,False,True,False,False,False,-1,Active
18.0,84.1,1.78,194.0,145.0,64.0,2.0,686.0,30.3,3.3,3.0,3.0,14.46,26.54336573664941,Long,343.0,130.0,0.039239001189060645,0.7474226804123711,True,False,False,False,False,False,False,-1,Active
29.0,40.0,1.86,180.0,169.0,63.0,1.26,986.0,25.3,1.5,3.0,1.0,19.92,11.562030292519365,Medium,782.5396825396825,117.0,0.0375,0.9388888888888889,True,False,False,True,False,False,False,-1,Active
42.0,66.0,1.6,196.0,159.0,52.0,1.93,1042.0,16.4,3.5,4.0,2.0,17.81,25.781249999999996,Long,539.8963730569949,144.0,0.05303030303030303,0.8112244897959183,True,False,True,False,False,False,False,0,Active
51.0,84.6,1.77,197.0,141.0,55.0,1.44,543.0,23.4,2.9,5.0,3.0,24.89,27.003734559034758,Medium,377.08333333333337,142.0,0.034278959810874705,0.7157360406091371,False,True,False,False,False,False,False,-1,Active
51.0,100.7,1.75,185.0,138.0,73.0,1.5,703.0,25.5,1.8,4.0,3.0,15.9,32.881632653061224,Medium,468.6666666666667,112.0,0.017874875868917575,0.745945945945946,True,False,True,False,False,False,False,0,Active
22.0,58.6,2.0,165.0,169.0,57.0,2.0,1402.0,30.0,3.5,4.0,2.0,20.99,14.65,Long,701.0,108.0,0.059726962457337884,1.0242424242424242,True,False,True,False,False,False,False,-1,Active
21.0,57.4,1.74,179.0,161.0,73.0,2.0,457.0,27.7,2.5,3.0,1.0,24.67,18.958911348923237,Long,228.5,106.0,0.04355400696864112,0.8994413407821229,False,True,False,False,False,False,False,-1,Active
21.0,69.5,1.54,167.0,158.0,72.0,1.28,1044.0,27.9,2.9,2.0,,14.68,29.305110473941642,Medium,815.625,95.0,0.04172661870503597,0.9461077844311377,True,False,False,True,False,False,False,-1,Active
26.0,42.2,1.91,174.0,127.0,72.0,1.65,455.0,23.6,2.9,3.0,2.0,24.27,11.567665360050439,Long,275.75757575757575,102.0,0.06872037914691942,0.7298850574712644,False,False,True,False,False,False,False,-1,Active
18.0,61.3,1.6,191.0,135.0,67.0,1.09,609.0,13.7,1.6,2.0,3.0,14.7,23.945312499999993,Medium,558.7155963302752,124.0,0.026101141924959218,0.7068062827225131,True,False,False,False,False,False,False,0,Active
18.0,66.6,1.62,192.0,156.0,58.0,1.3,1250.0,21.3,3.2,5.0,1.0,12.58,25.37722908093278,Medium,961.5384615384615,134.0,0.048048048048048055,0.8125,True,False,False,False,False,False,False,0,Active
37.0,94.4,1.7,193.0,127.0,70.0,1.27,1183.0,16.4,3.4,4.0,1.0,19.3,32.6643598615917,Medium,931.496062992126,123.0,0.03601694915254237,0.6580310880829016,False,True,False,False,False,False,False,2,Moderate
45.0,111.9,1.73,177.0,129.0,54.0,0.92,1267.0,18.3,2.6,4.0,1.0,12.32,37.3884860837315,Medium,1377.1739130434783,123.0,0.02323503127792672,0.7288135593220338,True,False,True,False,False,False,False,-1,Active
51.0,61.1,1.82,165.0,163.0,57.0,1.19,1171.0,31.7,2.5,4.0,3.0,45.75,18.445839874411302,Medium,984.0336134453783,108.0,0.0409165302782324,0.9878787878787879,True,False,False,True,False,False,False,-1,Active
18.0,96.0,1.82,198.0,144.0,58.0,1.19,323.0,23.8,1.8,3.0,1.0,12.32,28.982007003985025,Medium,271.42857142857144,140.0,0.01875,0.7272727272727273,False,False,False,True,False,False,False,-1,Active
27.0,89.7,1.67,172.0,130.0,64.0,1.46,729.0,27.7,3.4,4.0,2.0,17.56,32.16321847323318,Medium,499.3150684931507,108.0,0.0379041248606466,0.7558139534883721,False,False,False,True,False,False,False,0,Active
34.0,61.0,1.69,190.0,159.0,63.0,0.99,1040.0,23.6,3.6,5.0,3.0,18.07,21.35779559539232,Medium,1050.5050505050506,127.0,0.05901639344262295,0.8368421052631579,False,False,False,False,False,False,False,-1,Active
31.0,75.6,1.57,163.0,152.0,71.0,0.96,668.0,25.8,2.3,4.0,1.0,26.35,30.67061544078867,Medium,695.8333333333334,92.0,0.03042328042328042,0.9325153374233128,False,False,False,False,False,False,True,-1,Active
19.0,90.6,1.85,187.0,131.0,68.0,1.67,607.0,27.5,3.3,2.0,2.0,19.15,26.47187728268809,Long,363.4730538922156,119.0,0.03642384105960265,0.7005347593582888,False,True,False,False,False,False,False,0,Active
47.0,90.8,1.67,186.0,120.0,74.0,1.43,506.0,32.0,2.7,3.0,3.0,18.39,32.557639212592775,Medium,353.84615384615387,112.0,0.029735682819383262,0.6451612903225806,False,False,True,False,False,False,False,1,Active
33.0,129.9,1.69,168.0,152.0,74.0,1.61,810.0,27.5,3.5,,2.0,23.37,45.48160078428627,Long,503.1055900621118,94.0,0.026943802925327172,0.9047619047619048,False,False,True,False,False,False,False,-1,Active
19.0,40.0,1.77,179.0,139.0,74.0,1.22,1173.0,27.7,1.6,3.0,3.0,19.2,12.767723195761114,Medium,961.4754098360656,105.0,0.04,0.776536312849162,False,False,False,True,False,False,False,-1,Active
27.0,112.6,1.79,174.0,167.0,60.0,0.69,1282.0,28.6,1.5,2.0,1.0,22.96,35.14247370556475,Short,1857.9710144927537,114.0,0.013321492007104797,0.9597701149425287,True,False,True,False,False,False,False,-1,Active
49.0,54.2,1.64,182.0,147.0,64.0,0.95,914.0,19.0,3.2,2.0,2.0,23.01,20.151695419393224,Medium,962.1052631578948,118.0,0.05904059040590406,0.8076923076923077,True,False,False,False,False,False,False,0,Active
46.0,108.9,1.86,162.0,165.0,74.0,1.42,936.0,22.2,1.9,4.0,2.0,27.29,31.477627471383972,Medium,659.1549295774648,88.0,0.01744719926538108,1.0185185185185186,True,False,True,False,False,False,False,-1,Active
37.0,69.4,1.61,173.0,169.0,66.0,1.09,948.0,28.3,1.5,2.0,1.0,12.32,26.773658423671925,Medium,869.7247706422017,107.0,0.021613832853025934,0.976878612716763,False,False,True,False,False,False,False,-1,Active
26.0,43.2,1.8,185.0,149.0,52.0,1.87,1019.0,23.5,2.1,4.0,2.0,27.59,13.333333333333334,Long,544.9197860962566,133.0,0.04861111111111111,0.8054054054054054,True,False,False,False,False,False,False,0,Active
45.0,68.7,1.7,179.0,126.0,74.0,1.05,1161.0,22.9,3.1,4.0,3.0,24.13,23.771626297577857,Medium,1105.7142857142858,105.0,0.045123726346433767,0.7039106145251397,False,False,False,False,False,False,False,-1,Active
18.0,61.1,1.74,191.0,159.0,69.0,1.36,1311.0,15.6,3.4,2.0,2.0,16.61,20.18100145329634,Medium,963.970588235294,122.0,0.055646481178396066,0.8324607329842932,False,True,False,False,False,False,False,-1,Active
38.0,85.5,1.77,175.0,156.0,50.0,1.13,766.0,14.6,3.4,2.0,1.0,16.38,27.291008330939384,Medium,677.8761061946904,125.0,0.039766081871345026,0.8914285714285715,True,True,False,False,False,False,False,0,Active
18.0,50.1,1.8,174.0,125.0,50.0,1.38,1185.0,30.8,3.4,3.0,2.0,29.04,15.462962962962962,Medium,858.6956521739131,124.0,0.06786427145708583,0.7183908045977011,False,True,False,False,False,False,False,-1,Active
45.0,129.9,1.75,197.0,154.0,73.0,1.97,757.0,23.5,2.4,5.0,1.0,36.13,42.416326530612245,Long,384.26395939086296,124.0,0.018475750577367205,0.7817258883248731,True,False,False,False,False,False,False,-1,Active
47.0,93.3,1.73,184.0,123.0,62.0,1.45,998.0,15.1,1.7,4.0,2.0,12.32,31.173777941127334,Medium,688.2758620689656,122.0,0.01822079314040729,0.6684782608695652,False,False,False,True,False,False,False,-1,Active
45.0,73.7,1.7,190.0,167.0,67.0,1.11,1100.0,29.1,1.8,2.0,1.0,15.88,25.50173010380623,Medium,990.9909909909909,123.0,0.024423337856173677,0.8789473684210526,False,False,False,True,False,False,False,-1,Active
18.0,86.1,2.0,180.0,158.0,72.0,1.27,1173.0,19.7,3.5,2.0,3.0,13.06,21.525,Medium,923.6220472440945,108.0,0.04065040650406505,0.8777777777777778,True,True,False,False,False,False,False,-1,Active
18.0,40.0,1.77,189.0,137.0,74.0,0.6,829.0,24.7,2.6,4.0,1.0,16.35,12.767723195761114,Short,1381.6666666666667,115.0,0.065,0.7248677248677249,False,False,False,False,False,False,False,0,Active
46.0,40.8,1.71,191.0,162.0,52.0,0.93,903.0,14.2,1.9,2.0,,39.04,13.953011182928082,Medium,970.9677419354838,139.0,0.04656862745098039,0.8481675392670157,False,False,False,True,False,False,False,0,Active
43.0,56.4,1.8,174.0,161.0,74.0,1.03,327.0,10.0,3.2,3.0,1.0,21.21,17.407407407407405,Medium,317.4757281553398,100.0,0.056737588652482275,0.9252873563218391,True,False,True,False,False,False,False,-1,Active
45.0,60.7,1.63,170.0,139.0,74.0,1.18,1356.0,10.0,3.3,3.0,3.0,12.32,22.84617411268772,Medium,1149.1525423728815,96.0,0.0543657331136738,0.8176470588235294,False,False,False,False,False,True,False,-1,Active
43.0,40.0,1.69,187.0,162.0,66.0,0.9,886.0,28.0,2.2,2.0,1.0,26.48,14.00511186583103,Medium,984.4444444444445,121.0,0.05500000000000001,0.8663101604278075,False,False,True,False,False,False,False,0,Active
29.0,84.4,1.67,184.0,160.0,74.0,1.28,1475.0,10.0,2.1,5.0,2.0,17.62,30.2628276381369,Medium,1152.34375,110.0,0.024881516587677725,0.8695652173913043,False,False,False,True,False,False,False,-1,Active
18.0,67.5,1.71,185.0,166.0,58.0,1.81,1162.0,10.6,3.5,3.0,2.0,37.91,23.08402585410896,Long,641.988950276243,127.0,0.05185185185185185,0.8972972972972973,False,False,False,False,False,False,False,0,Active
21.0,62.1,1.68,173.0,158.0,71.0,1.23,1186.0,26.4,3.5,4.0,1.0,15.6,22.002551020408166,Medium,964.2276422764228,102.0,0.05636070853462158,0.9132947976878613,False,False,False,True,False,False,False,-1,Active
41.0,83.7,1.92,161.0,163.0,59.0,1.37,1308.0,21.4,1.5,2.0,2.0,17.48,22.705078125,Medium,954.7445255474452,102.0,0.017921146953405017,1.0124223602484472,True,False,False,False,False,False,False,-1,Active
26.0,80.6,1.86,195.0,127.0,53.0,2.0,564.0,23.1,1.5,3.0,2.0,29.21,23.297491039426518,Long,282.0,142.0,0.01861042183622829,0.6512820512820513,False,False,True,False,False,False,False,-1,Active
33.0,60.8,1.78,189.0,147.0,73.0,1.04,951.0,27.3,3.3,4.0,2.0,,19.18949627572276,Medium,914.4230769230769,116.0,0.054276315789473686,0.7777777777777778,True,False,False,False,False,False,False,-1,Active
21.0,62.3,1.91,198.0,141.0,51.0,1.47,1394.0,22.7,1.8,3.0,2.0,17.4,17.077382747183464,Medium,948.2993197278912,147.0,0.028892455858747997,0.7121212121212122,True,False,False,True,False,False,False,-1,Active
49.0,97.4,1.67,171.0,132.0,72.0,1.97,1091.0,30.4,3.6,3.0,1.0,12.32,34.92416364875041,Long,553.8071065989848,99.0,0.03696098562628337,0.7719298245614035,False,False,False,False,False,False,False,0,Active
19.0,51.4,1.78,167.0,154.0,70.0,2.0,1218.0,29.8,2.1,3.0,2.0,13.61,16.222699154147204,Long,609.0,97.0,0.04085603112840467,0.9221556886227545,True,False,False,True,False,False,False,-1,Active
31.0,79.1,1.74,192.0,167.0,74.0,0.93,1157.0,18.7,1.9,2.0,3.0,13.83,26.12630466376007,Medium,1244.0860215053763,118.0,0.02402022756005057,0.8697916666666666,True,False,False,False,False,False,False,0,Active
43.0,57.5,2.0,172.0,126.0,64.0,1.4,735.0,16.9,2.1,3.0,1.0,20.98,14.375,Medium,525.0,108.0,0.036521739130434785,0.7325581395348837,True,False,False,False,False,False,False,-1,Active
43.0,70.6,1.71,193.0,148.0,54.0,1.28,725.0,27.1,3.6,3.0,1.0,22.55,24.144181115556925,Medium,566.40625,139.0,0.0509915014164306,0.7668393782383419,False,False,False,False,False,False,False,2,Moderate
18.0,72.5,1.79,173.0,140.0,67.0,1.34,1629.0,27.3,2.7,5.0,1.0,19.58,22.627258824630943,Medium,1215.6716417910447,106.0,0.03724137931034483,0.8092485549132948,False,False,True,False,False,False,False,0,Active
44.0,68.0,1.66,182.0,146.0,68.0,0.82,1278.0,20.7,3.0,5.0,1.0,16.02,24.677021338365513,Medium,1558.5365853658539,114.0,0.04411764705882353,0.8021978021978022,False,True,False,False,False,False,False,0,Active
21.0,121.6,1.78,182.0,151.0,50.0,1.81,1242.0,21.0,3.5,4.0,2.0,16.63,38.37899255144552,Long,686.1878453038673,132.0,0.028782894736842108,0.8296703296703297,False,False,False,True,False,False,False,0,Active
44.0,55.1,1.9,196.0,165.0,55.0,1.26,901.0,26.9,2.6,3.0,1.0,22.13,15.263157894736842,Medium,715.0793650793651,141.0,0.047186932849364795,0.8418367346938775,True,False,False,False,False,False,False,-1,Active
58.0,51.2,1.72,165.0,139.0,70.0,0.79,1612.0,20.6,2.1,3.0,3.0,36.29,17.306652244456465,Medium,2040.506329113924,95.0,0.041015625,0.8424242424242424,False,False,False,True,False,False,False,-1,Active
35.0,60.8,1.64,161.0,127.0,74.0,1.57,1132.0,20.7,3.7,3.0,3.0,19.54,22.605591909577637,Long,721.0191082802547,87.0,0.060855263157894746,0.7888198757763976,False,False,False,True,False,False,False,-1,Active
18.0,49.8,1.96,199.0,162.0,74.0,1.64,996.0,,2.3,4.0,2.0,14.35,12.963348604748022,Long,607.3170731707318,125.0,0.04618473895582329,0.8140703517587939,True,False,True,False,False,False,False,0,Active
26.0,64.7,1.75,172.0,157.0,52.0,1.35,1193.0,23.5,1.6,3.0,2.0,18.21,21.1265306122449,Medium,883.7037037037037,120.0,0.02472952086553323,0.9127906976744186,False,False,False,True,False,False,False,-1,Active
24.0,58.5,1.87,183.0,128.0,74.0,1.36,1034.0,24.8,3.3,4.0,1.0,24.49,16.7291029197289,Medium,760.2941176470588,109.0,0.056410256410256404,0.6994535519125683,False,True,False,False,False,False,False,0,Active
31.0,49.1,1.7,162.0,167.0,63.0,1.1,891.0,23.5,2.9,3.0,1.0,15.73,16.989619377162633,Medium,809.9999999999999,99.0,0.05906313645621181,1.0308641975308641,False,False,True,False,False,False,False,-1,Active
39.0,67.8,1.59,164.0,158.0,74.0,1.65,1374.0,25.9,2.6,5.0,2.0,25.0,26.818559392429094,Long,832.7272727272727,90.0,0.038348082595870206,0.9634146341463414,False,False,True,False,False,False,False,-1,Active
22.0,43.3,1.69,176.0,158.0,53.0,1.31,500.0,23.7,1.5,2.0,2.0,13.83,15.16053359476209,Medium,381.6793893129771,123.0,0.034642032332563515,0.8977272727272727,True,False,False,False,False,False,False,0,Active
18.0,71.5,1.69,186.0,124.0,60.0,1.53,763.0,16.9,2.5,2.0,1.0,15.8,25.034137460172968,Long,498.6928104575163,126.0,0.03496503496503497,0.6666666666666666,True,False,False,True,False,False,False,-1,Active
50.0,41.1,1.51,169.0,152.0,63.0,2.0,1069.0,24.9,1.5,4.0,2.0,31.59,18.025525196263324,Long,534.5,106.0,0.0364963503649635,0.8994082840236687,True,False,True,False,False,False,False,-1,Active
28.0,73.2,1.76,171.0,159.0,61.0,1.21,973.0,26.4,2.0,4.0,1.0,12.32,23.63119834710744,Medium,804.1322314049587,110.0,0.0273224043715847,0.9298245614035088,True,True,False,False,False,False,False,-1,Active
41.0,117.7,1.67,189.0,123.0,58.0,2.0,1243.0,26.2,3.2,2.0,1.0,17.26,42.203019111477644,Long,621.5,131.0,0.027187765505522515,0.6507936507936508,False,False,False,True,False,False,False,-1,Active
31.0,63.8,1.74,199.0,140.0,55.0,1.5,741.0,28.1,1.6,3.0,2.0,25.22,21.0727969348659,Medium,494.0,144.0,0.025078369905956115,0.7035175879396985,True,True,False,False,False,False,False,-1,Active
31.0,62.1,1.71,172.0,169.0,55.0,1.52,854.0,27.4,3.7,3.0,3.0,,21.23730378578024,Long,561.8421052631579,117.0,0.05958132045088567,0.9825581395348837,True,True,False,False,False,False,False,-1,Active
18.0,52.0,1.66,199.0,137.0,74.0,2.0,1314.0,26.7,3.3,3.0,1.0,20.41,18.870663376397157,Long,657.0,125.0,0.06346153846153846,0.6884422110552764,True,False,False,False,False,False,False,-1,Active
25.0,73.3,1.5,185.0,169.0,67.0,1.38,433.0,30.6,1.5,4.0,1.0,22.55,32.577777777777776,Medium,313.768115942029,118.0,0.020463847203274217,0.9135135135135135,False,False,True,False,False,False,False,-1,Active
18.0,50.0,1.83,163.0,140.0,64.0,1.41,969.0,19.0,1.9,3.0,2.0,14.29,14.930275612887812,Medium,687.2340425531916,99.0,0.038,0.8588957055214724,True,False,False,True,False,False,False,0,Active
34.0,90.0,1.74,194.0,167.0,57.0,1.36,764.0,25.0,2.6,4.0,2.0,13.77,29.72651605231867,Medium,561.7647058823529,137.0,0.02888888888888889,0.8608247422680413,True,False,False,False,False,False,False,-1,Active
39.0,109.6,1.84,199.0,152.0,74.0,1.27,790.0,26.7,3.5,2.0,2.0,19.77,32.37240075614366,Medium,622.0472440944882,125.0,0.03193430656934307,0.7638190954773869,True,True,False,False,False,False,False,0,Active
18.0,43.5,1.77,161.0,136.0,57.0,2.0,452.0,24.4,3.3,5.0,1.0,21.96,13.884898975390213,Long,226.0,104.0,0.07586206896551724,0.84472049689441,True,False,False,False,False,False,False,0,Active
20.0,115.4,1.73,187.0,154.0,63.0,1.12,878.0,30.7,3.5,3.0,1.0,27.02,38.557920411640886,Medium,783.9285714285713,124.0,0.030329289428076254,0.8235294117647058,True,False,False,True,False,False,False,-1,Active
22.0,47.4,1.91,161.0,164.0,73.0,2.0,1206.0,26.6,3.5,5.0,3.0,15.36,12.993064883089827,Long,603.0,88.0,0.07383966244725738,1.0186335403726707,True,False,False,False,False,False,False,-1,Active
18.0,54.6,1.66,189.0,142.0,64.0,1.19,523.0,34.7,2.6,2.0,1.0,18.88,19.814196545217015,Medium,439.4957983193278,125.0,0.047619047619047616,0.7513227513227513,True,True,False,False,False,False,False,0,Active
26.0,71.2,2.0,169.0,159.0,52.0,1.42,749.0,29.8,3.5,4.0,2.0,27.16,17.8,Medium,527.4647887323944,117.0,0.04915730337078651,0.9408284023668639,False,False,True,False,False,False,False,0,Active
53.0,46.4,1.7,169.0,120.0,72.0,1.49,1415.0,21.9,3.4,4.0,2.0,14.08,16.05536332179931,Medium,949.6644295302013,97.0,0.07327586206896551,0.7100591715976331,False,False,False,True,False,False,False,-1,Active
18.0,69.9,1.78,160.0,143.0,74.0,2.0,930.0,19.6,2.0,3.0,3.0,12.32,22.06160838277995,Long,465.0,86.0,0.028612303290414875,0.89375,False,True,False,False,False,False,False,-1,Active
20.0,64.9,1.69,187.0,128.0,54.0,0.68,1303.0,10.0,3.3,4.0,3.0,14.87,22.723294002310848,Short,1916.1764705882351,133.0,0.050847457627118633,0.6844919786096256,True,False,False,False,False,False,False,-1,Active
43.0,47.6,1.65,198.0,140.0,61.0,2.0,692.0,22.0,3.5,3.0,2.0,22.14,17.483930211202942,Long,346.0,137.0,0.07352941176470588,0.7070707070707071,False,False,False,False,False,False,False,-1,Active
23.0,48.9,1.7,168.0,156.0,65.0,1.4,1776.0,32.5,2.1,,2.0,21.36,16.920415224913498,Medium,1268.5714285714287,103.0,0.04294478527607362,0.9285714285714286,True,False,False,True,False,False,False,-1,Active
38.0,78.6,1.98,194.0,136.0,69.0,1.3,1590.0,27.2,2.3,4.0,2.0,25.52,20.04897459442914,Medium,1223.076923076923,125.0,0.029262086513994912,0.7010309278350515,False,False,True,False,False,False,False,-1,Active
51.0,72.2,1.91,184.0,140.0,70.0,1.39,960.0,21.0,1.5,3.0,2.0,17.41,19.791124146816152,Medium,690.6474820143885,114.0,0.02077562326869806,0.7608695652173914,False,True,False,False,False,False,False,-1,Active
54.0,79.8,1.94,163.0,120.0,63.0,1.53,827.0,25.3,3.3,4.0,2.0,12.32,21.203103411627165,Long,540.5228758169934,100.0,0.041353383458646614,0.7361963190184049,False,False,False,True,False,False,False,0,Active
23.0,52.4,1.86,166.0,130.0,59.0,1.53,880.0,21.6,1.5,4.0,2.0,12.32,15.146259683200368,Long,575.1633986928105,107.0,0.02862595419847328,0.7831325301204819,False,False,False,True,False,False,False,0,Active
42.0,67.7,1.82,199.0,125.0,55.0,0.76,1239.0,15.0,3.4,2.0,2.0,21.78,20.43835285593527,Medium,1630.2631578947369,144.0,0.05022156573116691,0.628140703517588,False,False,False,False,False,False,False,-1,Active
34.0,88.8,1.56,198.0,160.0,53.0,1.18,1086.0,32.6,3.4,4.0,2.0,30.43,36.489151873767256,Medium,920.3389830508476,145.0,0.038288288288288286,0.8080808080808081,False,False,False,False,False,False,False,-1,Active
29.0,101.5,1.9,175.0,165.0,74.0,1.46,1128.0,26.3,2.7,2.0,1.0,25.74,28.11634349030471,Medium,772.6027397260274,101.0,0.026600985221674877,0.9428571428571428,False,False,False,True,False,False,False,-1,Active
,50.5,1.76,192.0,156.0,72.0,1.25,768.0,12.8,1.7,4.0,2.0,16.06,16.302944214876035,Medium,614.4,120.0,0.033663366336633666,0.8125,True,False,False,False,False,False,False,0,Active
41.0,66.2,1.83,196.0,126.0,74.0,1.6,993.0,20.2,2.5,5.0,1.0,24.37,19.767684911463466,Long,620.625,122.0,0.0377643504531722,0.6428571428571429,False,False,False,True,False,False,False,2,Moderate
37.0,77.5,1.5,175.0,142.0,70.0,1.58,1141.0,21.2,1.8,3.0,,12.32,34.44444444444444,Long,722.1518987341772,105.0,0.023225806451612905,0.8114285714285714,False,False,False,True,False,False,False,-1,Active
30.0,119.6,1.72,191.0,150.0,74.0,1.77,1006.0,13.1,2.2,4.0,3.0,13.32,40.427257977285024,Long,568.361581920904,117.0,0.01839464882943144,0.7853403141361257,False,False,False,True,False,False,False,0,Active
38.0,40.0,1.5,172.0,169.0,59.0,1.52,1107.0,24.9,2.8,3.0,1.0,36.71,17.77777777777778,Long,728.2894736842105,113.0,0.06999999999999999,0.9825581395348837,True,True,False,False,False,False,False,-1,Active
18.0,82.3,1.74,198.0,155.0,55.0,1.38,1368.0,26.0,3.3,2.0,3.0,17.15,27.183247456731404,Medium,991.304347826087,143.0,0.040097205346294046,0.7828282828282829,True,False,True,False,False,False,False,1,Active
54.0,71.2,1.7,190.0,120.0,58.0,1.21,708.0,14.4,3.1,4.0,2.0,12.46,24.636678200692046,Medium,585.1239669421487,132.0,0.04353932584269663,0.631578947368421,True,False,False,False,False,False,False,-1,Active
34.0,53.0,1.92,199.0,134.0,68.0,1.12,790.0,19.8,3.5,4.0,3.0,16.18,14.37717013888889,Medium,705.3571428571428,131.0,0.0660377358490566,0.6733668341708543,True,False,True,False,False,False,False,-1,Active
56.0,45.7,1.96,192.0,153.0,71.0,2.0,868.0,11.4,2.0,4.0,2.0,21.34,11.896084964598085,Long,434.0,121.0,0.0437636761487965,0.796875,False,False,False,True,False,False,False,0,Active
18.0,79.6,1.75,168.0,125.0,54.0,1.26,682.0,25.1,2.4,3.0,2.0,12.32,25.991836734693877,Medium,541.2698412698413,114.0,0.030150753768844223,0.7440476190476191,False,True,False,False,False,False,False,0,Active
42.0,105.3,1.67,175.0,143.0,74.0,1.1,1115.0,25.4,3.3,3.0,1.0,12.32,37.75682168596938,Medium,1013.6363636363635,101.0,0.03133903133903134,0.8171428571428572,False,False,True,False,False,False,False,-1,Active
31.0,84.5,1.56,194.0,124.0,70.0,1.31,734.0,23.6,3.3,2.0,2.0,21.57,34.72222222222222,Medium,560.3053435114504,124.0,0.03905325443786982,0.6391752577319587,True,False,True,False,False,False,False,-1,Active
50.0,98.6,1.54,187.0,126.0,57.0,0.72,940.0,23.5,1.6,3.0,1.0,12.32,41.57530780907404,Short,1305.5555555555557,130.0,0.01622718052738337,0.6737967914438503,True,False,True,False,False,False,False,-1,Active
27.0,55.4,1.72,186.0,153.0,74.0,2.0,1281.0,10.9,2.4,4.0,2.0,14.56,18.726338561384534,Long,640.5,112.0,0.04332129963898917,0.8225806451612904,True,False,False,False,True,False,False,0,Active
41.0,40.0,1.77,168.0,154.0,74.0,1.14,628.0,19.9,3.4,5.0,1.0,24.52,12.767723195761114,Medium,550.8771929824562,94.0,0.08499999999999999,0.9166666666666666,False,True,False,False,False,False,False,-1,Active
26.0,63.9,1.75,199.0,121.0,72.0,2.0,638.0,23.6,3.4,4.0,2.0,23.96,20.865306122448978,Long,319.0,127.0,0.053208137715179966,0.6080402010050251,False,True,False,False,False,False,False,-1,Active
31.0,40.0,2.0,192.0,134.0,55.0,1.44,1116.0,12.0,2.6,2.0,2.0,21.2,10.0,Medium,775.0,137.0,0.065,0.6979166666666666,False,False,True,False,False,False,False,-1,Active
27.0,91.9,1.5,185.0,154.0,60.0,1.08,825.0,28.8,3.2,5.0,2.0,21.07,40.84444444444445,Medium,763.8888888888888,125.0,0.03482045701849837,0.8324324324324325,True,True,False,False,False,False,False,0,Active
20.0,42.4,1.69,198.0,129.0,58.0,0.77,1030.0,28.1,1.5,,1.0,20.39,14.845418577780892,Medium,1337.6623376623377,140.0,0.03537735849056604,0.6515151515151515,False,True,False,False,False,False,False,-1,Active
21.0,76.8,1.52,191.0,140.0,66.0,1.08,702.0,21.0,3.6,3.0,2.0,25.59,33.24099722991689,Medium,650.0,125.0,0.046875,0.7329842931937173,True,False,False,False,False,False,False,-1,Active
47.0,70.7,1.66,195.0,169.0,60.0,1.25,1033.0,16.7,3.5,4.0,2.0,14.61,25.656844244447672,Medium,826.4,135.0,0.0495049504950495,0.8666666666666667,False,False,False,False,False,False,True,0,Active
33.0,40.0,1.88,196.0,162.0,58.0,1.59,1131.0,30.4,2.6,3.0,1.0,21.91,11.317338162064283,Long,711.3207547169811,138.0,0.065,0.826530612244898,True,False,False,True,False,False,False,0,Active
59.0,40.0,1.56,163.0,167.0,74.0,1.59,722.0,23.7,3.2,4.0,3.0,12.32,16.43655489809336,Long,454.08805031446536,89.0,0.08,1.0245398773006136,True,False,False,False,False,False,False,-1,Active
43.0,46.8,1.67,178.0,141.0,64.0,1.03,1403.0,26.1,3.2,3.0,1.0,14.13,16.780809638208613,Medium,1362.135922330097,114.0,0.06837606837606838,0.7921348314606742,True,False,False,False,False,False,False,0,Active
27.0,100.7,1.75,163.0,166.0,61.0,1.28,1159.0,28.1,3.7,3.0,1.0,12.32,32.881632653061224,Medium,905.46875,102.0,0.036742800397219465,1.01840490797546,True,False,False,False,False,False,False,-1,Active
44.0,73.4,1.59,199.0,152.0,72.0,0.94,721.0,23.0,2.2,4.0,1.0,33.25,29.033661643131204,Medium,767.0212765957448,127.0,0.02997275204359673,0.7638190954773869,False,False,False,False,False,False,False,-1,Active
22.0,63.4,1.83,196.0,169.0,71.0,1.66,466.0,28.0,3.4,2.0,3.0,24.61,18.931589477141745,Long,280.72289156626505,125.0,0.05362776025236593,0.8622448979591837,True,False,False,False,False,False,False,-1,Active
19.0,129.9,1.71,161.0,169.0,56.0,2.0,443.0,29.6,2.4,4.0,2.0,12.32,44.42392531035191,Long,221.5,105.0,0.018475750577367205,1.049689440993789,False,False,False,True,False,False,False,-1,Active
24.0,48.3,1.73,193.0,136.0,62.0,1.98,1404.0,22.0,3.5,3.0,1.0,13.22,16.13819372514952,Long,709.0909090909091,131.0,0.07246376811594203,0.7046632124352331,False,False,True,False,False,False,False,-1,Active
45.0,80.5,1.89,183.0,134.0,74.0,1.02,1311.0,24.6,1.9,4.0,1.0,12.32,22.535763276504017,Medium,1285.2941176470588,109.0,0.023602484472049687,0.73224043715847,False,True,False,False,False,False,False,-1,Active
35.0,42.9,1.51,163.0,131.0,74.0,2.0,526.0,15.3,3.3,5.0,,13.74,18.814964255953686,Long,263.0,89.0,0.07692307692307693,0.803680981595092,False,False,False,False,False,False,False,-1,Active
18.0,74.6,1.88,177.0,166.0,53.0,2.0,1010.0,18.0,2.2,5.0,1.0,30.5,21.106835672249886,Long,505.0,124.0,0.02949061662198392,0.9378531073446328,True,False,False,False,False,False,False,-1,Active
21.0,66.7,1.93,175.0,166.0,63.0,1.26,949.0,27.8,3.4,2.0,2.0,13.53,17.906520980429008,Medium,753.1746031746031,112.0,0.05097451274362818,0.9485714285714286,True,False,False,True,False,False,False,-1,Active
31.0,55.0,1.6,172.0,164.0,53.0,1.85,1361.0,20.6,3.4,4.0,1.0,16.04,21.484374999999996,Long,735.6756756756756,119.0,0.061818181818181814,0.9534883720930233,False,False,True,False,False,False,False,-1,Active
46.0,65.7,1.75,192.0,135.0,59.0,1.31,881.0,10.0,2.7,2.0,1.0,31.78,21.453061224489797,Medium,672.5190839694657,133.0,0.0410958904109589,0.703125,True,False,True,False,False,False,False,-1,Active
53.0,84.7,1.61,193.0,158.0,72.0,2.0,478.0,25.6,2.4,3.0,1.0,18.57,32.67620847961113,Long,239.0,121.0,0.028335301062573787,0.8186528497409327,False,False,False,True,False,False,False,-1,Active
18.0,80.4,1.97,172.0,137.0,74.0,1.62,617.0,22.4,3.4,3.0,1.0,16.91,20.716844031023733,Long,380.86419753086415,98.0,0.04228855721393034,0.7965116279069767,False,False,True,False,False,False,False,0,Active
18.0,63.4,1.85,191.0,148.0,69.0,0.89,1106.0,21.4,2.3,5.0,3.0,15.64,18.524470416362306,Medium,1242.6966292134832,122.0,0.0362776025236593,0.774869109947644,False,False,True,False,False,False,False,-1,Active
48.0,61.8,1.71,172.0,140.0,62.0,1.37,1266.0,28.6,3.6,4.0,1.0,23.64,21.134708115317533,Medium,924.0875912408759,110.0,0.05825242718446602,0.813953488372093,False,False,False,False,False,False,False,0,Active
53.0,64.4,1.58,198.0,158.0,74.0,1.82,1144.0,27.2,3.0,2.0,1.0,18.33,25.797147892965867,Long,628.5714285714286,124.0,0.046583850931677016,0.797979797979798,False,False,False,True,False,False,False,0,Active
25.0,44.2,1.9,174.0,159.0,50.0,1.1,1293.0,25.7,2.5,4.0,2.0,19.26,12.243767313019392,Medium,1175.4545454545453,124.0,0.05656108597285067,0.9137931034482759,True,False,False,True,False,False,False,0,Active
18.0,43.1,1.75,183.0,138.0,53.0,1.95,437.0,19.1,3.6,2.0,2.0,18.14,14.073469387755102,Long,224.10256410256412,130.0,0.08352668213457076,0.7540983606557377,False,False,False,False,False,False,False,-1,Active
18.0,92.1,1.59,171.0,150.0,54.0,1.17,968.0,21.8,2.4,5.0,2.0,25.66,36.43052094458288,Medium,827.3504273504274,117.0,0.026058631921824105,0.8771929824561403,True,False,False,True,False,False,False,-1,Active
31.0,58.7,1.66,183.0,149.0,74.0,1.15,1368.0,23.1,2.3,4.0,1.0,12.32,21.302075772971406,Medium,1189.5652173913045,109.0,0.03918228279386712,0.8142076502732241,True,False,False,False,False,False,False,-1,Active
59.0,44.5,1.84,183.0,154.0,71.0,1.28,787.0,26.5,1.7,2.0,2.0,20.22,13.143903591682419,Medium,614.84375,112.0,0.038202247191011236,0.8415300546448088,False,False,False,False,False,False,False,0,Active
44.0,84.8,2.0,196.0,155.0,70.0,1.66,1439.0,12.1,1.7,2.0,1.0,14.34,21.2,Long,866.8674698795181,126.0,0.020047169811320754,0.7908163265306123,False,True,False,False,False,False,False,-1,Active
57.0,80.0,1.79,167.0,127.0,54.0,1.01,312.0,24.3,2.6,4.0,2.0,13.16,24.968009737523797,Medium,308.91089108910893,113.0,0.0325,0.7604790419161677,False,False,False,True,False,False,False,0,Active
20.0,87.1,1.91,186.0,150.0,51.0,1.39,1431.0,27.0,2.8,3.0,3.0,21.51,23.875442010909786,Medium,1029.4964028776978,135.0,0.03214695752009185,0.8064516129032258,True,False,False,True,False,False,False,-1,Active
27.0,56.4,1.76,198.0,129.0,71.0,1.79,488.0,22.9,3.3,4.0,1.0,17.49,18.207644628099175,Long,272.6256983240223,127.0,0.05851063829787234,0.6515151515151515,True,True,False,False,False,False,False,-1,Active
32.0,58.4,2.0,179.0,139.0,60.0,1.21,1379.0,23.3,3.2,4.0,2.0,22.61,14.6,Medium,1139.6694214876034,119.0,0.05479452054794521,0.776536312849162,True,False,True,False,False,False,False,-1,Active
42.0,68.5,1.75,187.0,167.0,54.0,1.3,708.0,15.4,1.6,4.0,1.0,33.91,22.367346938775512,Medium,544.6153846153846,133.0,0.023357664233576644,0.893048128342246,False,False,False,False,False,False,False,-1,Active
55.0,67.1,1.58,199.0,122.0,71.0,1.86,960.0,21.7,1.5,4.0,2.0,28.07,26.878705335683378,Long,516.1290322580645,128.0,0.022354694485842028,0.6130653266331658,False,False,True,False,False,False,False,-1,Active
31.0,55.7,1.8,168.0,167.0,64.0,1.53,600.0,34.4,2.8,4.0,3.0,25.27,17.191358024691358,Long,392.156862745098,104.0,0.05026929982046678,0.9940476190476191,False,True,False,False,False,False,False,-1,Active
39.0,63.2,1.74,181.0,157.0,54.0,1.62,900.0,13.9,2.1,5.0,1.0,15.32,20.874620161183778,Long,555.5555555555555,127.0,0.03322784810126582,0.8674033149171271,False,False,True,False,False,False,False,-1,Active
40.0,64.6,1.55,198.0,133.0,74.0,1.39,303.0,21.4,1.5,2.0,2.0,16.91,26.888657648283033,Medium,217.9856115107914,124.0,0.02321981424148607,0.6717171717171717,False,False,True,False,False,False,False,2,Moderate
26.0,56.7,1.73,168.0,144.0,71.0,0.68,1129.0,25.5,3.4,3.0,1.0,19.65,18.944836112132045,Short,1660.2941176470588,97.0,0.059964726631393295,0.8571428571428571,False,False,True,False,False,False,False,0,Active
48.0,56.0,1.7,164.0,132.0,50.0,2.0,1148.0,26.6,3.1,2.0,2.0,19.44,19.377162629757787,Long,574.0,114.0,0.05535714285714286,0.8048780487804879,True,True,False,False,False,False,False,0,Active
54.0,74.9,1.69,195.0,153.0,62.0,1.1,1389.0,14.4,3.1,3.0,1.0,18.71,26.224571968768604,Medium,1262.7272727272725,133.0,0.04138851802403204,0.7846153846153846,False,False,False,True,False,False,False,-1,Active
18.0,43.0,1.95,163.0,164.0,68.0,2.0,1349.0,18.5,3.2,2.0,2.0,12.32,11.308349769888233,Long,674.5,95.0,0.07441860465116279,1.0061349693251533,False,False,True,False,False,False,False,-1,Active
59.0,70.2,1.77,172.0,124.0,68.0,1.47,1069.0,21.4,3.5,4.0,1.0,40.19,22.407354208560758,Medium,727.2108843537416,104.0,0.04985754985754986,0.7209302325581395,True,False,False,False,False,False,False,0,Active
23.0,96.5,1.8,187.0,155.0,68.0,0.92,1465.0,29.3,3.2,3.0,1.0,12.32,29.78395061728395,Medium,1592.391304347826,119.0,0.03316062176165803,0.8288770053475936,True,False,False,True,False,False,False,0,Active
30.0,56.6,2.0,184.0,125.0,52.0,1.29,918.0,28.9,3.3,2.0,1.0,23.89,14.15,Medium,711.6279069767442,132.0,0.05830388692579505,0.6793478260869565,True,False,False,False,False,False,False,-1,Active
38.0,40.0,1.88,164.0,154.0,70.0,1.63,1109.0,20.7,1.7,2.0,2.0,12.64,11.317338162064283,Long,680.3680981595093,94.0,0.042499999999999996,0.9390243902439024,False,False,False,True,False,False,False,-1,Active
48.0,81.9,1.8,180.0,165.0,67.0,1.25,1410.0,24.0,3.5,4.0,2.0,18.28,25.27777777777778,Medium,1128.0,113.0,0.04273504273504273,0.9166666666666666,False,False,False,False,False,False,False,0,Active
47.0,121.4,1.61,164.0,155.0,74.0,0.94,934.0,24.7,2.5,2.0,1.0,30.03,46.834612862158096,Medium,993.6170212765958,90.0,0.02059308072487644,0.9451219512195121,True,False,True,False,False,False,False,-1,Active
21.0,70.5,1.84,173.0,127.0,66.0,0.97,1013.0,26.7,1.6,5.0,3.0,25.59,20.823487712665404,Medium,1044.3298969072166,107.0,0.02269503546099291,0.7341040462427746,False,False,False,False,False,False,False,0,Active
23.0,70.5,1.65,192.0,162.0,50.0,0.63,1186.0,27.1,2.6,2.0,2.0,20.02,25.895316804407717,Short,1882.5396825396824,142.0,0.03687943262411348,0.84375,False,False,False,False,False,False,False,0,Active
46.0,54.8,1.69,194.0,148.0,74.0,0.52,846.0,16.5,3.5,3.0,3.0,22.85,19.18700325618851,Short,1626.923076923077,120.0,0.06386861313868614,0.7628865979381443,True,False,False,True,False,False,False,-1,Active
42.0,72.0,1.9,184.0,147.0,67.0,1.48,1047.0,15.6,3.4,3.0,1.0,24.6,19.94459833795014,Medium,707.4324324324324,117.0,0.04722222222222222,0.7989130434782609,True,False,False,True,False,False,False,0,Active
29.0,56.3,1.81,189.0,166.0,65.0,1.39,1066.0,14.3,2.9,3.0,1.0,22.34,17.18506761087879,Medium,766.9064748201439,124.0,0.05150976909413854,0.8783068783068783,True,False,True,False,False,False,False,0,Active
47.0,51.4,1.88,176.0,125.0,58.0,0.88,1133.0,24.0,3.3,3.0,3.0,14.3,14.542779538252603,Medium,1287.5,118.0,0.06420233463035019,0.7102272727272727,False,False,False,True,False,False,False,-1,Active
43.0,42.6,1.62,189.0,169.0,74.0,1.0,1213.0,13.6,3.5,2.0,,21.81,16.232281664380427,Medium,1213.0,115.0,0.08215962441314553,0.8941798941798942,True,False,True,False,False,False,False,-1,Active
18.0,73.0,1.78,161.0,131.0,50.0,2.0,1319.0,26.1,1.5,5.0,1.0,12.32,23.04002019946976,Long,659.5,111.0,0.02054794520547945,0.8136645962732919,True,False,True,False,False,False,False,-1,Active
50.0,87.9,1.68,192.0,151.0,71.0,2.0,494.0,15.5,3.1,3.0,3.0,31.28,31.143707482993204,Long,247.0,121.0,0.03526734926052332,0.7864583333333334,True,False,True,False,False,False,False,-1,Active
35.0,53.0,1.67,183.0,128.0,72.0,1.29,682.0,21.9,2.2,3.0,2.0,16.71,19.003908350962746,Medium,528.6821705426356,111.0,0.041509433962264156,0.6994535519125683,True,False,False,True,False,False,False,0,Active
43.0,46.3,1.61,190.0,136.0,69.0,2.0,1185.0,21.4,3.5,4.0,1.0,14.14,17.861965201959798,Long,592.5,121.0,0.0755939524838013,0.7157894736842105,False,False,False,True,False,False,False,0,Active
50.0,82.8,1.9,161.0,130.0,74.0,1.51,1151.0,16.8,3.3,4.0,3.0,28.59,22.93628808864266,Long,762.2516556291391,87.0,0.03985507246376811,0.8074534161490683,True,False,False,False,False,False,False,-1,Active
53.0,82.9,1.6,170.0,148.0,55.0,1.93,541.0,17.8,2.5,3.0,2.0,12.33,32.38281249999999,Long,280.31088082901556,115.0,0.030156815440289503,0.8705882352941177,False,True,False,False,False,False,False,0,Active
18.0,71.9,1.54,177.0,120.0,73.0,1.17,817.0,16.8,2.6,3.0,1.0,29.64,30.31708551189071,Medium,698.2905982905984,104.0,0.036161335187760775,0.6779661016949152,False,False,True,False,False,False,False,0,Active
27.0,41.0,1.82,171.0,138.0,53.0,1.47,1273.0,29.1,2.4,4.0,1.0,12.35,12.377732157951938,Medium,865.9863945578231,118.0,0.058536585365853655,0.8070175438596491,True,False,False,False,False,False,False,0,Active
18.0,81.9,1.79,178.0,160.0,60.0,1.24,1172.0,28.5,1.7,3.0,3.0,12.32,25.56099996878999,Medium,945.1612903225806,118.0,0.020757020757020756,0.898876404494382,False,False,False,False,False,False,False,-1,Active
18.0,67.7,1.69,192.0,123.0,57.0,1.44,1445.0,26.8,3.1,3.0,2.0,21.16,23.703651832919018,Medium,1003.4722222222223,135.0,0.04579025110782865,0.640625,True,False,False,False,False,False,False,-1,Active
31.0,47.4,1.73,178.0,150.0,57.0,1.64,962.0,28.8,2.0,4.0,3.0,20.91,15.837482040829963,Long,586.5853658536586,121.0,0.04219409282700422,0.8426966292134831,False,False,False,False,False,False,False,0,Active
18.0,71.1,1.84,189.0,127.0,74.0,0.85,1303.0,15.2,2.8,2.0,3.0,30.36,21.000708884688088,Medium,1532.9411764705883,115.0,0.03938115330520394,0.671957671957672,True,False,True,False,False,False,False,-1,Active
22.0,89.8,1.79,179.0,163.0,59.0,2.0,1098.0,28.2,1.7,3.0,1.0,12.32,28.026590930370464,Long,549.0,120.0,0.01893095768374165,0.9106145251396648,True,False,True,False,False,False,False,-1,Active
28.0,81.7,1.81,177.0,130.0,50.0,1.45,507.0,23.2,1.7,3.0,1.0,34.26,24.938188699978635,Medium,349.65517241379314,127.0,0.0208078335373317,0.7344632768361582,False,False,False,False,False,False,False,-1,Active
40.0,40.4,1.68,171.0,130.0,54.0,2.0,527.0,27.3,3.3,4.0,3.0,20.47,14.314058956916101,Long,263.5,117.0,0.08168316831683169,0.7602339181286549,True,False,True,False,False,False,False,-1,Active
56.0,40.0,1.63,181.0,133.0,50.0,0.89,1674.0,23.4,1.5,3.0,2.0,20.75,15.05513944822914,Medium,1880.8988764044943,131.0,0.0375,0.7348066298342542,True,False,False,True,False,False,False,2,Moderate
41.0,40.2,1.76,198.0,135.0,56.0,1.93,964.0,18.8,3.4,4.0,1.0,19.02,12.97778925619835,Long,499.4818652849741,142.0,0.08457711442786069,0.6818181818181818,True,False,True,False,False,False,False,-1,Active
47.0,49.9,1.74,190.0,120.0,65.0,1.97,406.0,29.4,1.5,5.0,2.0,16.01,16.481701677896684,Long,206.09137055837564,125.0,0.030060120240480964,0.631578947368421,True,True,False,False,False,False,False,2,Moderate
42.0,41.9,1.84,168.0,154.0,71.0,1.49,1029.0,30.6,2.6,4.0,2.0,22.97,12.37594517958412,Medium,690.6040268456376,97.0,0.06205250596658712,0.9166666666666666,True,False,False,False,False,False,False,-1,Active
26.0,40.0,1.72,164.0,169.0,58.0,0.89,1198.0,17.0,1.6,5.0,2.0,20.71,13.520822065981614,Medium,1346.067415730337,106.0,0.04,1.0304878048780488,True,True,False,False,False,False,False,-1,Active
18.0,47.3,1.75,196.0,169.0,56.0,1.32,706.0,29.0,1.9,2.0,2.0,30.5,15.444897959183672,Medium,534.8484848484849,140.0,0.04016913319238901,0.8622448979591837,True,False,False,False,False,False,False,0,Active
19.0,76.6,1.84,188.0,138.0,71.0,1.72,699.0,28.3,3.5,4.0,1.0,19.76,22.625236294896027,Long,406.3953488372093,117.0,0.04569190600522194,0.7340425531914894,False,True,False,False,False,False,False,0,Active
32.0,69.5,1.65,192.0,140.0,52.0,1.71,1163.0,29.8,3.5,4.0,1.0,15.8,25.528007346189167,Long,680.1169590643275,140.0,0.050359712230215826,0.7291666666666666,False,False,False,False,False,False,False,2,Moderate
46.0,68.6,1.63,177.0,150.0,58.0,2.0,1074.0,25.8,3.6,3.0,3.0,19.42,25.819564153712975,Long,537.0,119.0,0.05247813411078718,0.847457627118644,False,False,True,False,False,False,False,-1,Active
46.0,73.0,2.0,184.0,123.0,64.0,0.9,1159.0,10.0,3.4,5.0,3.0,14.91,18.25,Medium,1287.7777777777778,120.0,0.04657534246575342,0.6684782608695652,True,False,False,False,False,False,False,-1,Active
52.0,40.8,1.71,181.0,169.0,73.0,1.44,303.0,28.3,1.6,3.0,1.0,18.31,13.953011182928082,Medium,210.41666666666669,108.0,0.03921568627450981,0.9337016574585635,False,False,False,True,False,False,False,-1,Active
19.0,42.1,1.6,194.0,148.0,73.0,1.27,1305.0,12.7,3.3,2.0,2.0,16.65,16.445312499999996,Medium,1027.55905511811,121.0,0.07838479809976247,0.7628865979381443,True,False,False,False,False,False,False,-1,Active
34.0,40.0,1.82,176.0,141.0,66.0,1.34,1709.0,24.1,3.0,4.0,1.0,15.3,12.075836251660427,Medium,1275.3731343283582,110.0,0.075,0.8011363636363636,True,False,False,False,False,False,False,0,Active
18.0,67.1,1.71,174.0,165.0,74.0,1.84,577.0,27.1,2.7,4.0,3.0,24.9,22.94723162682535,Long,313.5869565217391,100.0,0.04023845007451565,0.9482758620689655,False,False,False,False,True,False,False,-1,Active
53.0,67.2,1.68,190.0,138.0,55.0,1.67,924.0,22.6,1.5,3.0,1.0,13.91,23.809523809523814,Long,553.2934131736528,135.0,0.022321428571428572,0.7263157894736842,True,False,False,False,False,False,False,-1,Active
29.0,72.1,2.0,166.0,124.0,67.0,2.0,1582.0,32.7,3.4,3.0,2.0,21.75,18.025,Long,791.0,99.0,0.047156726768377254,0.7469879518072289,True,False,True,False,False,False,False,-1,Active
49.0,62.0,1.87,195.0,125.0,74.0,1.04,842.0,20.0,3.5,3.0,1.0,22.02,17.72998941919986,Medium,809.6153846153846,121.0,0.056451612903225805,0.6410256410256411,False,True,False,False,False,False,False,-1,Active
52.0,71.3,1.84,197.0,126.0,73.0,1.22,765.0,29.2,1.8,2.0,,12.32,21.05978260869565,Medium,627.0491803278688,124.0,0.02524544179523142,0.6395939086294417,True,False,False,False,False,False,False,-1,Active
28.0,85.6,1.54,168.0,128.0,59.0,1.45,860.0,14.9,2.4,4.0,1.0,12.32,36.09377635351661,Medium,593.1034482758621,109.0,0.028037383177570093,0.7619047619047619,False,False,False,True,False,False,False,-1,Active
21.0,51.9,1.57,170.0,167.0,73.0,1.25,1082.0,27.5,1.6,3.0,2.0,18.89,21.055620917684287,Medium,865.6,97.0,0.03082851637764933,0.9823529411764705,True,False,True,False,False,False,False,-1,Active
33.0,92.8,1.59,161.0,150.0,52.0,1.19,1640.0,23.8,2.6,3.0,3.0,15.84,36.70740872592065,Medium,1378.1512605042017,109.0,0.028017241379310345,0.9316770186335404,True,False,False,False,False,False,False,0,Active
58.0,40.0,1.7,193.0,120.0,52.0,0.99,1178.0,21.2,2.5,5.0,1.0,12.32,13.84083044982699,Medium,1189.8989898989898,141.0,0.0625,0.6217616580310881,False,False,False,True,False,False,False,-1,Active
36.0,44.9,1.79,166.0,120.0,74.0,1.66,811.0,16.2,3.3,3.0,1.0,29.4,14.013295465185232,Long,488.5542168674699,92.0,0.07349665924276169,0.7228915662650602,False,True,False,False,False,False,False,0,Active
33.0,78.6,1.7,161.0,168.0,65.0,2.0,855.0,10.0,3.2,2.0,1.0,16.53,27.197231833910035,Long,427.5,96.0,0.04071246819338423,1.0434782608695652,True,False,False,False,False,False,False,-1,Active
42.0,54.0,1.69,179.0,169.0,53.0,1.19,458.0,25.7,3.3,3.0,3.0,14.91,18.906901018871892,Medium,384.87394957983196,126.0,0.06111111111111111,0.9441340782122905,False,False,False,False,False,False,False,-1,Active
29.0,53.8,1.66,163.0,133.0,64.0,2.0,1187.0,34.5,1.5,4.0,1.0,23.95,19.523878647118597,Long,593.5,99.0,0.02788104089219331,0.8159509202453987,True,False,True,False,False,False,False,-1,Active
26.0,91.7,1.58,167.0,120.0,52.0,1.65,1334.0,29.2,2.6,2.0,2.0,,36.732895369331835,Long,808.4848484848485,115.0,0.028353326063249727,0.718562874251497,False,False,False,False,False,False,False,0,Active
44.0,63.3,1.88,189.0,150.0,74.0,1.02,1184.0,16.5,3.5,4.0,1.0,13.03,17.90968764146673,Medium,1160.7843137254902,115.0,0.05529225908372828,0.7936507936507936,True,False,True,False,False,False,False,0,Active
42.0,98.1,1.73,165.0,120.0,69.0,1.52,477.0,21.7,1.9,2.0,2.0,15.29,32.77757359083163,Long,313.8157894736842,96.0,0.019367991845056064,0.7272727272727273,False,False,False,True,False,False,False,0,Active
56.0,40.0,1.85,194.0,158.0,67.0,1.43,1633.0,30.6,1.9,4.0,1.0,21.57,11.68736303871439,Medium,1141.958041958042,127.0,0.0475,0.8144329896907216,False,False,False,True,False,False,False,-1,Active
32.0,87.2,1.5,193.0,152.0,58.0,1.28,1538.0,23.2,2.1,3.0,3.0,16.29,38.75555555555556,Medium,1201.5625,135.0,0.02408256880733945,0.7875647668393783,True,False,False,False,False,False,False,0,Active
31.0,64.8,1.71,174.0,164.0,57.0,1.64,857.0,26.2,2.7,4.0,,23.64,22.1606648199446,Long,522.5609756097562,117.0,0.04166666666666667,0.9425287356321839,True,True,False,False,False,False,False,-1,Active
48.0,51.6,1.8,181.0,161.0,68.0,0.82,1487.0,22.5,1.9,4.0,2.0,13.29,15.925925925925926,Medium,1813.4146341463415,113.0,0.036821705426356585,0.8895027624309392,True,False,False,False,False,False,False,-1,Active
21.0,69.4,1.85,177.0,153.0,74.0,1.55,879.0,10.0,2.4,3.0,2.0,17.58,20.277574872169467,Long,567.0967741935484,103.0,0.034582132564841495,0.864406779661017,True,False,True,False,False,False,False,0,Active
38.0,77.4,1.54,169.0,149.0,50.0,2.0,867.0,29.0,3.6,5.0,2.0,13.58,32.636194973857314,Long,433.5,119.0,0.046511627906976744,0.8816568047337278,False,False,True,False,False,False,False,0,Active
58.0,76.3,1.56,190.0,145.0,72.0,2.0,913.0,,3.3,3.0,3.0,16.67,31.352728468113078,Long,456.5,118.0,0.043250327653997375,0.7631578947368421,False,False,True,False,False,False,False,-1,Active
42.0,82.3,1.94,198.0,132.0,57.0,1.46,1050.0,10.0,3.2,3.0,2.0,20.23,21.867361037304708,Medium,719.1780821917808,141.0,0.03888213851761847,0.6666666666666666,False,False,False,True,False,False,False,-1,Active
40.0,95.5,1.84,196.0,144.0,68.0,1.94,1568.0,26.7,3.7,3.0,1.0,17.55,28.207703213610586,Long,808.2474226804123,128.0,0.0387434554973822,0.7346938775510204,False,False,False,True,False,False,False,-1,Active
19.0,60.7,1.7,183.0,128.0,74.0,1.22,817.0,20.9,2.8,4.0,1.0,35.87,21.00346020761246,Medium,669.672131147541,109.0,0.046128500823723224,0.6994535519125683,True,False,True,False,False,False,False,0,Active
34.0,40.0,1.88,188.0,131.0,54.0,1.29,840.0,11.9,1.9,3.0,3.0,18.81,11.317338162064283,Medium,651.1627906976744,134.0,0.0475,0.6968085106382979,True,False,False,False,False,False,False,-1,Active
37.0,63.1,1.84,185.0,158.0,56.0,1.3,1248.0,31.9,3.5,3.0,1.0,26.39,18.637759924385634,Medium,960.0,129.0,0.0554675118858954,0.8540540540540541,False,True,False,False,False,False,False,0,Active
51.0,55.7,1.5,188.0,143.0,58.0,1.19,1302.0,27.7,2.0,3.0,1.0,28.28,24.755555555555556,Medium,1094.1176470588236,130.0,0.03590664272890485,0.7606382978723404,False,True,False,False,False,False,False,-1,Active
52.0,53.1,1.55,184.0,167.0,50.0,1.95,1205.0,14.6,3.5,5.0,1.0,12.32,22.10197710718002,Long,617.948717948718,134.0,0.06591337099811675,0.907608695652174,True,False,True,False,False,False,False,0,Active
52.0,65.8,1.82,168.0,167.0,71.0,1.15,751.0,17.1,1.5,3.0,1.0,32.86,19.8647506339814,Medium,653.0434782608696,97.0,0.022796352583586626,0.9940476190476191,False,False,True,False,False,False,False,-1,Active
35.0,40.4,1.71,176.0,130.0,70.0,1.97,1110.0,17.0,3.6,4.0,3.0,29.32,13.816216955644473,Long,563.4517766497462,106.0,0.08910891089108912,0.7386363636363636,False,True,False,False,False,False,False,-1,Active
45.0,40.0,1.75,194.0,120.0,50.0,1.67,1296.0,28.8,1.9,3.0,3.0,26.88,13.061224489795919,Long,776.0479041916168,144.0,0.0475,0.6185567010309279,True,False,False,True,False,False,False,-1,Active
31.0,40.0,2.0,176.0,162.0,69.0,1.45,949.0,26.9,3.2,3.0,2.0,30.36,10.0,Medium,654.4827586206897,107.0,0.08,0.9204545454545454,True,False,False,False,False,False,False,-1,Active
27.0,40.0,1.68,166.0,128.0,59.0,1.6,1112.0,10.0,2.6,4.0,2.0,19.67,14.172335600907031,Long,695.0,107.0,0.065,0.7710843373493976,True,False,False,True,False,False,False,0,Active
18.0,73.0,1.89,172.0,153.0,56.0,1.19,596.0,15.6,3.4,5.0,1.0,17.22,20.43615800229557,Medium,500.8403361344538,116.0,0.04657534246575342,0.8895348837209303,True,False,False,False,False,False,False,0,Active
35.0,127.6,1.65,174.0,156.0,56.0,1.9,1084.0,20.4,3.4,5.0,1.0,15.36,46.86868686868687,Long,570.5263157894738,118.0,0.02664576802507837,0.896551724137931,False,True,False,False,False,False,False,-1,Active
18.0,40.0,1.68,178.0,147.0,71.0,2.0,831.0,17.3,3.5,4.0,1.0,24.89,14.172335600907031,Long,415.5,107.0,0.0875,0.8258426966292135,False,True,False,False,False,False,False,-1,Active
19.0,43.6,1.7,168.0,126.0,55.0,1.42,685.0,23.9,1.5,4.0,3.0,19.35,15.08650519031142,Medium,482.3943661971831,113.0,0.034403669724770644,0.75,False,True,False,False,False,False,False,0,Active
24.0,54.0,1.71,191.0,169.0,71.0,1.23,730.0,29.0,2.7,2.0,2.0,15.39,18.467220683287167,Medium,593.4959349593496,120.0,0.05,0.8848167539267016,True,False,False,False,False,False,False,0,Active
44.0,53.1,1.64,160.0,160.0,74.0,1.65,749.0,27.0,3.2,,2.0,27.79,19.742712671029153,Long,453.93939393939394,86.0,0.06026365348399247,1.0,True,False,False,False,False,False,False,-1,Active
21.0,87.8,1.88,195.0,133.0,74.0,1.95,621.0,19.9,3.4,3.0,3.0,20.22,24.8415572657311,Long,318.46153846153845,121.0,0.0387243735763098,0.6820512820512821,False,True,False,False,False,False,False,-1,Active
38.0,82.7,2.0,178.0,138.0,72.0,1.46,1219.0,25.8,3.6,4.0,1.0,24.74,20.675,Medium,834.931506849315,106.0,0.04353083434099154,0.7752808988764045,True,False,False,True,False,False,False,0,Active
33.0,84.0,1.7,194.0,156.0,73.0,0.5,580.0,20.5,2.5,3.0,3.0,13.38,29.065743944636683,Short,1160.0,121.0,0.02976190476190476,0.8041237113402062,True,False,False,False,False,False,False,0,Active
18.0,58.4,1.87,167.0,168.0,74.0,1.42,1306.0,26.9,3.2,2.0,1.0,17.66,16.700506162601158,Medium,919.7183098591549,93.0,0.05479452054794521,1.0059880239520957,False,False,False,False,False,False,False,-1,Active
48.0,63.8,1.79,185.0,135.0,71.0,1.69,1242.0,29.7,1.5,4.0,1.0,25.54,19.911987765675228,Long,734.9112426035504,114.0,0.023510971786833857,0.7297297297297297,True,True,False,False,False,False,False,-1,Active
45.0,94.6,1.69,178.0,147.0,56.0,1.95,1105.0,29.9,1.8,2.0,2.0,15.15,33.122089562690384,Long,566.6666666666666,122.0,0.019027484143763214,0.8258426966292135,True,False,False,True,False,False,False,-1,Active
21.0,40.0,1.58,165.0,134.0,69.0,1.05,624.0,29.2,1.7,3.0,1.0,12.47,16.023073225444637,Medium,594.2857142857142,96.0,0.042499999999999996,0.8121212121212121,False,False,True,False,False,False,False,-1,Active
59.0,71.1,1.73,184.0,125.0,66.0,1.07,691.0,25.2,2.6,2.0,3.0,34.41,23.756223061244942,Medium,645.7943925233644,118.0,0.036568213783403664,0.6793478260869565,False,False,False,False,False,False,False,1,Active
19.0,116.6,1.72,187.0,126.0,70.0,1.1,779.0,23.8,2.6,3.0,2.0,16.61,39.4131963223364,Medium,708.1818181818181,117.0,0.022298456260720415,0.6737967914438503,False,False,True,False,False,False,False,-1,Active
36.0,55.0,1.77,161.0,142.0,74.0,1.04,1564.0,19.8,3.2,2.0,2.0,21.97,17.555619394171533,Medium,1503.8461538461538,87.0,0.05818181818181818,0.8819875776397516,False,False,False,False,False,False,False,-1,Active
22.0,48.6,1.72,177.0,156.0,70.0,1.39,708.0,25.4,3.4,3.0,1.0,20.42,16.427798810167662,Medium,509.35251798561154,107.0,0.06995884773662552,0.8813559322033898,False,False,False,True,False,False,False,0,Active
42.0,57.3,1.73,194.0,153.0,65.0,1.97,1132.0,22.2,3.2,4.0,1.0,19.54,19.14531056834508,Long,574.6192893401015,129.0,0.05584642233856894,0.788659793814433,True,False,True,False,False,False,False,0,Active
36.0,55.9,1.76,181.0,169.0,74.0,1.91,474.0,18.2,1.5,5.0,1.0,12.32,18.046229338842974,Long,248.1675392670157,107.0,0.026833631484794278,0.9337016574585635,False,False,True,False,False,False,False,-1,Active
41.0,73.2,2.0,179.0,161.0,58.0,1.06,758.0,17.6,1.8,2.0,1.0,18.61,18.3,Medium,715.0943396226414,121.0,0.02459016393442623,0.8994413407821229,True,True,False,False,False,False,False,-1,Active
24.0,91.8,1.82,171.0,140.0,52.0,2.0,1065.0,16.1,2.7,4.0,2.0,24.37,27.71404419756068,Long,532.5,119.0,0.029411764705882356,0.8187134502923976,False,False,True,False,False,False,False,0,Active
42.0,47.7,1.72,183.0,150.0,57.0,1.95,782.0,31.4,3.1,3.0,,14.27,16.123580313683075,Long,401.02564102564105,126.0,0.0649895178197065,0.819672131147541,False,False,False,True,False,False,False,0,Active
55.0,51.9,1.64,171.0,150.0,68.0,1.05,1619.0,22.8,2.2,5.0,3.0,25.06,19.296549672813804,Medium,1541.904761904762,103.0,0.04238921001926783,0.8771929824561403,False,False,True,False,False,False,False,-1,Active
36.0,60.1,1.78,186.0,169.0,51.0,1.46,1108.0,35.0,2.0,3.0,1.0,16.06,18.9685645751799,Medium,758.9041095890411,135.0,0.033277870216306155,0.9086021505376344,True,False,False,False,False,False,False,-1,Active
18.0,40.0,1.56,196.0,149.0,56.0,0.79,1027.0,27.6,1.9,2.0,1.0,12.98,16.43655489809336,Medium,1300.0,140.0,0.0475,0.7602040816326531,False,False,True,False,False,False,False,-1,Active
23.0,64.7,2.0,184.0,169.0,55.0,1.46,860.0,32.4,2.5,5.0,2.0,20.45,16.175,Medium,589.0410958904109,129.0,0.03863987635239567,0.9184782608695652,False,False,True,False,False,False,False,0,Active
24.0,73.0,1.61,188.0,131.0,60.0,0.56,864.0,27.4,3.6,2.0,2.0,12.36,28.162493730951734,Short,1542.8571428571427,128.0,0.049315068493150684,0.6968085106382979,True,False,False,True,False,False,False,-1,Active
48.0,79.1,1.63,168.0,135.0,53.0,1.15,1302.0,35.0,3.3,4.0,1.0,27.86,29.77153825887312,Medium,1132.1739130434783,115.0,0.041719342604298354,0.8035714285714286,False,False,False,True,False,False,False,0,Active
47.0,82.2,1.72,174.0,126.0,70.0,1.15,1211.0,25.0,3.7,2.0,3.0,12.4,27.785289345592215,Medium,1053.0434782608697,104.0,0.045012165450121655,0.7241379310344828,False,False,False,True,False,False,False,-1,Active
54.0,40.0,1.79,162.0,162.0,54.0,2.0,444.0,16.9,2.3,5.0,3.0,22.6,12.484004868761899,Long,222.0,108.0,0.057499999999999996,1.0,True,False,False,True,False,False,False,-1,Active
33.0,60.7,1.57,179.0,135.0,69.0,1.24,964.0,26.0,2.9,3.0,1.0,15.19,24.62574546634752,Medium,777.4193548387096,110.0,0.04777594728171334,0.7541899441340782,False,True,False,False,False,False,False,0,Active
29.0,48.9,1.7,194.0,145.0,55.0,1.12,487.0,33.9,2.2,5.0,2.0,28.96,16.920415224913498,Medium,434.82142857142856,139.0,0.044989775051124746,0.7474226804123711,False,False,False,False,False,False,False,-1,Active
50.0,76.4,1.54,172.0,133.0,71.0,1.3,1311.0,25.2,2.1,3.0,1.0,33.64,32.214538708045204,Medium,1008.4615384615385,101.0,0.027486910994764396,0.7732558139534884,False,False,True,False,False,False,False,-1,Active
49.0,95.6,1.67,164.0,134.0,74.0,1.71,466.0,26.0,1.8,3.0,2.0,14.67,34.278747893434684,Long,272.51461988304095,90.0,0.01882845188284519,0.8170731707317073,False,False,False,False,False,False,False,-1,Active
25.0,85.1,1.98,185.0,148.0,58.0,1.29,785.0,22.5,3.5,4.0,1.0,14.37,21.706968676665646,Medium,608.5271317829457,127.0,0.041128084606345476,0.8,False,False,False,True,False,False,False,0,Active
34.0,72.9,1.71,164.0,122.0,73.0,1.78,432.0,27.8,1.5,2.0,2.0,20.67,24.93074792243768,Long,242.69662921348313,91.0,0.0205761316872428,0.7439024390243902,False,True,False,False,False,False,False,0,Active
30.0,42.2,1.63,177.0,134.0,74.0,2.0,685.0,26.4,3.7,3.0,2.0,28.27,15.883172117881744,Long,342.5,103.0,0.08767772511848342,0.7570621468926554,False,False,False,True,False,False,False,-1,Active
49.0,40.0,1.76,193.0,124.0,72.0,1.3,1196.0,11.2,2.2,4.0,2.0,16.86,12.913223140495868,Medium,920.0,121.0,0.05500000000000001,0.6424870466321243,True,False,False,False,False,False,False,-1,Active
18.0,51.8,1.58,164.0,164.0,51.0,0.84,1110.0,25.8,3.5,3.0,3.0,16.04,20.749879826950806,Medium,1321.4285714285716,113.0,0.06756756756756757,1.0,True,False,False,False,False,False,False,-1,Active
22.0,64.6,2.0,196.0,137.0,73.0,0.85,704.0,21.4,2.5,3.0,3.0,22.43,16.15,Medium,828.2352941176471,123.0,0.03869969040247678,0.6989795918367347,True,True,False,False,False,False,False,-1,Active
47.0,66.5,1.79,193.0,155.0,51.0,0.69,1656.0,24.0,2.8,5.0,1.0,16.95,20.754658094316657,Short,2400.0,142.0,0.042105263157894736,0.8031088082901554,True,False,False,False,False,False,False,-1,Active
54.0,55.2,1.8,168.0,137.0,55.0,2.0,1472.0,27.0,3.1,4.0,2.0,23.47,17.037037037037038,Long,736.0,113.0,0.05615942028985507,0.8154761904761905,True,True,False,False,False,False,False,0,Active
49.0,105.3,1.83,165.0,150.0,70.0,1.53,699.0,31.4,3.7,3.0,1.0,39.35,31.44316044074173,Long,456.8627450980392,95.0,0.035137701804368475,0.9090909090909091,False,False,True,False,False,False,False,-1,Active
18.0,74.1,1.76,170.0,135.0,62.0,1.24,1214.0,13.7,2.5,3.0,2.0,13.25,23.921745867768593,Medium,979.0322580645161,108.0,0.033738191632928474,0.7941176470588235,True,False,False,False,False,False,False,0,Active
46.0,40.0,1.75,170.0,142.0,63.0,0.96,919.0,22.3,2.4,4.0,2.0,12.41,13.061224489795919,Medium,957.2916666666667,107.0,0.06,0.8352941176470589,False,False,False,False,False,False,False,0,Active
18.0,91.1,1.76,197.0,162.0,59.0,1.52,1362.0,28.8,3.4,3.0,1.0,14.34,29.409865702479337,Long,896.0526315789474,138.0,0.03732162458836444,0.8223350253807107,True,False,False,False,False,False,False,-1,Active
21.0,49.2,1.64,177.0,164.0,53.0,0.58,1114.0,23.3,2.9,3.0,1.0,23.08,18.292682926829272,Short,1920.689655172414,124.0,0.058943089430894303,0.9265536723163842,False,True,False,False,False,False,False,0,Active
48.0,40.0,1.77,180.0,127.0,54.0,1.48,1460.0,27.2,2.4,5.0,3.0,18.51,12.767723195761114,Medium,986.4864864864865,126.0,0.06,0.7055555555555556,False,True,False,False,False,False,False,-1,Active
48.0,60.0,1.92,165.0,140.0,72.0,2.0,1751.0,11.1,1.5,2.0,2.0,32.68,16.276041666666668,Long,875.5,93.0,0.025,0.8484848484848485,False,True,False,False,False,False,False,-1,Active
51.0,46.2,1.73,192.0,169.0,62.0,1.55,1389.0,32.8,1.7,,3.0,14.87,15.43653312840389,Long,896.1290322580645,130.0,0.03679653679653679,0.8802083333333334,False,False,False,False,False,False,False,0,Active
36.0,68.2,1.91,188.0,131.0,69.0,2.0,1162.0,33.1,1.5,3.0,3.0,,18.69466297524739,Long,581.0,119.0,0.0219941348973607,0.6968085106382979,True,False,True,False,False,False,False,0,Active
44.0,56.1,1.68,191.0,152.0,69.0,1.8,1223.0,15.4,2.6,4.0,2.0,17.28,19.876700680272112,Long,679.4444444444445,122.0,0.04634581105169341,0.7958115183246073,True,False,True,False,False,False,False,0,Active
51.0,65.8,1.62,191.0,169.0,74.0,1.36,1073.0,28.2,3.5,2.0,,21.21,25.072397500381033,Medium,788.970588235294,117.0,0.05319148936170213,0.8848167539267016,True,True,False,False,False,False,False,0,Active
45.0,59.5,1.61,194.0,121.0,55.0,1.3,741.0,24.5,2.0,4.0,3.0,21.71,22.954361328652443,Medium,570.0,139.0,0.03361344537815126,0.6237113402061856,True,False,False,False,False,False,False,-1,Active
58.0,73.5,1.93,175.0,169.0,61.0,1.45,1019.0,14.0,2.7,2.0,2.0,14.74,19.732073344250853,Medium,702.7586206896552,114.0,0.036734693877551024,0.9657142857142857,True,True,False,False,False,False,False,-1,Active
21.0,54.7,1.56,191.0,157.0,55.0,1.13,682.0,25.2,1.5,4.0,2.0,,22.47698882314267,Medium,603.5398230088496,136.0,0.027422303473491772,0.8219895287958116,True,False,False,False,False,True,False,-1,Active
18.0,52.1,1.73,183.0,135.0,74.0,1.4,1141.0,23.9,3.1,3.0,1.0,12.32,17.407865281165424,Medium,815.0,109.0,0.05950095969289827,0.7377049180327869,False,False,False,False,False,False,False,0,Active
59.0,60.6,1.92,180.0,168.0,55.0,1.46,1046.0,24.6,2.0,3.0,3.0,30.51,16.438802083333336,Medium,716.4383561643835,125.0,0.033003300330033,0.9333333333333333,False,False,False,False,False,False,False,0,Active
20.0,104.3,1.79,197.0,158.0,72.0,1.3,933.0,23.4,3.2,2.0,3.0,16.4,32.55204269529665,Medium,717.6923076923076,125.0,0.03068072866730585,0.8020304568527918,False,False,True,False,False,False,False,-1,Active
52.0,47.8,1.79,168.0,144.0,68.0,0.95,715.0,27.3,2.4,5.0,3.0,17.21,14.918385818170469,Medium,752.6315789473684,100.0,0.0502092050209205,0.8571428571428571,True,False,False,False,False,False,False,-1,Active
18.0,51.1,1.83,180.0,130.0,57.0,1.05,939.0,17.0,3.0,3.0,2.0,16.85,15.258741676371343,Medium,894.2857142857142,123.0,0.05870841487279843,0.7222222222222222,False,False,True,False,False,False,False,1,Active
34.0,62.5,1.87,185.0,167.0,73.0,0.96,1353.0,29.6,2.3,4.0,1.0,31.91,17.87297320483857,Medium,1409.375,112.0,0.0368,0.9027027027027027,True,False,False,False,False,False,False,-1,Active
59.0,57.4,1.56,190.0,156.0,72.0,1.15,813.0,18.5,2.7,3.0,2.0,25.59,23.58645627876397,Medium,706.9565217391305,118.0,0.047038327526132406,0.8210526315789474,False,False,False,False,False,False,False,0,Active
37.0,108.7,1.55,163.0,122.0,68.0,1.19,1104.0,26.9,1.6,4.0,2.0,26.23,45.24453694068678,Medium,927.7310924369748,95.0,0.014719411223551058,0.7484662576687117,True,False,True,False,False,False,False,-1,Active
41.0,40.0,1.6,164.0,143.0,73.0,1.52,727.0,23.5,3.4,5.0,2.0,15.53,15.624999999999996,Long,478.2894736842105,91.0,0.08499999999999999,0.8719512195121951,False,False,False,True,False,False,False,-1,Active
53.0,65.2,1.72,196.0,152.0,50.0,1.87,1073.0,24.8,3.7,,1.0,22.39,22.03893996755003,Long,573.7967914438502,146.0,0.05674846625766871,0.7755102040816326,False,False,False,False,False,False,False,2,Moderate
23.0,90.0,1.58,172.0,164.0,60.0,0.78,682.0,25.0,3.2,4.0,1.0,12.32,36.05191475725044,Medium,874.3589743589744,112.0,0.035555555555555556,0.9534883720930233,True,False,True,False,False,False,False,-1,Active
48.0,84.1,1.69,187.0,136.0,56.0,1.68,758.0,22.2,2.3,3.0,3.0,16.11,29.445747697909738,Long,451.1904761904762,131.0,0.027348394768133173,0.7272727272727273,False,False,True,False,False,False,False,0,Active
43.0,57.8,1.57,190.0,142.0,56.0,1.39,698.0,21.3,1.6,4.0,1.0,20.73,23.44922714917441,Medium,502.158273381295,134.0,0.027681660899653984,0.7473684210526316,False,False,True,False,False,False,False,-1,Active
55.0,100.0,1.63,183.0,155.0,74.0,2.0,1256.0,10.5,2.4,3.0,2.0,12.32,37.63784862057285,Long,628.0,109.0,0.024,0.8469945355191257,False,False,False,False,False,False,False,-1,Active
30.0,61.9,1.55,181.0,150.0,72.0,1.93,1117.0,27.1,3.6,3.0,2.0,12.32,25.76482830385015,Long,578.7564766839379,109.0,0.05815831987075929,0.8287292817679558,False,True,False,False,False,False,False,-1,Active
19.0,58.6,1.64,187.0,135.0,66.0,1.18,1564.0,10.0,3.4,3.0,2.0,21.91,21.787626412849498,Medium,1325.4237288135594,121.0,0.058020477815699655,0.7219251336898396,True,False,False,True,False,False,False,-1,Active
21.0,80.8,1.8,195.0,137.0,64.0,1.1,1285.0,29.8,2.7,3.0,3.0,21.28,24.93827160493827,Medium,1168.181818181818,131.0,0.03341584158415842,0.7025641025641025,True,False,False,False,False,False,False,1,Active
21.0,42.7,1.81,166.0,139.0,71.0,1.42,1044.0,26.0,3.2,3.0,3.0,12.32,13.033790177345015,Medium,735.2112676056338,95.0,0.07494145199063232,0.8373493975903614,False,False,False,False,False,False,False,-1,Active
29.0,60.9,1.86,191.0,152.0,60.0,1.79,1108.0,31.5,1.5,4.0,3.0,42.08,17.603191120360734,Long,618.9944134078212,131.0,0.024630541871921183,0.7958115183246073,True,False,True,False,False,False,False,0,Active
40.0,78.8,1.7,176.0,169.0,63.0,1.78,1179.0,21.1,1.9,2.0,1.0,17.55,27.26643598615917,Long,662.3595505617977,113.0,0.024111675126903553,0.9602272727272727,True,False,True,False,False,False,False,-1,Active
37.0,85.3,1.69,162.0,136.0,71.0,1.49,859.0,22.8,3.4,4.0,2.0,19.95,29.86590105388467,Medium,576.510067114094,91.0,0.03985932004689332,0.8395061728395061,False,True,False,False,False,False,False,-1,Active
47.0,84.8,1.58,180.0,157.0,54.0,0.83,940.0,26.3,1.9,5.0,2.0,17.99,33.96891523794263,Medium,1132.5301204819277,126.0,0.02240566037735849,0.8722222222222222,False,False,False,False,False,False,False,-1,Active
43.0,57.4,1.69,166.0,143.0,66.0,1.14,775.0,23.7,3.3,3.0,1.0,13.31,20.09733552746753,Medium,679.8245614035088,100.0,0.05749128919860627,0.8614457831325302,True,False,True,False,False,False,False,0,Active
33.0,40.0,1.81,189.0,157.0,71.0,1.32,1298.0,20.1,3.4,2.0,3.0,16.68,12.209639510393455,Medium,983.3333333333333,118.0,0.08499999999999999,0.8306878306878307,True,True,False,False,False,False,False,-1,Active
33.0,129.9,1.56,189.0,138.0,73.0,2.0,993.0,34.0,2.3,3.0,2.0,24.54,53.37771203155818,Long,496.5,116.0,0.01770592763664357,0.7301587301587301,False,False,True,False,False,False,False,-1,Active
50.0,55.0,1.5,177.0,120.0,69.0,1.07,715.0,27.2,1.7,4.0,2.0,26.53,24.444444444444443,Medium,668.2242990654205,108.0,0.030909090909090907,0.6779661016949152,True,False,False,True,False,False,False,0,Active
18.0,41.6,1.94,168.0,153.0,57.0,0.86,1068.0,25.0,3.1,4.0,1.0,19.74,11.053246891274313,Medium,1241.860465116279,111.0,0.07451923076923077,0.9107142857142857,True,False,True,False,False,False,False,0,Active
43.0,56.9,1.68,161.0,154.0,61.0,2.0,742.0,26.5,2.0,3.0,1.0,21.48,20.160147392290252,Long,371.0,100.0,0.0351493848857645,0.9565217391304348,True,False,True,False,False,False,False,-1,Active
20.0,84.8,1.74,165.0,151.0,59.0,1.49,717.0,24.9,3.4,4.0,3.0,14.13,28.008984013740253,Medium,481.20805369127515,106.0,0.04009433962264151,0.9151515151515152,False,True,False,False,False,False,False,-1,Active
24.0,96.9,1.88,181.0,166.0,72.0,1.36,1220.0,15.8,3.7,3.0,2.0,30.18,27.416251697600728,Medium,897.0588235294117,109.0,0.038183694530443756,0.9171270718232044,False,False,False,False,False,False,False,0,Active
24.0,81.2,1.56,182.0,166.0,66.0,1.62,1148.0,25.5,2.7,4.0,3.0,31.34,33.36620644312952,Long,708.6419753086419,116.0,0.0332512315270936,0.9120879120879121,True,False,False,True,False,False,False,0,Active
53.0,70.5,1.9,198.0,146.0,69.0,0.84,766.0,31.9,2.9,5.0,1.0,16.4,19.52908587257618,Medium,911.9047619047619,129.0,0.04113475177304964,0.7373737373737373,False,False,False,False,False,False,False,-1,Active
38.0,58.7,1.72,189.0,152.0,58.0,1.21,1063.0,21.2,1.6,3.0,1.0,23.03,19.841806381828018,Medium,878.5123966942149,131.0,0.027257240204429302,0.8042328042328042,True,True,False,False,False,False,False,-1,Active
26.0,62.0,1.65,199.0,142.0,56.0,1.61,1361.0,35.0,3.5,2.0,3.0,13.96,22.77318640955005,Long,845.3416149068322,143.0,0.056451612903225805,0.7135678391959799,True,True,False,False,False,False,False,-1,Active
18.0,100.6,1.74,179.0,138.0,68.0,1.2,1261.0,23.2,3.5,2.0,2.0,20.9,33.227639054036196,Medium,1050.8333333333335,111.0,0.03479125248508946,0.770949720670391,True,False,False,False,False,False,False,0,Active
33.0,63.0,1.71,189.0,126.0,57.0,1.24,1175.0,25.6,3.2,3.0,1.0,15.02,21.545090797168363,Medium,947.5806451612904,132.0,0.050793650793650794,0.6666666666666666,False,False,True,False,False,False,False,-1,Active
29.0,79.4,1.71,186.0,124.0,74.0,2.0,877.0,29.6,1.5,3.0,2.0,27.97,27.153654115796318,Long,438.5,112.0,0.01889168765743073,0.6666666666666666,True,False,False,True,False,False,False,-1,Active
57.0,57.6,1.86,169.0,120.0,73.0,1.99,929.0,22.9,2.4,,2.0,14.02,16.649323621227886,Long,466.83417085427135,96.0,0.041666666666666664,0.7100591715976331,False,True,False,False,False,False,False,0,Active
37.0,108.5,1.97,192.0,120.0,74.0,2.0,1091.0,27.2,1.5,2.0,1.0,23.59,27.957432554304415,Long,545.5,118.0,0.013824884792626729,0.625,True,False,False,False,False,False,False,-1,Active
34.0,73.9,1.75,192.0,165.0,74.0,1.64,816.0,35.0,1.5,3.0,2.0,22.1,24.13061224489796,Long,497.5609756097561,118.0,0.020297699594046006,0.859375,False,False,False,False,False,False,False,-1,Active
57.0,67.9,1.78,187.0,163.0,59.0,2.0,1168.0,23.9,3.7,3.0,2.0,,21.430374952657495,Long,584.0,128.0,0.054491899852724596,0.8716577540106952,True,False,False,True,False,False,False,0,Active
36.0,72.8,1.63,184.0,130.0,68.0,1.44,669.0,25.1,1.7,3.0,3.0,12.32,27.400353795777033,Medium,464.58333333333337,116.0,0.023351648351648352,0.7065217391304348,True,True,False,False,False,False,False,0,Active
34.0,57.6,1.7,167.0,141.0,68.0,0.88,710.0,14.7,1.5,3.0,2.0,15.66,19.93079584775087,Medium,806.8181818181819,99.0,0.026041666666666664,0.844311377245509,False,False,False,False,False,False,False,-1,Active
48.0,49.3,1.74,179.0,142.0,74.0,1.31,723.0,19.2,3.5,4.0,3.0,19.2,16.28352490421456,Medium,551.9083969465648,105.0,0.07099391480730223,0.7932960893854749,False,True,False,False,False,False,False,-1,Active
18.0,41.6,1.85,181.0,169.0,52.0,2.0,1130.0,14.5,3.4,5.0,3.0,12.32,12.154857560262965,Long,565.0,129.0,0.08173076923076923,0.9337016574585635,True,False,False,True,False,False,False,-1,Active
33.0,65.6,1.87,189.0,168.0,56.0,1.16,1437.0,16.3,3.5,2.0,1.0,17.53,18.75947267579856,Medium,1238.793103448276,133.0,0.05335365853658537,0.8888888888888888,True,False,False,True,False,False,False,0,Active
19.0,86.3,1.89,164.0,131.0,74.0,0.97,1175.0,19.5,2.4,,2.0,28.62,24.159458021891886,Medium,1211.340206185567,90.0,0.027809965237543453,0.7987804878048781,False,True,False,False,False,False,False,0,Active
43.0,73.6,1.79,170.0,169.0,72.0,1.16,1408.0,17.4,1.5,4.0,1.0,14.69,22.97056895852189,Medium,1213.793103448276,98.0,0.020380434782608696,0.9941176470588236,False,False,True,False,False,False,False,-1,Active
48.0,40.0,2.0,194.0,159.0,70.0,1.48,419.0,13.5,2.5,4.0,2.0,21.29,10.0,Medium,283.1081081081081,124.0,0.0625,0.8195876288659794,False,False,False,False,False,False,False,0,Active
49.0,56.0,1.6,183.0,169.0,66.0,0.98,1263.0,27.9,1.7,5.0,1.0,20.47,21.874999999999996,Medium,1288.7755102040817,117.0,0.030357142857142857,0.9234972677595629,False,False,True,False,False,False,False,-1,Active
48.0,40.0,1.66,189.0,120.0,74.0,1.36,614.0,14.8,2.1,3.0,1.0,12.32,14.51589490492089,Medium,451.4705882352941,115.0,0.052500000000000005,0.6349206349206349,False,False,False,False,False,False,False,2,Moderate
27.0,55.8,1.67,192.0,167.0,74.0,2.0,642.0,28.8,3.4,3.0,2.0,28.68,20.007888414787192,Long,321.0,118.0,0.06093189964157706,0.8697916666666666,False,False,False,True,False,False,False,-1,Active
41.0,73.2,1.75,190.0,137.0,58.0,1.24,1048.0,30.4,3.4,2.0,3.0,23.65,23.902040816326533,Medium,845.1612903225806,132.0,0.046448087431693985,0.7210526315789474,True,False,True,False,False,False,False,-1,Active
44.0,40.0,1.72,179.0,124.0,74.0,0.85,1043.0,22.8,2.1,5.0,3.0,20.78,13.520822065981614,Medium,1227.0588235294117,105.0,0.052500000000000005,0.6927374301675978,True,False,False,False,False,False,False,-1,Active
54.0,58.5,1.96,185.0,133.0,60.0,2.0,1131.0,13.1,2.5,3.0,1.0,18.11,15.228029987505208,Long,565.5,125.0,0.042735042735042736,0.7189189189189189,True,False,False,True,False,False,False,2,Moderate
45.0,57.5,1.55,190.0,123.0,54.0,1.33,893.0,28.8,3.3,3.0,1.0,17.65,23.933402705515086,Medium,671.4285714285714,136.0,0.057391304347826085,0.6473684210526316,False,True,False,False,False,False,False,-1,Active
24.0,55.6,1.73,175.0,120.0,71.0,1.09,775.0,17.2,3.0,4.0,2.0,22.74,18.57729960907481,Medium,711.0091743119266,104.0,0.0539568345323741,0.6857142857142857,False,False,False,True,False,False,False,-1,Active
32.0,42.4,1.79,176.0,135.0,56.0,1.63,843.0,27.1,1.5,2.0,2.0,18.17,13.233045160887613,Long,517.1779141104295,120.0,0.03537735849056604,0.7670454545454546,False,False,False,True,False,False,False,0,Active
18.0,40.0,1.68,163.0,137.0,61.0,1.1,1470.0,31.7,1.7,4.0,3.0,19.34,14.172335600907031,Medium,1336.3636363636363,102.0,0.042499999999999996,0.8404907975460123,False,False,False,False,False,False,False,-1,Active
33.0,77.0,1.69,191.0,154.0,58.0,1.16,1187.0,29.1,3.2,4.0,2.0,12.32,26.959840341724732,Medium,1023.2758620689656,133.0,0.04155844155844156,0.806282722513089,False,False,False,False,False,False,False,0,Active
28.0,74.7,1.69,163.0,158.0,58.0,1.37,854.0,14.0,3.4,4.0,2.0,13.79,26.15454640943945,Medium,623.3576642335765,105.0,0.04551539491298527,0.9693251533742331,False,True,False,False,False,False,False,-1,Active
59.0,65.1,1.68,161.0,144.0,62.0,2.0,1050.0,26.1,2.0,5.0,3.0,23.59,23.065476190476193,Long,525.0,99.0,0.030721966205837177,0.8944099378881988,True,False,True,False,False,False,False,-1,Active
21.0,40.0,1.8,176.0,122.0,73.0,1.37,1171.0,10.0,3.7,3.0,1.0,19.84,12.345679012345679,Medium,854.7445255474452,103.0,0.0925,0.6931818181818182,False,True,False,False,False,False,False,-1,Active
23.0,64.3,1.58,160.0,123.0,62.0,1.02,1360.0,22.0,3.4,4.0,1.0,19.45,25.757090209902255,Medium,1333.3333333333333,98.0,0.05287713841368585,0.76875,True,False,True,False,False,False,False,0,Active
21.0,100.4,1.62,188.0,128.0,73.0,1.4,614.0,29.3,3.3,2.0,1.0,33.21,38.25636335924401,Medium,438.5714285714286,115.0,0.03286852589641434,0.6808510638297872,True,False,True,False,False,False,False,-1,Active
23.0,52.3,1.74,184.0,122.0,65.0,1.38,915.0,10.0,3.5,4.0,1.0,18.17,17.27440877262518,Medium,663.0434782608696,119.0,0.06692160611854685,0.6630434782608695,True,False,False,True,False,False,False,-1,Active
51.0,57.3,1.71,188.0,169.0,50.0,1.09,1375.0,28.1,3.6,2.0,3.0,19.69,19.59577305837694,Medium,1261.467889908257,138.0,0.06282722513089006,0.898936170212766,True,False,True,False,False,False,False,-1,Active
20.0,92.8,2.0,195.0,154.0,58.0,1.44,676.0,24.3,1.5,4.0,2.0,16.6,23.2,Medium,469.44444444444446,137.0,0.016163793103448277,0.7897435897435897,True,False,False,True,False,False,False,-1,Active
18.0,56.2,1.75,164.0,127.0,57.0,1.45,952.0,29.6,3.5,4.0,3.0,17.29,18.351020408163265,Medium,656.551724137931,107.0,0.06227758007117437,0.774390243902439,True,False,True,False,False,False,False,-1,Active
24.0,65.3,1.74,178.0,168.0,63.0,1.12,984.0,25.6,3.3,4.0,2.0,19.87,21.56823886907121,Medium,878.5714285714284,115.0,0.05053598774885146,0.9438202247191011,False,True,False,False,False,False,False,0,Active
37.0,60.2,1.76,194.0,169.0,72.0,1.7,1114.0,31.4,1.8,4.0,2.0,32.81,19.434400826446282,Long,655.2941176470589,122.0,0.02990033222591362,0.8711340206185567,True,False,False,True,False,False,False,0,Active
54.0,56.6,1.67,199.0,123.0,60.0,1.09,962.0,25.0,3.1,5.0,2.0,12.32,20.294739861594177,Medium,882.5688073394494,139.0,0.054770318021201414,0.6180904522613065,False,False,True,False,False,False,False,-1,Active
21.0,105.4,1.77,188.0,169.0,72.0,1.45,999.0,22.5,3.7,3.0,3.0,25.09,33.64295062083054,Medium,688.9655172413793,116.0,0.03510436432637571,0.898936170212766,False,False,True,False,False,False,False,-1,Active
34.0,63.8,1.8,192.0,129.0,54.0,1.92,1229.0,13.8,3.1,4.0,2.0,14.24,19.691358024691358,Long,640.1041666666667,138.0,0.04858934169278997,0.671875,True,False,False,False,False,False,False,-1,Active
42.0,58.4,1.7,164.0,156.0,50.0,1.43,1427.0,23.6,2.5,,1.0,16.68,20.207612456747405,Medium,997.9020979020979,114.0,0.04280821917808219,0.9512195121951219,False,False,True,False,False,False,False,-1,Active
43.0,43.9,1.82,173.0,164.0,72.0,1.61,567.0,16.3,3.2,3.0,1.0,19.29,13.253230286197319,Long,352.17391304347825,101.0,0.07289293849658315,0.9479768786127167,False,True,False,False,False,False,False,-1,Active
55.0,91.1,1.85,190.0,149.0,74.0,1.49,649.0,31.8,3.0,3.0,1.0,29.5,26.61796932067202,Medium,435.5704697986577,116.0,0.03293084522502744,0.7842105263157895,False,False,True,False,False,False,False,-1,Active
43.0,40.0,1.55,172.0,159.0,59.0,1.28,1480.0,19.9,3.0,3.0,3.0,21.42,16.649323621227886,Medium,1156.25,113.0,0.075,0.9244186046511628,False,False,False,True,False,False,False,-1,Active
49.0,40.0,1.89,192.0,168.0,50.0,1.51,837.0,29.4,3.5,3.0,1.0,16.63,11.197894795778394,Long,554.3046357615895,142.0,0.0875,0.875,False,False,True,False,False,False,False,0,Active
27.0,96.8,1.73,174.0,136.0,71.0,1.91,887.0,31.7,2.6,3.0,2.0,19.05,32.34321226903672,Long,464.3979057591623,103.0,0.026859504132231406,0.7816091954022989,False,False,True,False,False,False,False,0,Active
36.0,69.0,1.76,191.0,153.0,73.0,1.01,1276.0,16.7,2.9,4.0,1.0,13.89,22.275309917355372,Medium,1263.3663366336634,118.0,0.042028985507246375,0.8010471204188482,True,False,False,False,False,False,False,0,Active
20.0,43.5,1.52,189.0,146.0,63.0,2.0,1213.0,24.3,2.5,4.0,2.0,25.35,18.827908587257618,Long,606.5,126.0,0.05747126436781609,0.7724867724867724,True,False,True,False,False,False,False,0,Active
55.0,54.2,1.62,197.0,127.0,56.0,1.18,335.0,28.3,2.4,2.0,1.0,20.94,20.652339582380733,Medium,283.8983050847458,141.0,0.04428044280442804,0.6446700507614214,True,False,True,False,False,False,False,-1,Active
34.0,59.8,1.77,186.0,151.0,55.0,0.97,792.0,23.0,2.1,3.0,2.0,24.41,19.087746177662865,Medium,816.4948453608248,131.0,0.035117056856187295,0.8118279569892473,True,False,False,True,False,False,False,0,Active
18.0,52.2,1.75,171.0,165.0,72.0,1.45,570.0,26.1,3.4,4.0,1.0,12.48,17.044897959183675,Medium,393.1034482758621,99.0,0.06513409961685823,0.9649122807017544,False,False,True,False,False,False,False,-1,Active
40.0,45.4,1.84,167.0,156.0,50.0,1.13,771.0,11.5,3.5,4.0,2.0,12.32,13.409735349716446,Medium,682.3008849557523,117.0,0.07709251101321586,0.9341317365269461,True,False,False,False,False,False,False,-1,Active
28.0,62.1,1.68,191.0,130.0,74.0,0.85,1098.0,13.9,2.8,4.0,2.0,28.14,22.002551020408166,Medium,1291.764705882353,117.0,0.04508856682769726,0.680628272251309,False,False,True,False,False,False,False,-1,Active
26.0,72.8,1.57,196.0,138.0,61.0,1.04,1382.0,29.8,3.4,2.0,3.0,16.61,29.53466672075946,Medium,1328.8461538461538,135.0,0.046703296703296704,0.7040816326530612,True,False,True,False,False,False,False,-1,Active
27.0,73.5,1.92,168.0,155.0,50.0,1.18,1048.0,14.2,3.4,5.0,2.0,18.37,19.938151041666668,Medium,888.135593220339,118.0,0.04625850340136054,0.9226190476190477,False,False,True,False,False,False,False,0,Active
22.0,78.4,1.66,182.0,168.0,70.0,1.67,495.0,10.0,2.5,3.0,,19.29,28.451154013644945,Long,296.4071856287425,112.0,0.03188775510204082,0.9230769230769231,True,False,True,False,False,False,False,-1,Active
51.0,87.1,1.77,185.0,126.0,60.0,1.46,990.0,21.1,3.4,2.0,1.0,12.9,27.801717258769827,Medium,678.082191780822,125.0,0.03903559127439725,0.6810810810810811,False,False,False,False,False,False,False,2,Moderate
45.0,76.3,1.67,177.0,168.0,50.0,1.41,1013.0,11.6,3.1,3.0,3.0,14.42,27.358456739216177,Medium,718.4397163120568,127.0,0.04062909567496724,0.9491525423728814,True,False,False,False,False,False,False,0,Active
33.0,75.5,1.85,181.0,147.0,59.0,1.22,1267.0,21.8,2.8,3.0,2.0,18.19,22.059897735573408,Medium,1038.5245901639344,122.0,0.037086092715231785,0.8121546961325967,False,True,False,False,False,False,False,0,Active
44.0,49.3,1.55,193.0,168.0,72.0,1.48,918.0,21.5,3.6,5.0,1.0,21.77,20.520291363163366,Medium,620.2702702702703,121.0,0.07302231237322516,0.8704663212435233,False,False,False,False,False,False,False,0,Active
56.0,92.0,1.86,184.0,167.0,71.0,1.56,999.0,24.2,2.1,5.0,3.0,31.52,26.59266967279454,Long,640.3846153846154,113.0,0.02282608695652174,0.907608695652174,False,False,False,False,False,False,False,-1,Active
35.0,44.0,1.59,168.0,144.0,54.0,1.39,1040.0,29.0,3.4,2.0,2.0,27.49,17.404374826945133,Medium,748.2014388489209,114.0,0.07727272727272727,0.8571428571428571,True,False,False,False,False,False,False,-1,Active
46.0,92.6,1.76,197.0,144.0,74.0,0.96,1291.0,13.8,3.3,2.0,2.0,12.37,29.894111570247933,Medium,1344.7916666666667,123.0,0.035637149028077755,0.7309644670050761,True,True,False,False,False,False,False,0,Active
23.0,83.0,1.74,160.0,120.0,72.0,1.35,1628.0,21.0,3.3,5.0,2.0,15.13,27.414453692693883,Medium,1205.9259259259259,88.0,0.03975903614457831,0.75,True,False,False,True,False,False,False,-1,Active
21.0,78.5,1.8,179.0,169.0,59.0,1.64,683.0,23.9,2.7,4.0,1.0,22.33,24.228395061728392,Long,416.4634146341464,120.0,0.034394904458598725,0.9441340782122905,False,False,False,True,False,False,False,-1,Active
56.0,56.2,1.69,198.0,155.0,74.0,1.64,1486.0,24.4,1.8,2.0,1.0,21.59,19.6771821714926,Long,906.0975609756098,124.0,0.03202846975088968,0.7828282828282829,False,False,False,False,False,False,False,-1,Active
58.0,87.4,1.64,188.0,148.0,57.0,0.56,1249.0,10.0,3.5,3.0,3.0,16.94,32.495538370017854,Short,2230.3571428571427,131.0,0.04004576659038901,0.7872340425531915,True,False,True,False,False,False,False,-1,Active
26.0,92.2,1.59,176.0,143.0,55.0,1.57,1050.0,24.5,2.4,4.0,2.0,23.0,36.47007634191685,Long,668.7898089171974,121.0,0.026030368763557483,0.8125,True,False,True,False,False,False,False,0,Active
18.0,83.1,1.94,188.0,153.0,56.0,1.41,1180.0,24.4,3.3,3.0,2.0,17.84,22.079923477521522,Medium,836.8794326241135,132.0,0.039711191335740074,0.8138297872340425,True,False,False,True,False,False,False,0,Active
18.0,53.1,1.7,181.0,169.0,73.0,1.01,1740.0,23.8,2.3,4.0,1.0,,18.373702422145332,Medium,1722.7722772277227,108.0,0.04331450094161958,0.9337016574585635,True,False,True,False,False,False,False,-1,Active
53.0,76.2,1.67,185.0,142.0,68.0,1.55,804.0,25.5,3.4,3.0,1.0,18.46,27.322600308365306,Long,518.7096774193549,117.0,0.04461942257217848,0.7675675675675676,False,True,False,False,False,False,False,0,Active
46.0,48.4,1.82,163.0,163.0,68.0,1.51,1221.0,19.2,3.7,5.0,2.0,12.32,14.611761864509116,Long,808.6092715231788,95.0,0.07644628099173555,1.0,False,True,False,False,False,False,False,-1,Active
24.0,47.3,1.92,189.0,155.0,74.0,1.4,505.0,29.5,3.4,5.0,2.0,12.34,12.830946180555555,Medium,360.7142857142857,115.0,0.0718816067653277,0.8201058201058201,False,True,False,False,False,False,False,-1,Active
31.0,71.4,1.68,180.0,143.0,68.0,1.37,606.0,23.8,3.2,2.0,2.0,21.59,25.297619047619055,Medium,442.33576642335765,112.0,0.04481792717086835,0.7944444444444444,False,False,False,True,False,False,False,0,Active
24.0,103.6,1.88,175.0,154.0,60.0,1.55,436.0,20.9,3.2,3.0,1.0,13.85,29.31190583974649,Long,281.2903225806452,115.0,0.030888030888030892,0.88,True,False,False,True,False,False,False,-1,Active
35.0,81.0,1.78,196.0,151.0,67.0,2.0,1246.0,10.0,3.3,3.0,1.0,19.74,25.5649539199596,Long,623.0,129.0,0.04074074074074074,0.7704081632653061,False,True,False,False,False,False,False,0,Active
55.0,94.9,1.52,196.0,120.0,73.0,2.0,1309.0,27.9,1.5,2.0,,12.32,41.07513850415513,Long,654.5,123.0,0.015806111696522653,0.6122448979591837,False,True,False,False,False,False,False,-1,Active
21.0,80.0,1.67,167.0,169.0,57.0,0.94,899.0,29.8,3.1,3.0,2.0,17.15,28.685144680698485,Medium,956.3829787234043,110.0,0.03875,1.0119760479041917,False,False,False,False,True,False,False,-1,Active
29.0,40.0,1.77,191.0,169.0,58.0,1.2,613.0,22.2,2.2,4.0,2.0,29.56,12.767723195761114,Medium,510.83333333333337,133.0,0.05500000000000001,0.8848167539267016,False,False,True,False,False,False,False,0,Active
35.0,69.5,1.68,172.0,155.0,59.0,1.78,1350.0,23.6,1.6,3.0,,16.62,24.624433106575967,Long,758.4269662921348,113.0,0.02302158273381295,0.9011627906976745,True,True,False,False,False,False,False,-1,Active
37.0,48.3,1.81,167.0,134.0,69.0,1.97,1276.0,26.1,1.8,3.0,2.0,20.81,14.743139708800097,Long,647.7157360406092,98.0,0.037267080745341616,0.8023952095808383,True,False,False,True,False,False,False,0,Active
18.0,44.8,1.67,193.0,137.0,61.0,1.3,719.0,21.6,2.3,4.0,1.0,12.32,16.06368102119115,Medium,553.0769230769231,132.0,0.05133928571428571,0.7098445595854922,True,False,False,True,False,False,False,2,Moderate
54.0,68.9,1.78,187.0,155.0,60.0,1.42,913.0,30.7,3.4,3.0,1.0,17.82,21.745991667718723,Medium,642.9577464788732,127.0,0.049346879535558774,0.8288770053475936,True,False,False,False,False,False,False,0,Active
44.0,63.6,1.77,161.0,169.0,50.0,1.57,1283.0,17.8,2.1,3.0,,17.92,20.300679881260173,Long,817.1974522292993,111.0,0.0330188679245283,1.049689440993789,False,False,False,False,False,False,False,-1,Active
27.0,40.0,1.72,178.0,132.0,72.0,0.83,857.0,27.3,3.2,4.0,2.0,17.8,13.520822065981614,Medium,1032.5301204819277,106.0,0.08,0.7415730337078652,False,False,False,False,False,False,False,-1,Active
35.0,66.7,1.72,171.0,153.0,65.0,1.15,776.0,18.7,2.5,4.0,1.0,22.98,22.545970795024342,Medium,674.7826086956522,106.0,0.037481259370314844,0.8947368421052632,False,True,False,False,False,False,False,-1,Active
44.0,47.3,1.72,198.0,164.0,70.0,1.46,1103.0,26.7,1.5,4.0,,23.85,15.988372093023257,Medium,755.4794520547946,128.0,0.031712473572938694,0.8282828282828283,True,False,True,False,False,False,False,-1,Active
39.0,70.3,1.74,170.0,152.0,59.0,2.0,864.0,20.4,1.5,3.0,2.0,17.03,23.219711983088914,Long,432.0,111.0,0.021337126600284497,0.8941176470588236,False,False,False,False,False,False,False,-1,Active
26.0,57.8,1.61,162.0,135.0,65.0,1.91,684.0,18.2,3.7,3.0,1.0,12.32,22.298522433548086,Long,358.1151832460733,97.0,0.06401384083044984,0.8333333333333334,True,False,False,True,False,False,False,0,Active
18.0,40.0,1.72,193.0,138.0,74.0,1.41,726.0,28.0,3.7,2.0,3.0,32.62,13.520822065981614,Medium,514.8936170212767,119.0,0.0925,0.7150259067357513,True,False,False,True,False,False,False,-1,Active
33.0,79.8,1.53,172.0,148.0,72.0,1.98,1132.0,14.7,1.7,3.0,2.0,16.6,34.08945277457388,Long,571.7171717171717,100.0,0.021303258145363407,0.8604651162790697,True,False,False,True,False,False,False,-1,Active
18.0,75.8,1.99,191.0,167.0,71.0,1.53,850.0,10.0,3.5,4.0,1.0,15.4,19.140930784576145,Long,555.5555555555555,120.0,0.04617414248021108,0.8743455497382199,False,True,False,False,False,False,False,0,Active
47.0,74.7,1.77,195.0,130.0,68.0,1.93,1056.0,22.1,3.4,4.0,2.0,24.44,23.843723068083882,Long,547.1502590673575,127.0,0.04551539491298527,0.6666666666666666,False,True,False,False,False,False,False,-1,Active
38.0,101.8,1.51,163.0,169.0,72.0,1.42,1384.0,25.6,3.3,4.0,1.0,20.89,44.64716459804394,Medium,974.6478873239437,91.0,0.03241650294695481,1.0368098159509203,True,False,True,False,False,False,False,-1,Active
42.0,86.7,1.7,196.0,135.0,68.0,1.22,923.0,27.2,3.2,3.0,2.0,17.49,30.000000000000004,Medium,756.5573770491803,128.0,0.03690888119953864,0.6887755102040817,False,False,True,False,False,False,False,-1,Active
18.0,40.9,1.87,160.0,140.0,50.0,1.28,1261.0,17.1,2.1,4.0,2.0,39.61,11.69607366524636,Medium,985.15625,110.0,0.05134474327628362,0.875,True,True,False,False,False,False,False,0,Active
28.0,87.3,1.51,190.0,168.0,56.0,2.0,1306.0,32.0,2.3,4.0,2.0,14.46,38.287794394982676,Long,653.0,134.0,0.026345933562428408,0.8842105263157894,True,False,False,True,False,False,False,-1,Active
26.0,89.2,1.81,161.0,169.0,61.0,1.34,820.0,23.5,2.6,4.0,1.0,27.63,27.227496108177405,Medium,611.9402985074627,100.0,0.02914798206278027,1.049689440993789,True,False,True,False,False,False,False,-1,Active
30.0,100.1,1.76,170.0,160.0,55.0,1.43,1694.0,25.9,1.8,3.0,2.0,15.73,32.31534090909091,Medium,1184.6153846153848,115.0,0.017982017982017984,0.9411764705882353,True,True,False,False,False,False,False,-1,Active
18.0,80.8,1.85,188.0,141.0,74.0,1.19,838.0,12.1,3.5,2.0,1.0,14.81,23.608473338203066,Medium,704.2016806722689,114.0,0.04331683168316832,0.75,False,False,False,True,False,False,False,0,Active
58.0,68.6,1.72,164.0,155.0,72.0,1.23,797.0,27.2,2.5,2.0,1.0,12.32,23.188209843158464,Medium,647.9674796747968,92.0,0.03644314868804665,0.9451219512195121,False,False,False,True,False,False,False,-1,Active
46.0,45.7,1.96,168.0,137.0,64.0,1.38,1303.0,29.8,3.3,2.0,2.0,22.82,11.896084964598085,Medium,944.2028985507247,104.0,0.07221006564551422,0.8154761904761905,False,False,True,False,False,False,False,-1,Active
19.0,55.2,1.71,172.0,136.0,74.0,1.93,670.0,10.0,3.1,4.0,1.0,20.85,18.877603365137993,Long,347.1502590673575,98.0,0.05615942028985507,0.7906976744186046,False,False,False,True,False,False,False,0,Active
31.0,91.7,1.74,172.0,166.0,56.0,1.28,892.0,19.8,3.1,4.0,3.0,12.32,30.28801691108469,Medium,696.875,116.0,0.03380588876772083,0.9651162790697675,False,False,False,True,False,False,False,-1,Active
47.0,78.7,1.69,170.0,144.0,57.0,1.0,845.0,24.5,1.9,4.0,1.0,22.0,27.555057596022554,Medium,845.0,113.0,0.0241423125794155,0.8470588235294118,True,False,False,True,False,False,False,-1,Active
28.0,40.0,1.57,165.0,169.0,68.0,1.04,669.0,30.2,2.6,2.0,2.0,15.05,16.227838857560144,Medium,643.2692307692307,97.0,0.065,1.0242424242424242,False,False,False,False,False,False,False,-1,Active
22.0,47.1,1.87,165.0,132.0,68.0,0.72,674.0,31.7,3.2,2.0,2.0,34.98,13.469072607166346,Short,936.1111111111112,97.0,0.06794055201698514,0.8,True,False,True,False,False,False,False,-1,Active
23.0,85.1,1.79,194.0,138.0,55.0,1.16,829.0,23.7,2.6,4.0,2.0,19.2,26.55972035829094,Medium,714.6551724137931,139.0,0.030552291421856642,0.711340206185567,True,False,True,False,False,False,False,2,Moderate
48.0,87.9,1.5,180.0,164.0,68.0,1.41,974.0,22.1,2.6,4.0,1.0,13.04,39.06666666666667,Medium,690.7801418439717,112.0,0.02957906712172924,0.9111111111111111,False,False,False,True,False,False,False,-1,Active
24.0,74.2,1.58,177.0,140.0,71.0,1.28,780.0,23.6,1.9,4.0,2.0,30.92,29.722800833199805,Medium,609.375,106.0,0.025606469002695417,0.7909604519774012,False,False,True,False,False,False,False,0,Active
22.0,49.6,1.87,190.0,137.0,54.0,1.6,1326.0,30.5,1.9,5.0,1.0,14.25,14.183991535359889,Long,828.75,136.0,0.03830645161290322,0.7210526315789474,True,True,False,False,False,False,False,-1,Active
18.0,63.9,1.86,161.0,147.0,51.0,1.83,1178.0,24.0,3.3,2.0,1.0,24.05,18.470343392299686,Long,643.7158469945355,110.0,0.05164319248826291,0.9130434782608695,True,False,True,False,False,False,False,-1,Active
43.0,75.0,1.8,170.0,141.0,61.0,1.09,790.0,32.8,2.4,3.0,2.0,,23.148148148148145,Medium,724.7706422018348,109.0,0.032,0.8294117647058824,True,False,False,True,False,False,False,0,Active
54.0,69.8,1.75,170.0,131.0,72.0,1.29,954.0,32.0,3.2,2.0,1.0,21.66,22.791836734693877,Medium,739.5348837209302,98.0,0.04584527220630373,0.7705882352941177,True,False,True,False,False,False,False,0,Active
42.0,40.5,1.64,196.0,137.0,59.0,1.12,1150.0,13.4,3.7,5.0,2.0,12.32,15.058001189767998,Medium,1026.7857142857142,137.0,0.09135802469135802,0.6989795918367347,False,False,False,True,False,False,False,-1,Active
18.0,43.8,1.96,193.0,142.0,50.0,1.03,1590.0,29.7,3.6,2.0,3.0,21.88,11.401499375260308,Medium,1543.6893203883494,143.0,0.08219178082191782,0.7357512953367875,False,False,True,False,False,False,False,-1,Active
24.0,45.7,1.63,199.0,144.0,71.0,0.94,1137.0,19.6,1.8,2.0,3.0,12.32,17.200496819601796,Medium,1209.5744680851064,128.0,0.039387308533916844,0.7236180904522613,False,False,False,True,False,False,False,1,Active
25.0,40.8,1.69,194.0,145.0,54.0,1.65,1353.0,24.4,2.5,4.0,1.0,22.31,14.28521410314765,Long,820.0,140.0,0.06127450980392157,0.7474226804123711,True,True,False,False,False,False,False,2,Moderate
59.0,82.0,1.51,185.0,121.0,70.0,1.82,625.0,28.5,2.2,4.0,3.0,24.72,35.963334941449936,Long,343.4065934065934,115.0,0.02682926829268293,0.654054054054054,True,False,True,False,False,False,False,0,Active
29.0,60.9,1.92,192.0,151.0,67.0,1.5,1407.0,18.0,3.5,5.0,1.0,43.3,16.520182291666668,Medium,938.0,125.0,0.05747126436781609,0.7864583333333334,False,False,False,False,False,False,False,0,Active
27.0,55.0,1.68,169.0,136.0,64.0,1.07,1389.0,24.6,2.1,4.0,2.0,18.54,19.48696145124717,Medium,1298.1308411214952,105.0,0.038181818181818185,0.8047337278106509,True,False,False,False,False,False,False,0,Active
34.0,80.0,2.0,173.0,125.0,56.0,1.82,773.0,22.3,2.8,4.0,2.0,14.62,20.0,Long,424.7252747252747,117.0,0.034999999999999996,0.7225433526011561,False,False,True,False,False,False,False,0,Active
24.0,44.3,1.65,189.0,129.0,56.0,1.9,972.0,27.8,3.3,2.0,1.0,15.86,16.271808999081728,Long,511.5789473684211,133.0,0.0744920993227991,0.6825396825396826,True,False,False,True,False,False,False,-1,Active
24.0,63.6,1.74,199.0,135.0,61.0,1.31,486.0,26.1,2.2,2.0,3.0,25.85,21.00673801030519,Medium,370.9923664122137,138.0,0.03459119496855346,0.678391959798995,True,True,False,False,False,False,False,-1,Active
29.0,50.2,1.89,197.0,125.0,51.0,1.46,1286.0,27.6,3.3,2.0,3.0,15.27,14.053357968701885,Medium,880.8219178082192,146.0,0.06573705179282868,0.6345177664974619,False,False,True,False,False,False,False,-1,Active
58.0,43.6,1.67,176.0,142.0,74.0,1.13,1089.0,26.7,3.4,4.0,2.0,28.29,15.633403850980674,Medium,963.7168141592921,102.0,0.07798165137614678,0.8068181818181818,True,True,False,False,False,False,False,-1,Active
38.0,60.5,1.72,187.0,139.0,50.0,1.34,1096.0,20.9,3.7,4.0,2.0,25.58,20.45024337479719,Medium,817.910447761194,137.0,0.061157024793388436,0.7433155080213903,True,False,False,True,False,False,False,1,Active
39.0,76.7,1.86,193.0,122.0,65.0,1.29,1770.0,23.1,3.2,3.0,1.0,17.75,22.170193085905883,Medium,1372.093023255814,128.0,0.041720990873533245,0.6321243523316062,False,False,False,False,False,False,True,-1,Active
18.0,71.9,1.88,177.0,159.0,57.0,2.0,1571.0,10.0,2.4,3.0,2.0,15.96,20.34291534631055,Long,785.5,120.0,0.03337969401947148,0.8983050847457628,True,False,False,True,False,False,False,0,Active
25.0,59.2,1.84,168.0,160.0,51.0,1.53,1476.0,25.1,3.7,4.0,2.0,13.81,17.485822306238184,Long,964.7058823529411,117.0,0.0625,0.9523809523809523,False,False,False,True,False,False,False,-1,Active
27.0,57.4,1.89,193.0,128.0,51.0,0.92,1121.0,22.4,3.5,4.0,2.0,16.0,16.068979031941996,Medium,1218.4782608695652,142.0,0.06097560975609756,0.6632124352331606,True,False,False,True,False,False,False,-1,Active
33.0,69.5,1.75,178.0,131.0,74.0,1.51,1651.0,32.4,1.6,3.0,3.0,21.58,22.693877551020407,Long,1093.3774834437086,104.0,0.02302158273381295,0.7359550561797753,True,False,True,False,False,False,False,0,Active
23.0,47.4,1.96,161.0,142.0,65.0,1.18,441.0,18.7,1.6,3.0,1.0,21.34,12.338608912952937,Medium,373.7288135593221,96.0,0.03375527426160338,0.8819875776397516,True,False,False,False,False,False,False,-1,Active
33.0,76.5,1.75,198.0,139.0,57.0,1.22,984.0,12.5,3.4,3.0,1.0,32.82,24.979591836734695,Medium,806.5573770491803,141.0,0.044444444444444446,0.702020202020202,True,False,True,False,False,False,False,-1,Active
18.0,53.5,1.68,198.0,134.0,74.0,1.9,368.0,28.1,3.1,5.0,2.0,23.57,18.955498866213155,Long,193.6842105263158,124.0,0.05794392523364486,0.6767676767676768,False,True,False,False,False,False,False,1,Active
25.0,83.1,1.72,182.0,167.0,67.0,0.89,771.0,23.8,2.3,4.0,1.0,12.32,28.0895078420768,Medium,866.2921348314607,115.0,0.027677496991576414,0.9175824175824175,False,False,True,False,False,False,False,-1,Active
47.0,70.4,1.93,177.0,153.0,74.0,1.28,846.0,23.5,1.6,3.0,2.0,12.32,18.899836237214423,Medium,660.9375,103.0,0.022727272727272728,0.864406779661017,False,False,True,False,False,False,False,-1,Active
39.0,50.3,1.94,164.0,160.0,66.0,0.58,992.0,10.0,2.9,4.0,1.0,14.72,13.36486342863216,Short,1710.344827586207,98.0,0.05765407554671968,0.975609756097561,False,False,False,False,False,False,False,-1,Active
28.0,65.3,1.68,161.0,145.0,73.0,0.72,408.0,32.4,1.7,5.0,,25.26,23.136337868480727,Short,566.6666666666667,88.0,0.026033690658499236,0.9006211180124224,False,True,False,False,False,False,False,-1,Active
20.0,66.2,1.85,196.0,120.0,58.0,0.84,420.0,24.9,1.5,4.0,1.0,12.32,19.342585829072316,Medium,500.0,138.0,0.022658610271903322,0.6122448979591837,True,True,False,False,False,False,False,-1,Active
19.0,51.4,1.84,169.0,152.0,58.0,1.14,1175.0,20.9,3.5,5.0,3.0,16.95,15.181947069943288,Medium,1030.701754385965,111.0,0.06809338521400779,0.8994082840236687,False,False,False,False,False,True,False,-1,Active
58.0,78.3,1.52,176.0,123.0,74.0,1.49,1063.0,30.5,3.4,3.0,2.0,25.33,33.89023545706371,Medium,713.4228187919463,102.0,0.04342273307790549,0.6988636363636364,False,False,False,False,False,False,False,0,Active
31.0,79.4,1.56,171.0,126.0,69.0,1.42,963.0,21.3,3.1,3.0,3.0,26.3,32.626561472715316,Medium,678.1690140845071,102.0,0.03904282115869018,0.7368421052631579,False,False,False,False,False,False,False,-1,Active
25.0,72.5,1.78,177.0,142.0,67.0,1.99,1047.0,27.4,3.0,4.0,3.0,12.32,22.88221184193915,Long,526.1306532663317,110.0,0.041379310344827586,0.8022598870056498,True,True,False,False,False,False,False,-1,Active
21.0,92.1,1.77,175.0,167.0,74.0,1.66,737.0,25.3,3.3,4.0,2.0,17.16,29.397682658239965,Long,443.9759036144579,101.0,0.035830618892508145,0.9542857142857143,True,False,False,False,False,False,False,-1,Active
55.0,72.6,1.55,191.0,137.0,50.0,2.0,1084.0,24.1,2.5,3.0,2.0,19.76,30.21852237252861,Long,542.0,141.0,0.03443526170798898,0.7172774869109948,False,False,False,False,False,False,False,-1,Active
40.0,76.7,1.68,177.0,133.0,57.0,0.89,984.0,27.3,3.1,2.0,3.0,23.76,27.175453514739235,Medium,1105.6179775280898,120.0,0.04041720990873533,0.751412429378531,True,False,False,False,False,False,False,-1,Active
39.0,91.0,1.73,165.0,169.0,72.0,1.49,813.0,23.3,3.4,2.0,3.0,22.08,30.405292525644022,Medium,545.6375838926175,93.0,0.03736263736263736,1.0242424242424242,True,False,True,False,False,False,False,-1,Active
26.0,78.3,1.58,184.0,141.0,68.0,1.5,1436.0,15.0,3.7,3.0,1.0,28.61,31.365165838807876,Medium,957.3333333333334,116.0,0.04725415070242657,0.7663043478260869,False,False,False,True,False,False,False,0,Active
26.0,54.2,1.64,190.0,151.0,65.0,0.82,1184.0,16.7,3.3,2.0,1.0,19.39,20.151695419393224,Medium,1443.9024390243903,125.0,0.060885608856088555,0.7947368421052632,False,False,False,True,False,False,False,0,Active
18.0,83.2,1.62,169.0,156.0,57.0,1.37,871.0,10.0,2.5,4.0,,18.69,31.70248437738149,Medium,635.7664233576642,112.0,0.03004807692307692,0.9230769230769231,True,False,False,False,False,False,False,-1,Active
19.0,64.8,1.6,189.0,149.0,59.0,0.5,880.0,22.3,1.9,4.0,2.0,21.61,25.312499999999993,Short,1760.0,130.0,0.029320987654320986,0.7883597883597884,False,False,False,False,False,False,True,0,Active
25.0,45.5,1.58,182.0,136.0,69.0,2.0,1137.0,17.4,1.7,2.0,2.0,15.04,18.226245793943274,Long,568.5,113.0,0.03736263736263736,0.7472527472527473,False,False,False,True,False,False,False,0,Active
42.0,59.0,1.89,175.0,142.0,63.0,1.25,1092.0,27.7,3.5,5.0,1.0,17.68,16.516894823773132,Medium,873.6,112.0,0.059322033898305086,0.8114285714285714,False,True,False,False,False,False,False,0,Active
43.0,89.2,1.73,163.0,135.0,67.0,1.51,1367.0,14.5,3.5,3.0,1.0,25.4,29.80386915700491,Long,905.2980132450331,96.0,0.03923766816143497,0.8282208588957055,False,False,False,True,False,False,False,-1,Active
47.0,108.3,1.67,176.0,169.0,69.0,1.07,1204.0,27.6,3.7,2.0,2.0,13.44,38.83251461149557,Medium,1125.233644859813,107.0,0.034164358264081256,0.9602272727272727,False,False,False,True,False,False,False,-1,Active
30.0,87.9,1.62,178.0,138.0,65.0,1.68,1205.0,20.9,2.6,4.0,,34.99,33.493369913123,Long,717.2619047619048,113.0,0.02957906712172924,0.7752808988764045,True,False,False,True,False,False,False,0,Active
48.0,45.9,1.94,169.0,141.0,74.0,1.13,1507.0,29.1,3.2,5.0,2.0,12.32,12.195770007439686,Medium,1333.628318584071,95.0,0.06971677559912855,0.834319526627219,False,False,False,False,False,False,False,-1,Active
18.0,107.0,1.75,177.0,155.0,71.0,2.0,645.0,27.0,3.2,5.0,2.0,27.94,34.93877551020408,Long,322.5,106.0,0.029906542056074768,0.8757062146892656,True,False,True,False,False,False,False,-1,Active
39.0,40.7,1.84,197.0,145.0,55.0,1.48,1128.0,25.3,1.5,4.0,1.0,22.28,12.021502835538753,Medium,762.1621621621622,142.0,0.036855036855036855,0.7360406091370558,True,False,True,False,False,False,False,-1,Active
50.0,88.5,2.0,181.0,146.0,72.0,1.33,1088.0,11.9,2.3,4.0,1.0,17.26,22.125,Medium,818.0451127819548,109.0,0.02598870056497175,0.8066298342541437,False,False,False,False,False,False,False,-1,Active
43.0,79.0,1.73,186.0,158.0,55.0,1.2,1146.0,25.2,3.6,4.0,2.0,19.64,26.395803401383272,Medium,955.0,131.0,0.04556962025316456,0.8494623655913979,False,False,False,False,False,False,False,0,Active
27.0,40.0,1.85,177.0,156.0,65.0,1.58,1014.0,24.0,3.7,5.0,3.0,22.49,11.68736303871439,Long,641.7721518987341,112.0,0.0925,0.8813559322033898,False,False,False,False,False,False,False,-1,Active
19.0,51.8,1.6,176.0,159.0,72.0,1.14,574.0,25.3,2.0,4.0,2.0,16.69,20.234374999999996,Medium,503.5087719298246,104.0,0.03861003861003861,0.9034090909090909,True,False,False,False,False,False,False,-1,Active
38.0,89.3,1.58,184.0,135.0,58.0,1.58,995.0,24.0,2.9,4.0,3.0,19.02,35.77151097580515,Long,629.746835443038,126.0,0.032474804031354984,0.7336956521739131,False,True,False,False,False,False,False,0,Active
27.0,80.0,1.86,177.0,153.0,74.0,0.9,886.0,25.1,1.6,2.0,1.0,19.41,23.12406058503873,Medium,984.4444444444445,103.0,0.02,0.864406779661017,False,False,True,False,False,False,False,-1,Active
33.0,40.0,1.75,185.0,125.0,54.0,2.0,870.0,18.7,1.8,3.0,1.0,17.77,13.061224489795919,Long,435.0,131.0,0.045,0.6756756756756757,True,False,False,True,False,False,False,-1,Active
50.0,102.6,1.62,198.0,138.0,66.0,1.48,1149.0,10.0,2.7,5.0,2.0,18.48,39.094650205761305,Medium,776.3513513513514,132.0,0.026315789473684213,0.696969696969697,False,True,False,False,False,False,False,2,Moderate
18.0,69.2,1.62,164.0,167.0,62.0,1.5,1721.0,25.0,2.3,5.0,1.0,33.3,26.367931717725952,Medium,1147.3333333333333,102.0,0.033236994219653176,1.0182926829268293,True,True,False,False,False,False,False,-1,Active
19.0,75.3,1.67,166.0,130.0,58.0,1.22,928.0,27.4,3.2,3.0,2.0,23.17,26.999892430707447,Medium,760.655737704918,108.0,0.042496679946879154,0.7831325301204819,True,True,False,False,False,False,False,0,Active
45.0,45.9,1.51,195.0,142.0,57.0,1.64,303.0,29.8,2.7,3.0,1.0,12.32,20.130696022104292,Long,184.75609756097563,138.0,0.05882352941176471,0.7282051282051282,True,False,False,False,False,False,False,2,Moderate
59.0,66.9,1.57,178.0,120.0,71.0,1.44,1153.0,27.5,3.3,2.0,2.0,20.4,27.141060489269343,Medium,800.6944444444445,107.0,0.049327354260089676,0.6741573033707865,True,False,False,True,False,False,False,-1,Active
42.0,50.3,1.69,199.0,159.0,69.0,0.95,1293.0,14.8,3.2,3.0,2.0,,17.61142817128252,Medium,1361.0526315789475,130.0,0.06361829025844931,0.7989949748743719,False,False,False,True,False,False,False,-1,Active
37.0,44.2,1.5,194.0,154.0,74.0,1.11,612.0,24.0,3.5,2.0,2.0,20.62,19.644444444444446,Medium,551.3513513513514,120.0,0.07918552036199095,0.7938144329896907,True,False,False,False,False,False,False,-1,Active
18.0,46.0,1.79,177.0,140.0,68.0,2.0,1386.0,23.6,3.2,3.0,2.0,18.0,14.356605599076184,Long,693.0,109.0,0.06956521739130435,0.7909604519774012,False,False,False,False,False,False,False,-1,Active
54.0,46.3,1.62,161.0,138.0,60.0,1.03,1175.0,32.2,2.5,4.0,2.0,19.44,17.642127724432246,Medium,1140.7766990291261,101.0,0.05399568034557236,0.8571428571428571,True,True,False,False,False,False,False,0,Active
24.0,87.1,1.9,196.0,122.0,51.0,1.42,1153.0,27.6,3.3,3.0,1.0,36.55,24.127423822714682,Medium,811.9718309859155,145.0,0.03788748564867968,0.6224489795918368,True,False,False,True,False,False,False,-1,Active
43.0,40.0,1.89,169.0,134.0,54.0,0.57,1267.0,21.4,1.5,4.0,2.0,12.32,11.197894795778394,Short,2222.8070175438597,115.0,0.0375,0.7928994082840237,False,True,False,False,False,False,False,0,Active
18.0,49.3,1.71,162.0,160.0,52.0,1.23,375.0,29.4,3.4,5.0,,14.06,16.859888512704764,Medium,304.8780487804878,110.0,0.06896551724137931,0.9876543209876543,False,False,False,True,False,False,False,-1,Active
18.0,67.9,1.81,194.0,137.0,73.0,1.19,1405.0,33.8,3.2,2.0,1.0,12.32,20.72586306889289,Medium,1180.672268907563,121.0,0.047128129602356406,0.7061855670103093,False,False,False,False,False,False,False,0,Active
33.0,49.7,1.82,179.0,169.0,71.0,1.55,968.0,32.2,3.6,4.0,3.0,21.87,15.00422654268808,Long,624.516129032258,108.0,0.07243460764587525,0.9441340782122905,True,False,False,False,False,False,False,-1,Active
49.0,88.4,1.75,192.0,145.0,74.0,1.27,493.0,23.5,2.2,3.0,1.0,12.42,28.86530612244898,Medium,388.18897637795277,118.0,0.0248868778280543,0.7552083333333334,True,False,False,True,False,False,False,-1,Active
19.0,129.9,1.82,182.0,158.0,70.0,1.44,1155.0,20.2,3.6,,1.0,17.37,39.21627822726724,Medium,802.0833333333334,112.0,0.027713625866050806,0.8681318681318682,True,False,False,False,False,False,False,-1,Active
35.0,40.3,1.79,183.0,120.0,68.0,1.24,1420.0,14.5,1.7,5.0,1.0,13.37,12.577634905277613,Medium,1145.1612903225807,115.0,0.04218362282878412,0.6557377049180327,True,False,True,False,False,False,False,2,Moderate
34.0,72.1,1.78,167.0,163.0,58.0,0.84,536.0,12.1,2.9,3.0,2.0,12.32,22.755965155914655,Medium,638.0952380952381,109.0,0.04022191400832178,0.9760479041916168,True,True,False,False,False,False,False,-1,Active
50.0,103.8,1.54,185.0,169.0,56.0,2.0,766.0,27.3,3.1,3.0,1.0,12.32,43.76792039129702,Long,383.0,129.0,0.029865125240847785,0.9135135135135135,False,True,False,False,False,False,False,-1,Active
18.0,41.0,1.97,189.0,149.0,63.0,1.64,596.0,,1.8,2.0,2.0,12.32,10.56455976706434,Long,363.4146341463415,126.0,0.04390243902439025,0.7883597883597884,True,False,True,False,False,False,False,0,Active
36.0,85.1,1.73,194.0,156.0,74.0,1.41,1024.0,28.9,3.5,4.0,3.0,13.22,28.433960372882485,Medium,726.2411347517731,120.0,0.041128084606345476,0.8041237113402062,False,False,False,False,False,False,False,-1,Active
18.0,81.0,1.64,175.0,169.0,74.0,1.99,878.0,21.7,1.5,2.0,3.0,13.42,30.116002379535995,Long,441.20603015075375,101.0,0.018518518518518517,0.9657142857142857,True,False,False,True,False,False,False,-1,Active
47.0,74.1,1.87,168.0,123.0,70.0,0.95,1030.0,14.8,1.5,3.0,1.0,21.54,21.190197031656606,Medium,1084.2105263157896,98.0,0.020242914979757085,0.7321428571428571,False,False,False,True,False,False,False,-1,Active
32.0,72.1,1.71,173.0,156.0,72.0,1.61,606.0,12.0,2.7,2.0,2.0,17.91,24.657159467870457,Long,376.3975155279503,101.0,0.03744798890429959,0.9017341040462428,False,True,False,False,False,False,False,0,Active
45.0,47.9,1.71,194.0,169.0,70.0,0.78,772.0,23.5,2.8,3.0,2.0,20.37,16.381108717212136,Medium,989.7435897435897,124.0,0.05845511482254697,0.8711340206185567,False,True,False,False,False,False,False,0,Active
25.0,113.3,1.75,187.0,155.0,74.0,1.44,564.0,22.1,1.6,3.0,2.0,21.36,36.99591836734694,Medium,391.6666666666667,113.0,0.01412180052956752,0.8288770053475936,True,False,True,False,False,False,False,-1,Active
23.0,56.8,1.83,197.0,152.0,56.0,1.22,1193.0,23.2,1.6,4.0,2.0,,16.960793096240554,Medium,977.8688524590165,141.0,0.028169014084507046,0.7715736040609137,True,False,False,False,False,False,False,2,Moderate
23.0,78.2,1.9,180.0,131.0,55.0,0.85,888.0,16.2,2.3,3.0,1.0,29.89,21.662049861495845,Medium,1044.7058823529412,125.0,0.02941176470588235,0.7277777777777777,False,False,True,False,False,False,False,-1,Active
59.0,40.0,1.78,179.0,139.0,59.0,1.16,483.0,19.7,3.7,,1.0,19.22,12.624668602449185,Medium,416.3793103448276,120.0,0.0925,0.776536312849162,True,True,False,False,False,False,False,-1,Active
23.0,69.2,1.73,180.0,165.0,70.0,2.0,765.0,23.3,1.8,4.0,2.0,21.96,23.121387283236995,Long,382.5,110.0,0.02601156069364162,0.9166666666666666,False,True,False,False,False,False,False,-1,Active
48.0,91.3,1.58,175.0,152.0,72.0,1.25,1576.0,28.9,3.4,2.0,2.0,19.62,36.57266463707739,Medium,1260.8,103.0,0.03723986856516977,0.8685714285714285,False,False,False,True,False,False,False,0,Active
46.0,68.2,1.88,172.0,167.0,70.0,1.41,723.0,17.2,2.6,5.0,1.0,32.75,19.296061566319604,Medium,512.7659574468086,102.0,0.03812316715542522,0.9709302325581395,True,False,True,False,False,False,False,-1,Active
18.0,45.1,1.86,182.0,169.0,64.0,0.92,1482.0,25.5,3.7,2.0,3.0,18.99,13.036189154815585,Medium,1610.8695652173913,118.0,0.082039911308204,0.9285714285714286,False,False,True,False,False,False,False,-1,Active
20.0,70.5,1.65,179.0,144.0,74.0,0.6,1151.0,15.5,3.5,2.0,2.0,12.32,25.895316804407717,Short,1918.3333333333335,105.0,0.04964539007092199,0.8044692737430168,True,False,False,True,False,False,False,-1,Active
18.0,54.2,1.68,199.0,137.0,74.0,1.67,972.0,14.1,3.4,2.0,,15.66,19.20351473922903,Long,582.0359281437126,125.0,0.06273062730627306,0.6884422110552764,False,True,False,False,False,False,False,-1,Active
18.0,83.6,1.86,170.0,162.0,74.0,0.83,732.0,22.7,2.8,2.0,3.0,24.77,24.16464331136547,Medium,881.9277108433736,96.0,0.03349282296650718,0.9529411764705882,False,True,False,False,False,False,False,-1,Active
37.0,58.0,1.6,168.0,143.0,52.0,1.28,834.0,21.0,3.6,4.0,2.0,22.2,22.656249999999996,Medium,651.5625,116.0,0.06206896551724138,0.8511904761904762,False,False,True,False,False,False,False,-1,Active
52.0,40.0,1.91,194.0,151.0,59.0,1.96,535.0,23.4,1.5,4.0,2.0,23.62,10.964611715687619,Long,272.9591836734694,135.0,0.0375,0.7783505154639175,False,True,False,False,False,False,False,-1,Active
30.0,40.0,1.62,166.0,164.0,73.0,1.23,1046.0,25.2,3.7,5.0,3.0,14.53,15.241579027587255,Medium,850.4065040650406,93.0,0.0925,0.9879518072289156,False,False,False,True,False,False,False,-1,Active
23.0,83.5,1.5,194.0,142.0,63.0,2.0,767.0,25.8,2.9,4.0,2.0,12.32,37.111111111111114,Long,383.5,131.0,0.03473053892215569,0.7319587628865979,False,False,False,True,False,False,False,-1,Active
22.0,81.9,1.8,163.0,146.0,74.0,1.15,971.0,22.4,2.5,5.0,,28.26,25.27777777777778,Medium,844.3478260869566,89.0,0.030525030525030524,0.8957055214723927,False,True,False,False,False,False,False,-1,Active
40.0,45.2,1.74,180.0,136.0,74.0,1.08,1058.0,26.0,3.3,,3.0,18.36,14.929316950720043,Medium,979.6296296296296,106.0,0.07300884955752211,0.7555555555555555,True,False,False,False,False,False,True,-1,Active
49.0,60.2,1.62,162.0,155.0,72.0,1.11,1105.0,23.4,3.1,3.0,1.0,16.85,22.93857643651882,Medium,995.4954954954954,90.0,0.05149501661129568,0.9567901234567902,True,False,False,False,True,False,False,-1,Active
51.0,47.3,1.74,194.0,148.0,55.0,2.0,1259.0,28.8,3.1,3.0,1.0,24.75,15.622935658607476,Long,629.5,139.0,0.06553911205073996,0.7628865979381443,False,False,True,False,False,False,False,-1,Active
28.0,69.3,1.61,187.0,140.0,53.0,1.12,998.0,17.6,2.8,,3.0,32.49,26.73507966513637,Medium,891.0714285714284,134.0,0.0404040404040404,0.7486631016042781,True,True,False,False,False,False,False,1,Active
33.0,40.0,1.79,189.0,144.0,67.0,2.0,1285.0,27.2,2.6,3.0,2.0,15.69,12.484004868761899,Long,642.5,122.0,0.065,0.7619047619047619,False,True,False,False,False,False,False,-1,Active
48.0,87.3,2.0,190.0,159.0,61.0,1.97,897.0,10.7,3.5,5.0,3.0,18.2,21.825,Long,455.3299492385787,129.0,0.04009163802978236,0.8368421052631579,True,False,False,True,False,False,False,-1,Active
49.0,40.0,1.77,175.0,127.0,73.0,1.2,1109.0,24.7,2.4,3.0,3.0,25.41,12.767723195761114,Medium,924.1666666666667,102.0,0.06,0.7257142857142858,True,False,False,True,False,False,False,-1,Active
18.0,50.9,1.73,170.0,137.0,58.0,1.43,804.0,23.5,3.7,2.0,2.0,17.61,17.006916368739347,Medium,562.2377622377622,112.0,0.07269155206286837,0.8058823529411765,True,False,True,False,False,False,False,-1,Active
55.0,59.9,1.53,178.0,157.0,54.0,1.23,1044.0,26.9,3.4,4.0,1.0,31.33,25.588448887180142,Medium,848.780487804878,124.0,0.05676126878130217,0.8820224719101124,False,True,False,False,False,False,False,0,Active
44.0,66.8,1.97,194.0,126.0,65.0,1.66,1382.0,18.5,1.6,4.0,2.0,23.14,17.212502254631655,Long,832.5301204819277,129.0,0.023952095808383235,0.6494845360824743,True,True,False,False,False,False,False,-1,Active
50.0,97.0,1.65,191.0,133.0,70.0,1.43,1256.0,27.1,1.5,5.0,,27.51,35.62901744719927,Medium,878.3216783216784,121.0,0.015463917525773196,0.6963350785340314,True,False,False,False,False,False,False,-1,Active
37.0,75.8,1.63,192.0,131.0,64.0,0.98,921.0,26.5,1.5,4.0,1.0,14.0,28.52948925439422,Medium,939.795918367347,128.0,0.01978891820580475,0.6822916666666666,True,False,True,False,False,False,False,-1,Active
21.0,51.6,1.5,175.0,149.0,66.0,2.0,863.0,25.2,2.0,3.0,1.0,24.7,22.933333333333334,Long,431.5,109.0,0.03875968992248062,0.8514285714285714,False,False,False,True,False,False,False,-1,Active
27.0,55.4,1.88,187.0,134.0,53.0,2.0,855.0,16.3,2.6,5.0,1.0,14.33,15.674513354459032,Long,427.5,134.0,0.04693140794223827,0.7165775401069518,False,False,True,False,False,False,False,2,Moderate
23.0,72.9,1.51,190.0,164.0,57.0,1.29,925.0,22.3,1.5,2.0,1.0,40.08,31.972281917459764,Medium,717.0542635658915,133.0,0.0205761316872428,0.8631578947368421,True,False,True,False,False,False,False,-1,Active
30.0,80.2,1.91,192.0,135.0,62.0,1.47,1461.0,16.5,3.7,2.0,3.0,28.49,21.984046489953677,Medium,993.8775510204082,130.0,0.046134663341645885,0.703125,False,False,True,False,False,False,False,-1,Active
,97.2,1.73,175.0,165.0,72.0,1.15,707.0,14.3,1.5,,2.0,16.19,32.47686190651208,Medium,614.7826086956522,103.0,0.015432098765432098,0.9428571428571428,True,False,True,False,False,False,False,-1,Active
45.0,121.2,1.67,186.0,133.0,55.0,2.0,466.0,16.7,3.4,4.0,1.0,30.69,43.4579941912582,Long,233.0,131.0,0.028052805280528052,0.7150537634408602,True,False,False,False,False,False,False,-1,Active
36.0,100.2,1.93,199.0,166.0,60.0,0.98,1076.0,24.6,2.7,4.0,2.0,16.49,26.900051008080755,Medium,1097.9591836734694,139.0,0.02694610778443114,0.8341708542713567,False,True,False,False,False,False,False,0,Active
45.0,84.1,1.71,161.0,169.0,56.0,1.38,480.0,22.4,3.4,3.0,3.0,38.83,28.760986286378717,Medium,347.82608695652175,105.0,0.04042806183115339,1.049689440993789,True,False,False,True,False,False,False,-1,Active
51.0,52.0,1.92,173.0,164.0,74.0,1.31,706.0,25.7,1.5,2.0,1.0,14.05,14.105902777777779,Medium,538.9312977099237,99.0,0.028846153846153848,0.9479768786127167,True,False,False,False,False,False,False,-1,Active
25.0,70.7,1.7,165.0,160.0,53.0,0.99,808.0,23.5,2.1,3.0,1.0,18.29,24.463667820069208,Medium,816.1616161616162,112.0,0.0297029702970297,0.9696969696969697,True,True,False,False,False,False,False,-1,Active
52.0,50.8,1.8,199.0,159.0,63.0,1.51,1153.0,24.9,2.4,4.0,2.0,16.16,15.679012345679011,Long,763.5761589403974,136.0,0.047244094488188976,0.7989949748743719,False,True,False,False,False,False,False,0,Active
28.0,48.7,1.6,175.0,133.0,59.0,1.38,996.0,23.5,1.5,2.0,2.0,21.98,19.023437499999996,Medium,721.7391304347826,116.0,0.030800821355236138,0.76,False,True,False,False,False,False,False,0,Active
24.0,51.3,1.69,174.0,153.0,74.0,1.18,828.0,16.1,2.6,3.0,2.0,21.88,17.961555967928295,Medium,701.6949152542373,100.0,0.050682261208577,0.8793103448275862,False,False,False,True,False,False,False,0,Active
42.0,77.0,1.63,185.0,136.0,68.0,1.07,1029.0,29.2,1.5,5.0,1.0,15.93,28.981143437841094,Medium,961.6822429906541,117.0,0.01948051948051948,0.7351351351351352,False,False,False,False,False,False,False,-1,Active
31.0,50.1,1.69,185.0,169.0,64.0,1.68,1001.0,27.4,1.6,4.0,1.0,22.3,17.541402611953366,Long,595.8333333333334,121.0,0.03193612774451098,0.9135135135135135,False,False,True,False,False,False,False,-1,Active
45.0,99.3,1.93,182.0,137.0,50.0,1.23,686.0,,2.4,3.0,3.0,33.26,26.658433783457273,Medium,557.7235772357724,132.0,0.02416918429003021,0.7527472527472527,False,False,True,False,False,False,False,0,Active
18.0,89.2,1.88,189.0,167.0,58.0,2.0,1126.0,29.7,3.5,4.0,2.0,13.63,25.237664101403354,Long,563.0,131.0,0.03923766816143497,0.8835978835978836,True,False,False,False,False,False,False,0,Active
18.0,70.8,1.96,196.0,130.0,61.0,1.46,708.0,25.2,2.2,3.0,2.0,12.32,18.42982090795502,Medium,484.9315068493151,135.0,0.03107344632768362,0.6632653061224489,False,False,False,False,False,False,False,-1,Active
50.0,59.1,1.74,181.0,156.0,51.0,1.01,985.0,30.1,3.5,2.0,3.0,24.07,19.520412207689258,Medium,975.2475247524752,130.0,0.05922165820642978,0.861878453038674,True,False,False,True,False,False,False,-1,Active
46.0,67.5,1.76,160.0,150.0,74.0,1.43,577.0,20.0,2.6,4.0,2.0,17.39,21.791064049586776,Medium,403.4965034965035,86.0,0.03851851851851852,0.9375,False,False,False,True,False,False,False,-1,Active
27.0,41.4,1.69,191.0,169.0,56.0,1.99,647.0,23.2,2.8,5.0,2.0,16.26,14.495290781135116,Long,325.1256281407035,135.0,0.06763285024154589,0.8848167539267016,False,False,False,True,False,False,False,0,Active
24.0,80.0,1.59,198.0,125.0,70.0,1.68,1263.0,15.3,3.6,3.0,2.0,14.62,31.644317867172973,Long,751.7857142857143,128.0,0.045,0.6313131313131313,False,False,False,False,False,False,False,-1,Active
24.0,95.5,1.57,181.0,158.0,67.0,1.47,1609.0,32.5,2.0,4.0,2.0,26.3,38.743965272424845,Medium,1094.5578231292518,114.0,0.020942408376963352,0.8729281767955801,True,False,False,False,False,False,False,-1,Active
18.0,66.9,1.76,163.0,169.0,55.0,1.15,1018.0,24.2,3.0,3.0,1.0,16.52,21.59736570247934,Medium,885.2173913043479,108.0,0.04484304932735426,1.0368098159509203,True,False,False,True,False,False,False,-1,Active
18.0,82.8,1.5,197.0,134.0,74.0,1.79,1009.0,30.5,3.3,3.0,3.0,19.41,36.8,Long,563.6871508379888,123.0,0.03985507246376811,0.6802030456852792,True,False,False,False,False,False,False,-1,Active
26.0,79.7,1.64,194.0,148.0,55.0,2.0,1462.0,21.8,3.2,4.0,2.0,26.9,29.63265913146937,Long,731.0,139.0,0.040150564617314935,0.7628865979381443,True,False,False,True,False,False,False,-1,Active
33.0,71.8,1.51,190.0,167.0,59.0,1.84,1321.0,26.6,3.2,4.0,3.0,12.97,31.48984693653787,Long,717.9347826086956,131.0,0.044568245125348196,0.8789473684210526,False,True,False,False,False,False,False,0,Active
35.0,73.4,1.57,169.0,138.0,67.0,1.14,977.0,32.4,3.0,4.0,3.0,25.05,29.778084303622865,Medium,857.0175438596492,102.0,0.04087193460490463,0.8165680473372781,True,False,True,False,False,False,False,-1,Active
54.0,45.8,1.62,163.0,135.0,66.0,1.26,1703.0,15.2,1.6,4.0,2.0,17.99,17.451607986587405,Medium,1351.5873015873017,97.0,0.03493449781659389,0.8282208588957055,False,False,True,False,False,False,False,-1,Active
44.0,106.8,1.65,171.0,143.0,71.0,1.54,1295.0,17.1,3.5,3.0,3.0,25.4,39.22865013774105,Long,840.9090909090909,100.0,0.03277153558052435,0.8362573099415205,False,False,False,False,False,False,False,-1,Active
19.0,59.8,1.7,181.0,120.0,73.0,1.54,1130.0,29.6,3.5,3.0,1.0,22.56,20.69204152249135,Long,733.7662337662338,108.0,0.05852842809364549,0.6629834254143646,True,False,False,False,False,False,False,-1,Active
58.0,56.5,1.76,180.0,139.0,74.0,2.0,1396.0,24.1,3.4,2.0,2.0,28.26,18.239927685950413,Long,698.0,106.0,0.06017699115044248,0.7722222222222223,True,False,False,True,False,False,False,-1,Active
18.0,49.9,1.74,177.0,161.0,70.0,2.0,950.0,23.0,3.4,4.0,2.0,17.53,16.481701677896684,Long,475.0,107.0,0.06813627254509018,0.9096045197740112,True,True,False,False,False,False,False,-1,Active
30.0,62.3,1.82,174.0,160.0,64.0,1.23,1080.0,15.9,2.5,3.0,3.0,22.26,18.808114961961113,Medium,878.048780487805,110.0,0.04012841091492777,0.9195402298850575,False,False,False,False,False,False,False,-1,Active
18.0,76.1,1.64,196.0,169.0,63.0,1.43,686.0,34.8,1.5,3.0,3.0,33.24,28.294170136823322,Medium,479.72027972027973,133.0,0.01971090670170828,0.8622448979591837,False,False,False,False,False,False,False,0,Active
18.0,40.0,1.74,160.0,145.0,74.0,0.53,907.0,24.8,3.6,,3.0,24.44,13.21178491214163,Short,1711.3207547169811,86.0,0.09,0.90625,False,False,True,False,False,False,False,-1,Active
28.0,67.1,1.9,184.0,169.0,59.0,1.61,587.0,20.8,2.7,3.0,1.0,12.32,18.587257617728532,Long,364.59627329192546,125.0,0.04023845007451565,0.9184782608695652,False,False,False,True,False,False,False,-1,Active
18.0,53.9,1.69,187.0,169.0,56.0,1.34,752.0,13.6,3.3,3.0,2.0,15.23,18.871888239207312,Medium,561.1940298507462,131.0,0.061224489795918366,0.9037433155080213,False,False,False,True,False,False,False,0,Active
34.0,79.3,1.65,181.0,149.0,64.0,1.4,501.0,12.0,2.3,2.0,1.0,24.84,29.12764003673095,Medium,357.8571428571429,117.0,0.029003783102143757,0.8232044198895028,False,True,False,False,False,False,False,-1,Active
18.0,40.0,1.88,165.0,145.0,71.0,1.59,1121.0,22.6,3.4,2.0,1.0,14.1,11.317338162064283,Long,705.0314465408804,94.0,0.08499999999999999,0.8787878787878788,False,False,False,False,True,False,False,-1,Active
35.0,75.7,1.74,189.0,136.0,74.0,1.7,854.0,24.0,1.5,2.0,2.0,12.47,25.003302946228036,Long,502.3529411764706,115.0,0.019815059445178335,0.7195767195767195,True,True,False,False,False,False,False,-1,Active
29.0,82.5,1.79,190.0,132.0,69.0,0.9,664.0,10.0,2.3,2.0,1.0,34.85,25.748260041821418,Medium,737.7777777777777,121.0,0.027878787878787878,0.6947368421052632,True,False,False,True,False,False,False,-1,Active
19.0,40.0,1.84,199.0,123.0,74.0,1.34,904.0,30.2,3.1,3.0,1.0,16.34,11.814744801512287,Medium,674.6268656716418,125.0,0.0775,0.6180904522613065,True,False,False,False,False,False,False,-1,Active
20.0,73.0,1.59,175.0,165.0,70.0,0.96,869.0,30.1,3.0,5.0,1.0,15.01,28.875440053795337,Medium,905.2083333333334,105.0,0.0410958904109589,0.9428571428571428,False,False,False,False,False,False,False,-1,Active
23.0,56.5,1.97,169.0,151.0,56.0,2.0,1380.0,28.6,2.6,3.0,2.0,13.2,14.558478703393543,Long,690.0,113.0,0.04601769911504425,0.893491124260355,False,False,True,False,False,False,False,0,Active
33.0,78.7,1.61,193.0,137.0,55.0,0.93,1668.0,24.5,2.3,,2.0,19.47,30.361482967478103,Medium,1793.5483870967741,138.0,0.02922490470139771,0.7098445595854922,True,False,True,False,False,False,False,2,Moderate
27.0,75.4,1.58,192.0,169.0,63.0,1.3,1386.0,16.9,3.6,3.0,1.0,15.63,30.203493029963145,Medium,1066.1538461538462,129.0,0.04774535809018567,0.8802083333333334,True,False,True,False,False,False,False,0,Active
48.0,59.6,1.78,181.0,152.0,53.0,1.65,1741.0,23.2,3.3,4.0,1.0,12.32,18.810756217649285,Long,1055.1515151515152,128.0,0.05536912751677852,0.8397790055248618,True,False,True,False,False,False,False,0,Active
29.0,57.2,1.84,168.0,141.0,74.0,1.56,303.0,16.8,2.4,5.0,3.0,29.68,16.895085066162572,Long,194.23076923076923,94.0,0.04195804195804195,0.8392857142857143,False,False,False,True,False,False,False,-1,Active
39.0,74.3,1.63,178.0,169.0,57.0,1.35,1376.0,25.9,3.2,3.0,3.0,20.29,27.96492152508563,Medium,1019.2592592592592,121.0,0.04306864064602962,0.949438202247191,False,False,False,True,False,False,False,-1,Active
54.0,63.8,1.92,188.0,131.0,57.0,0.98,1117.0,20.7,1.6,5.0,2.0,26.75,17.30685763888889,Medium,1139.795918367347,131.0,0.025078369905956115,0.6968085106382979,True,True,False,False,False,False,False,2,Moderate
21.0,45.1,1.87,192.0,138.0,69.0,1.89,1071.0,25.8,2.3,5.0,2.0,19.64,12.897137464611511,Long,566.6666666666667,123.0,0.050997782705099776,0.71875,False,False,False,False,False,False,False,0,Active
58.0,59.0,1.78,166.0,144.0,74.0,1.47,1152.0,28.9,3.4,5.0,2.0,22.67,18.621386188612547,Medium,783.6734693877551,92.0,0.0576271186440678,0.8674698795180723,False,False,True,False,False,False,False,-1,Active
20.0,57.1,1.66,168.0,146.0,74.0,1.17,1040.0,24.6,3.5,2.0,2.0,17.57,20.72143997677457,Medium,888.8888888888889,94.0,0.06129597197898424,0.8690476190476191,True,False,False,False,False,False,False,-1,Active
43.0,68.8,1.79,188.0,122.0,73.0,1.56,350.0,23.4,1.5,4.0,1.0,14.27,21.472488374270466,Long,224.35897435897436,115.0,0.02180232558139535,0.648936170212766,True,True,False,False,False,False,False,-1,Active
55.0,98.6,1.6,197.0,167.0,74.0,1.16,802.0,22.1,2.9,4.0,2.0,14.29,38.51562499999999,Medium,691.3793103448277,123.0,0.029411764705882353,0.8477157360406091,False,True,False,False,False,False,False,0,Active
36.0,45.8,1.59,177.0,126.0,74.0,0.92,1221.0,32.9,3.0,3.0,3.0,30.03,18.116371978956526,Medium,1327.1739130434783,103.0,0.06550218340611354,0.711864406779661,True,False,True,False,False,False,False,-1,Active
53.0,47.5,1.66,166.0,156.0,55.0,1.1,1766.0,22.5,1.6,3.0,1.0,32.14,17.237625199593555,Medium,1605.4545454545453,111.0,0.03368421052631579,0.9397590361445783,False,True,False,False,False,False,False,-1,Active
52.0,88.0,1.87,180.0,128.0,74.0,1.44,1058.0,32.2,1.7,4.0,2.0,27.54,25.165146272412706,Medium,734.7222222222223,106.0,0.019318181818181818,0.7111111111111111,True,False,True,False,False,False,False,-1,Active
43.0,76.3,1.66,188.0,164.0,58.0,0.84,606.0,25.7,1.8,3.0,1.0,28.19,27.689069531136596,Medium,721.4285714285714,130.0,0.0235910878112713,0.8723404255319149,True,False,True,False,False,False,False,-1,Active
31.0,85.9,1.7,162.0,143.0,56.0,2.0,1455.0,28.0,3.3,3.0,3.0,12.78,29.723183391003467,Long,727.5,106.0,0.038416763678696154,0.8827160493827161,False,False,False,True,False,False,False,-1,Active
28.0,93.7,1.77,192.0,142.0,57.0,1.45,1230.0,14.8,3.6,2.0,2.0,23.62,29.90839158607041,Medium,848.2758620689656,135.0,0.0384204909284952,0.7395833333333334,True,False,False,False,False,False,False,-1,Active
26.0,83.6,1.79,171.0,128.0,72.0,0.7,1247.0,25.4,3.2,3.0,1.0,27.91,26.091570175712366,Short,1781.4285714285716,99.0,0.038277511961722493,0.7485380116959064,True,False,True,False,False,False,False,0,Active
36.0,77.6,1.6,183.0,165.0,72.0,0.66,1208.0,25.6,1.7,3.0,1.0,12.44,30.312499999999993,Short,1830.3030303030303,111.0,0.021907216494845363,0.9016393442622951,False,False,False,False,False,False,False,-1,Active
28.0,44.7,1.68,166.0,160.0,62.0,0.99,1672.0,28.6,1.5,2.0,3.0,17.59,15.837585034013609,Medium,1688.888888888889,104.0,0.03355704697986577,0.963855421686747,False,False,False,True,False,False,False,-1,Active
40.0,79.9,1.51,175.0,169.0,64.0,1.44,1277.0,26.2,1.5,5.0,3.0,14.09,35.042322705144514,Medium,886.8055555555555,111.0,0.018773466833541926,0.9657142857142857,True,False,False,True,False,False,False,-1,Active
45.0,70.2,1.82,167.0,139.0,67.0,1.32,953.0,10.0,1.5,4.0,2.0,13.6,21.19309262166405,Medium,721.9696969696969,100.0,0.021367521367521368,0.8323353293413174,False,False,True,False,False,False,False,-1,Active
40.0,44.2,1.7,161.0,160.0,64.0,1.71,979.0,23.7,3.4,3.0,2.0,24.1,15.294117647058826,Long,572.514619883041,97.0,0.07692307692307691,0.9937888198757764,False,False,False,True,False,False,False,-1,Active
49.0,90.6,1.78,181.0,130.0,63.0,1.27,1002.0,28.2,2.3,3.0,2.0,15.66,28.594874384547403,Medium,788.9763779527559,118.0,0.025386313465783666,0.7182320441988951,True,False,True,False,False,False,False,0,Active
40.0,56.8,1.54,166.0,167.0,71.0,1.06,1225.0,27.6,1.7,4.0,1.0,12.32,23.950075898127846,Medium,1155.6603773584905,95.0,0.029929577464788734,1.0060240963855422,False,False,False,True,False,False,False,-1,Active
51.0,48.7,1.5,168.0,140.0,58.0,0.93,1108.0,27.3,3.2,2.0,2.0,12.32,21.644444444444446,Medium,1191.3978494623655,110.0,0.06570841889117043,0.8333333333333334,False,False,False,False,False,False,False,0,Active
41.0,72.3,1.66,165.0,142.0,74.0,1.4,758.0,25.6,3.6,4.0,1.0,23.85,26.237480040644506,Medium,541.4285714285714,91.0,0.049792531120331954,0.8606060606060606,False,False,False,False,False,False,False,-1,Active
43.0,68.0,1.78,183.0,120.0,58.0,2.0,1030.0,22.8,1.5,4.0,2.0,17.25,21.461936624163616,Long,515.0,125.0,0.022058823529411766,0.6557377049180327,False,True,False,False,False,False,False,-1,Active
44.0,46.7,1.81,191.0,132.0,58.0,1.45,1113.0,10.0,3.5,4.0,3.0,23.21,14.254754128384361,Medium,767.5862068965517,133.0,0.07494646680942184,0.6910994764397905,True,False,False,False,False,False,False,-1,Active
30.0,59.4,1.87,190.0,122.0,50.0,1.77,1337.0,25.5,2.8,4.0,1.0,23.2,16.986473733878576,Long,755.367231638418,140.0,0.04713804713804714,0.6421052631578947,True,False,False,True,False,False,False,-1,Active
18.0,75.9,1.7,183.0,151.0,51.0,1.01,1289.0,30.1,3.2,2.0,1.0,24.94,26.262975778546718,Medium,1276.2376237623762,132.0,0.04216073781291173,0.825136612021858,False,True,False,False,False,False,False,0,Active
47.0,45.1,1.73,193.0,152.0,57.0,1.25,918.0,29.7,2.8,3.0,3.0,14.58,15.068996625346653,Medium,734.4,136.0,0.06208425720620842,0.7875647668393783,False,False,False,False,False,False,False,-1,Active
25.0,64.6,1.51,194.0,127.0,55.0,1.4,1155.0,26.9,3.5,2.0,3.0,17.74,28.33209069777641,Medium,825.0,139.0,0.0541795665634675,0.654639175257732,False,False,False,False,False,False,False,-1,Active
18.0,68.7,1.6,163.0,135.0,61.0,1.05,367.0,23.1,3.6,3.0,,33.26,26.835937499999996,Medium,349.5238095238095,102.0,0.05240174672489083,0.8282208588957055,False,False,False,True,False,False,False,-1,Active
45.0,61.1,1.74,171.0,164.0,69.0,1.16,1019.0,19.6,2.8,3.0,1.0,16.37,20.18100145329634,Medium,878.4482758620691,102.0,0.04582651391162029,0.9590643274853801,False,False,False,True,False,False,False,-1,Active
47.0,70.1,1.71,199.0,139.0,74.0,1.15,1238.0,25.1,2.5,4.0,1.0,19.95,23.973188331452413,Medium,1076.5217391304348,125.0,0.03566333808844508,0.6984924623115578,False,False,False,False,False,False,False,2,Moderate
28.0,50.3,1.81,176.0,156.0,70.0,1.46,1143.0,31.8,1.9,3.0,1.0,26.47,15.35362168431977,Medium,782.8767123287671,106.0,0.03777335984095428,0.8863636363636364,True,False,True,False,False,False,False,-1,Active
18.0,66.8,1.62,161.0,169.0,74.0,1.57,1410.0,30.2,3.3,,,22.63,25.453436976070716,Long,898.0891719745223,87.0,0.04940119760479042,1.049689440993789,False,True,False,False,False,False,False,-1,Active
28.0,59.9,1.7,169.0,163.0,65.0,1.26,1474.0,11.7,2.9,4.0,1.0,33.85,20.72664359861592,Medium,1169.8412698412699,104.0,0.048414023372287146,0.9644970414201184,True,False,False,True,False,False,False,-1,Active
41.0,52.8,1.68,192.0,132.0,59.0,1.47,1709.0,29.6,3.5,4.0,1.0,12.32,18.70748299319728,Medium,1162.5850340136055,133.0,0.06628787878787878,0.6875,True,False,False,False,False,False,False,-1,Active
51.0,62.7,1.73,198.0,140.0,50.0,1.98,1656.0,18.2,3.6,4.0,2.0,33.87,20.94958067426242,Long,836.3636363636364,148.0,0.05741626794258373,0.7070707070707071,False,False,True,False,False,False,False,-1,Active
34.0,76.4,1.84,164.0,161.0,69.0,1.2,978.0,17.0,3.0,3.0,1.0,21.69,22.56616257088847,Medium,815.0,95.0,0.03926701570680628,0.9817073170731707,True,False,False,False,False,False,False,-1,Active
52.0,54.7,1.93,193.0,135.0,62.0,2.0,416.0,31.9,3.2,2.0,2.0,34.32,14.684957985449275,Long,208.0,131.0,0.05850091407678245,0.6994818652849741,True,False,False,False,False,False,False,-1,Active
18.0,49.0,1.72,190.0,153.0,60.0,0.72,862.0,24.4,2.8,4.0,3.0,17.26,16.563007030827475,Short,1197.2222222222222,130.0,0.05714285714285714,0.8052631578947368,False,True,False,False,False,False,False,-1,Active
30.0,46.3,1.59,166.0,133.0,54.0,1.33,1001.0,23.8,2.2,2.0,2.0,17.74,18.314148965626355,Medium,752.6315789473683,112.0,0.04751619870410368,0.8012048192771084,True,False,True,False,False,False,False,0,Active
35.0,68.2,1.7,178.0,137.0,52.0,2.0,1181.0,23.5,3.3,3.0,2.0,31.92,23.59861591695502,Long,590.5,126.0,0.04838709677419355,0.7696629213483146,False,True,False,False,False,False,False,0,Active
36.0,85.1,1.67,184.0,131.0,53.0,1.03,608.0,19.7,2.1,4.0,2.0,20.8,30.513822654093012,Medium,590.2912621359224,131.0,0.02467685076380729,0.7119565217391305,False,False,False,True,False,False,False,2,Moderate
,59.8,2.0,188.0,144.0,70.0,2.0,1337.0,32.9,3.1,3.0,1.0,14.17,14.95,Long,668.5,118.0,0.05183946488294315,0.7659574468085106,False,True,False,False,False,False,False,0,Active
56.0,63.7,1.74,161.0,158.0,65.0,1.94,1297.0,28.6,3.2,3.0,3.0,14.53,21.039767472585545,Long,668.5567010309278,96.0,0.05023547880690738,0.9813664596273292,False,False,False,True,False,False,False,-1,Active
34.0,40.0,1.68,183.0,167.0,64.0,1.45,1642.0,28.2,2.3,3.0,2.0,17.03,14.172335600907031,Medium,1132.4137931034484,119.0,0.057499999999999996,0.912568306010929,True,False,False,True,False,False,False,0,Active
56.0,64.7,1.78,199.0,129.0,62.0,1.1,941.0,11.5,2.4,3.0,2.0,13.72,20.42040146446156,Medium,855.4545454545454,137.0,0.03709428129829984,0.6482412060301508,True,True,False,False,False,False,False,-1,Active
28.0,56.5,1.73,198.0,136.0,74.0,1.23,991.0,14.5,3.6,5.0,1.0,13.82,18.878011293394366,Medium,805.6910569105692,124.0,0.06371681415929203,0.6868686868686869,True,False,True,False,False,False,False,0,Active
18.0,56.9,1.74,180.0,149.0,59.0,0.89,1441.0,22.0,3.2,2.0,2.0,19.82,18.79376403752147,Medium,1619.1011235955057,121.0,0.0562390158172232,0.8277777777777777,True,False,False,False,False,False,False,-1,Active
18.0,115.8,1.68,177.0,150.0,74.0,1.11,629.0,24.2,3.6,5.0,2.0,20.56,41.02891156462586,Medium,566.6666666666666,103.0,0.031088082901554407,0.847457627118644,True,False,True,False,False,False,False,0,Active
45.0,46.0,1.76,165.0,135.0,69.0,1.05,1121.0,24.0,1.5,5.0,2.0,28.92,14.850206611570249,Medium,1067.6190476190475,96.0,0.03260869565217391,0.8181818181818182,True,False,False,True,False,False,False,-1,Active
47.0,46.9,1.91,162.0,145.0,53.0,1.17,733.0,23.8,1.5,3.0,2.0,14.88,12.856007236643732,Medium,626.4957264957266,109.0,0.031982942430703626,0.8950617283950617,False,True,False,False,False,False,False,-1,Active
19.0,97.4,1.75,173.0,144.0,56.0,1.27,917.0,27.1,3.2,4.0,2.0,28.45,31.804081632653062,Medium,722.0472440944882,117.0,0.03285420944558522,0.8323699421965318,True,True,False,False,False,False,False,0,Active
42.0,117.7,1.71,198.0,149.0,74.0,0.89,943.0,23.7,1.8,4.0,1.0,26.89,40.251701378201844,Medium,1059.5505617977528,124.0,0.015293118096856415,0.7525252525252525,True,False,False,False,False,False,False,-1,Active
24.0,91.2,1.66,167.0,129.0,60.0,1.27,314.0,30.8,3.4,5.0,1.0,21.76,33.09624038321963,Medium,247.24409448818898,107.0,0.03728070175438596,0.7724550898203593,False,True,False,False,False,False,False,0,Active
18.0,100.3,1.83,168.0,125.0,74.0,1.21,746.0,23.3,3.4,5.0,1.0,,29.95013287945295,Medium,616.5289256198347,94.0,0.03389830508474576,0.7440476190476191,False,False,False,True,False,False,False,0,Active
28.0,51.1,1.66,161.0,154.0,65.0,0.86,944.0,31.1,3.3,5.0,2.0,19.67,18.544055741036438,Medium,1097.6744186046512,96.0,0.06457925636007827,0.9565217391304348,True,True,False,False,False,False,False,-1,Active
18.0,79.0,1.64,191.0,150.0,74.0,1.37,1741.0,16.9,1.9,4.0,,30.73,29.372397382510414,Medium,1270.802919708029,117.0,0.024050632911392405,0.7853403141361257,True,False,False,True,False,False,False,0,Active
44.0,65.0,1.57,165.0,168.0,70.0,1.02,1232.0,27.9,3.6,3.0,1.0,32.75,26.370238143535232,Medium,1207.8431372549019,95.0,0.055384615384615386,1.018181818181818,False,False,False,False,False,False,False,-1,Active
24.0,86.3,1.71,191.0,150.0,50.0,1.33,1166.0,33.3,1.8,3.0,1.0,18.7,29.513354536438566,Medium,876.6917293233082,141.0,0.02085747392815759,0.7853403141361257,True,False,False,True,False,False,False,-1,Active
39.0,43.3,1.68,184.0,128.0,51.0,1.5,712.0,13.2,1.5,2.0,2.0,17.06,15.34155328798186,Medium,474.6666666666667,133.0,0.034642032332563515,0.6956521739130435,True,False,False,False,False,False,False,-1,Active
52.0,40.0,1.71,165.0,157.0,74.0,1.64,1001.0,18.6,2.8,4.0,2.0,17.27,13.679422728360864,Long,610.3658536585366,91.0,0.06999999999999999,0.9515151515151515,True,True,False,False,False,False,False,-1,Active
18.0,59.9,1.76,179.0,169.0,66.0,1.26,1024.0,,2.1,3.0,1.0,18.69,19.33755165289256,Medium,812.6984126984127,113.0,0.03505843071786311,0.9441340782122905,False,False,False,False,False,False,False,-1,Active
24.0,62.8,1.68,177.0,163.0,53.0,2.0,1005.0,25.9,2.9,4.0,1.0,19.91,22.25056689342404,Long,502.5,124.0,0.04617834394904459,0.9209039548022598,False,True,False,False,False,False,False,-1,Active
59.0,72.8,1.65,172.0,165.0,55.0,1.17,1104.0,15.4,3.4,3.0,1.0,14.86,26.740128558310378,Medium,943.5897435897436,117.0,0.046703296703296704,0.9593023255813954,False,True,False,False,False,False,False,-1,Active
29.0,65.0,1.77,194.0,152.0,66.0,1.34,715.0,25.2,1.8,2.0,1.0,23.25,20.747550193111813,Medium,533.5820895522388,128.0,0.027692307692307693,0.7835051546391752,False,True,False,False,False,False,False,-1,Active
18.0,74.2,1.85,177.0,151.0,66.0,2.0,1104.0,28.0,1.5,3.0,1.0,,21.68005843681519,Long,552.0,111.0,0.02021563342318059,0.8531073446327684,False,True,False,False,False,False,False,-1,Active
46.0,61.2,1.79,190.0,157.0,72.0,1.05,947.0,22.6,2.5,3.0,1.0,17.28,19.100527449205707,Medium,901.9047619047618,118.0,0.04084967320261438,0.8263157894736842,False,False,True,False,False,False,False,0,Active
27.0,63.3,1.9,183.0,148.0,67.0,0.58,933.0,20.0,3.2,4.0,2.0,22.45,17.534626038781163,Short,1608.6206896551726,116.0,0.05055292259083729,0.8087431693989071,False,True,False,False,False,False,False,0,Active
40.0,95.3,1.86,171.0,130.0,67.0,1.46,796.0,10.0,2.0,4.0,1.0,22.23,27.546537171927387,Medium,545.2054794520548,104.0,0.020986358866736624,0.7602339181286549,False,False,False,False,True,False,False,-1,Active
42.0,73.6,1.73,182.0,159.0,66.0,1.65,1265.0,23.2,2.4,2.0,2.0,,24.591533295465933,Long,766.6666666666667,116.0,0.03260869565217391,0.8736263736263736,False,False,False,False,False,False,False,0,Active
35.0,124.8,1.75,176.0,161.0,59.0,1.2,1240.0,10.0,3.3,3.0,2.0,28.03,40.751020408163264,Medium,1033.3333333333335,117.0,0.026442307692307692,0.9147727272727273,True,False,False,True,False,False,False,-1,Active
18.0,75.4,1.97,177.0,136.0,67.0,0.76,1371.0,29.7,3.1,2.0,1.0,15.43,19.428483083820765,Medium,1803.9473684210527,110.0,0.04111405835543766,0.768361581920904,True,True,False,False,False,False,False,0,Active
46.0,49.8,1.91,160.0,146.0,65.0,2.0,1009.0,29.4,3.0,3.0,3.0,12.84,13.650941586031085,Long,504.5,95.0,0.06024096385542169,0.9125,True,True,False,False,False,False,False,-1,Active
18.0,61.0,1.67,163.0,139.0,70.0,1.22,361.0,27.4,3.4,2.0,3.0,17.17,21.872422819032593,Medium,295.9016393442623,93.0,0.05573770491803279,0.852760736196319,True,False,True,False,False,False,False,-1,Active
47.0,100.2,1.67,196.0,151.0,73.0,1.48,953.0,24.5,3.2,3.0,,26.79,35.92814371257485,Medium,643.918918918919,123.0,0.03193612774451098,0.7704081632653061,True,False,False,False,False,False,False,0,Active
33.0,73.0,1.69,196.0,135.0,67.0,1.93,881.0,10.0,2.2,2.0,2.0,23.54,25.55932915514163,Long,456.47668393782385,129.0,0.030136986301369864,0.6887755102040817,False,False,False,True,False,False,False,2,Moderate
30.0,88.2,1.72,191.0,155.0,54.0,1.28,911.0,27.2,2.2,4.0,3.0,15.42,29.813412655489458,Medium,711.71875,137.0,0.024943310657596373,0.8115183246073299,True,False,True,False,False,False,False,0,Active
34.0,61.7,1.81,183.0,141.0,72.0,0.98,1443.0,31.4,2.6,4.0,3.0,20.6,18.833368944781906,Medium,1472.4489795918369,111.0,0.04213938411669368,0.7704918032786885,False,True,False,False,False,False,False,-1,Active
30.0,120.0,1.79,187.0,141.0,51.0,2.0,1508.0,,2.5,4.0,1.0,21.36,37.452014606285694,Long,754.0,136.0,0.020833333333333332,0.7540106951871658,True,False,False,True,False,False,False,-1,Active
30.0,45.4,1.73,197.0,151.0,50.0,1.27,1200.0,23.1,3.6,4.0,3.0,17.33,15.169233853453171,Medium,944.8818897637796,147.0,0.07929515418502203,0.766497461928934,True,False,False,False,False,False,False,-1,Active
30.0,40.0,1.87,186.0,140.0,56.0,1.57,848.0,26.6,2.6,5.0,1.0,12.87,11.438702851096684,Long,540.1273885350319,130.0,0.065,0.7526881720430108,True,False,False,False,False,False,False,-1,Active
22.0,129.9,1.62,185.0,141.0,52.0,1.62,571.0,27.2,1.8,4.0,2.0,12.32,49.49702789208961,Long,352.4691358024691,133.0,0.013856812933025403,0.7621621621621621,True,False,True,False,False,False,False,-1,Active
53.0,71.9,2.0,191.0,161.0,74.0,1.6,1286.0,29.0,3.7,5.0,2.0,12.32,17.975,Long,803.75,117.0,0.05146036161335188,0.8429319371727748,False,False,False,False,False,False,False,-1,Active
44.0,115.6,1.5,186.0,145.0,55.0,1.65,1075.0,25.1,3.5,2.0,1.0,18.41,51.37777777777777,Long,651.5151515151515,131.0,0.030276816608996542,0.7795698924731183,False,True,False,False,False,False,False,-1,Active
26.0,64.7,1.61,197.0,137.0,74.0,1.48,1088.0,25.1,2.2,5.0,2.0,24.23,24.960456772501058,Medium,735.1351351351351,123.0,0.03400309119010819,0.6954314720812182,False,True,False,False,False,False,False,-1,Active
52.0,58.2,1.71,182.0,161.0,50.0,1.49,1364.0,28.7,3.5,3.0,2.0,21.89,19.90356006976506,Medium,915.4362416107383,132.0,0.060137457044673534,0.8846153846153846,True,True,False,False,False,False,False,0,Active
49.0,53.8,1.81,185.0,169.0,71.0,1.56,1345.0,25.3,2.4,4.0,2.0,19.34,16.4219651414792,Long,862.1794871794872,114.0,0.04460966542750929,0.9135135135135135,True,False,True,False,False,False,False,-1,Active
26.0,63.6,1.77,173.0,145.0,55.0,1.29,1586.0,18.9,2.8,3.0,1.0,22.45,20.300679881260173,Medium,1229.4573643410852,118.0,0.0440251572327044,0.838150289017341,False,False,True,False,False,False,False,0,Active
23.0,62.3,1.68,167.0,122.0,74.0,1.69,772.0,21.1,3.3,,1.0,12.98,22.0734126984127,Long,456.8047337278107,93.0,0.052969502407704656,0.7305389221556886,True,False,False,False,False,False,False,0,Active
41.0,65.7,1.57,170.0,169.0,71.0,1.13,708.0,26.5,1.9,5.0,1.0,12.32,26.654225323542537,Medium,626.5486725663717,99.0,0.0289193302891933,0.9941176470588236,False,False,False,True,False,False,False,-1,Active
59.0,65.5,1.78,168.0,139.0,56.0,1.26,505.0,22.8,2.0,2.0,2.0,28.6,20.67289483651054,Medium,400.7936507936508,112.0,0.030534351145038167,0.8273809523809523,False,False,True,False,False,False,False,0,Active
28.0,40.0,1.81,194.0,164.0,57.0,1.57,1070.0,21.3,3.4,3.0,1.0,37.33,12.209639510393455,Long,681.5286624203821,137.0,0.08499999999999999,0.845360824742268,False,False,False,True,False,False,False,0,Active
48.0,40.0,1.67,169.0,168.0,57.0,2.0,833.0,17.8,2.2,3.0,3.0,12.32,14.342572340349243,Long,416.5,112.0,0.05500000000000001,0.9940828402366864,True,False,True,False,False,False,False,-1,Active
54.0,76.8,1.79,189.0,132.0,64.0,1.32,815.0,20.7,2.1,4.0,1.0,20.66,23.969289348022844,Medium,617.4242424242424,125.0,0.027343750000000003,0.6984126984126984,False,False,True,False,False,False,False,-1,Active
28.0,88.5,1.64,160.0,163.0,50.0,1.25,1190.0,31.7,3.2,3.0,1.0,26.98,32.90452111838192,Medium,952.0,110.0,0.03615819209039548,1.01875,True,False,False,False,False,False,False,-1,Active
23.0,71.2,1.56,170.0,140.0,68.0,0.79,1014.0,21.8,3.5,4.0,1.0,13.25,29.25706771860618,Medium,1283.5443037974683,102.0,0.04915730337078651,0.8235294117647058,True,False,False,True,False,False,False,-1,Active
26.0,64.1,1.68,190.0,168.0,55.0,1.35,1175.0,28.1,3.4,2.0,2.0,39.84,22.711167800453516,Medium,870.3703703703703,135.0,0.0530421216848674,0.8842105263157894,False,False,True,False,False,False,False,0,Active
18.0,45.3,1.75,190.0,169.0,69.0,0.82,808.0,28.4,3.7,2.0,3.0,26.5,14.791836734693877,Medium,985.3658536585366,121.0,0.0816777041942605,0.8894736842105263,False,False,False,False,False,False,False,-1,Active
21.0,76.0,1.72,196.0,160.0,73.0,1.51,1306.0,28.8,3.5,3.0,3.0,12.32,25.689561925365066,Long,864.9006622516556,123.0,0.046052631578947366,0.8163265306122449,False,False,True,False,False,False,False,-1,Active
41.0,40.0,1.69,192.0,138.0,66.0,0.95,1556.0,26.0,2.6,4.0,1.0,19.94,14.00511186583103,Medium,1637.8947368421054,126.0,0.065,0.71875,False,False,False,True,False,False,False,-1,Active
30.0,129.9,1.78,189.0,120.0,74.0,1.51,828.0,20.0,1.5,2.0,1.0,30.83,40.99861128645373,Long,548.3443708609271,115.0,0.011547344110854504,0.6349206349206349,True,False,False,True,False,False,False,-1,Active
27.0,62.9,1.73,187.0,157.0,54.0,0.99,569.0,27.9,2.4,4.0,1.0,28.52,21.0164054930001,Medium,574.7474747474747,133.0,0.03815580286168521,0.839572192513369,False,False,True,False,False,False,False,-1,Active
28.0,69.3,1.99,183.0,154.0,62.0,1.97,827.0,14.4,1.5,4.0,2.0,18.72,17.499558091967373,Long,419.79695431472084,121.0,0.021645021645021648,0.8415300546448088,True,False,True,False,False,False,False,-1,Active
38.0,60.6,1.81,170.0,159.0,71.0,1.45,577.0,24.8,3.7,3.0,3.0,13.74,18.497603858246087,Medium,397.9310344827586,99.0,0.06105610561056106,0.9352941176470588,True,False,False,False,False,False,False,-1,Active
59.0,40.0,1.65,179.0,163.0,71.0,1.93,823.0,23.4,3.4,3.0,1.0,22.78,14.692378328741967,Long,426.42487046632124,108.0,0.08499999999999999,0.9106145251396648,False,False,False,False,False,False,False,0,Active
33.0,56.6,2.0,173.0,131.0,71.0,1.65,680.0,24.1,1.9,3.0,2.0,37.62,14.15,Long,412.1212121212121,102.0,0.03356890459363957,0.7572254335260116,False,False,False,False,False,False,False,0,Active
27.0,75.2,1.96,172.0,132.0,61.0,1.22,829.0,14.9,2.7,3.0,1.0,21.52,19.575177009579345,Medium,679.5081967213115,111.0,0.03590425531914894,0.7674418604651163,False,True,False,False,False,False,False,0,Active
25.0,42.2,1.82,185.0,140.0,56.0,0.86,373.0,17.9,3.5,4.0,2.0,29.27,12.74000724550175,Medium,433.72093023255815,129.0,0.08293838862559241,0.7567567567567568,True,False,True,False,False,False,False,-1,Active
29.0,57.0,1.7,168.0,160.0,61.0,0.74,976.0,17.7,2.8,4.0,3.0,12.32,19.723183391003463,Short,1318.918918918919,107.0,0.04912280701754386,0.9523809523809523,False,False,False,True,False,False,False,-1,Active
49.0,128.5,1.96,196.0,138.0,68.0,0.5,1165.0,26.1,3.4,2.0,1.0,22.89,33.44960433152853,Short,2330.0,128.0,0.026459143968871595,0.7040816326530612,True,False,False,False,False,False,False,-1,Active
28.0,45.0,1.8,187.0,162.0,74.0,1.82,1395.0,23.2,2.7,4.0,3.0,12.32,13.888888888888888,Long,766.4835164835165,113.0,0.060000000000000005,0.8663101604278075,False,False,True,False,False,False,False,-1,Active
18.0,78.5,1.81,190.0,127.0,74.0,1.38,466.0,29.9,1.7,4.0,3.0,15.7,23.961417539147156,Medium,337.6811594202899,116.0,0.02165605095541401,0.6684210526315789,False,False,False,True,False,False,False,0,Active
50.0,49.4,1.91,188.0,131.0,74.0,1.11,963.0,17.6,2.7,2.0,1.0,17.89,13.541295468874209,Medium,867.5675675675675,114.0,0.05465587044534413,0.6968085106382979,False,False,True,False,False,False,False,-1,Active
27.0,50.3,1.66,180.0,131.0,74.0,1.12,677.0,27.6,1.8,2.0,2.0,39.72,18.253737842938015,Medium,604.4642857142857,106.0,0.03578528827037774,0.7277777777777777,False,False,False,False,False,False,False,0,Active
40.0,61.0,1.88,171.0,138.0,62.0,1.38,1180.0,24.9,2.0,2.0,3.0,12.32,17.25894069714803,Medium,855.072463768116,109.0,0.03278688524590164,0.8070175438596491,False,True,False,False,False,False,False,0,Active
59.0,79.3,1.79,198.0,162.0,74.0,1.78,933.0,25.2,2.7,4.0,2.0,16.0,24.749539652320465,Long,524.1573033707865,124.0,0.034047919293820936,0.8181818181818182,True,False,True,False,False,False,False,0,Active
57.0,40.0,1.62,190.0,123.0,57.0,1.43,1093.0,25.2,3.2,5.0,1.0,21.11,15.241579027587255,Medium,764.3356643356643,133.0,0.08,0.6473684210526316,False,False,False,True,False,False,False,-1,Active
18.0,48.6,1.95,175.0,152.0,57.0,1.87,862.0,23.1,1.6,3.0,1.0,12.32,12.781065088757398,Long,460.96256684491976,118.0,0.03292181069958848,0.8685714285714285,True,False,True,False,False,False,False,-1,Active
26.0,91.3,1.63,186.0,156.0,67.0,0.92,1091.0,22.6,2.4,,1.0,19.46,34.363355790583014,Medium,1185.8695652173913,119.0,0.02628696604600219,0.8387096774193549,True,False,False,True,False,False,False,-1,Active
50.0,102.2,1.65,198.0,157.0,64.0,1.64,1123.0,17.3,3.3,4.0,2.0,17.77,37.53902662993573,Long,684.7560975609756,134.0,0.03228962818003914,0.7929292929292929,False,False,False,True,False,False,False,0,Active
48.0,40.0,1.75,196.0,133.0,74.0,2.0,517.0,12.8,2.5,4.0,1.0,12.32,13.061224489795919,Long,258.5,122.0,0.0625,0.6785714285714286,False,False,False,False,False,False,False,-1,Active
41.0,69.6,1.63,193.0,169.0,55.0,1.46,1157.0,27.9,3.7,4.0,1.0,32.29,26.1959426399187,Medium,792.4657534246576,138.0,0.05316091954022989,0.8756476683937824,False,False,True,False,False,False,False,0,Active
23.0,56.8,1.75,183.0,149.0,74.0,1.54,926.0,25.3,2.6,2.0,,12.32,18.546938775510203,Long,601.2987012987013,109.0,0.045774647887323945,0.8142076502732241,False,False,True,False,False,False,False,0,Active
50.0,99.4,1.7,181.0,120.0,58.0,0.88,694.0,30.5,1.5,3.0,,16.45,34.39446366782008,Medium,788.6363636363636,123.0,0.015090543259557344,0.6629834254143646,False,False,False,True,False,False,False,-1,Active
18.0,51.4,1.83,195.0,141.0,54.0,0.97,1145.0,23.7,1.7,2.0,3.0,16.63,15.34832333004867,Medium,1180.4123711340208,141.0,0.033073929961089495,0.7230769230769231,True,True,False,False,False,False,False,-1,Active
22.0,96.9,1.8,163.0,132.0,56.0,0.94,748.0,21.7,2.5,4.0,2.0,24.29,29.90740740740741,Medium,795.7446808510639,107.0,0.025799793601651185,0.8098159509202454,True,True,False,False,False,False,False,0,Active
26.0,64.3,1.7,192.0,140.0,65.0,1.51,1236.0,33.9,3.6,3.0,2.0,39.07,22.249134948096888,Long,818.5430463576159,127.0,0.055987558320373255,0.7291666666666666,False,False,False,True,False,False,False,1,Active
42.0,40.0,1.72,197.0,139.0,74.0,1.64,1143.0,24.0,1.5,3.0,2.0,19.15,13.520822065981614,Long,696.9512195121952,123.0,0.0375,0.7055837563451777,False,False,False,True,False,False,False,-1,Active
37.0,40.0,1.92,194.0,128.0,72.0,1.89,1753.0,10.0,3.4,5.0,1.0,15.24,10.850694444444445,Long,927.5132275132275,122.0,0.08499999999999999,0.6597938144329897,True,False,True,False,False,False,False,1,Active
30.0,85.4,1.71,188.0,169.0,74.0,1.17,744.0,21.6,3.6,4.0,2.0,20.15,29.205567525050448,Medium,635.8974358974359,114.0,0.04215456674473068,0.898936170212766,False,True,False,False,False,False,False,0,Active
33.0,72.9,1.58,178.0,153.0,57.0,0.94,1139.0,25.9,3.5,2.0,1.0,18.97,29.202050953372854,Medium,1211.7021276595744,121.0,0.04801097393689986,0.8595505617977528,False,True,False,False,False,False,False,0,Active
25.0,48.8,1.84,186.0,168.0,65.0,1.68,972.0,25.0,1.7,3.0,2.0,16.6,14.413988657844989,Long,578.5714285714286,121.0,0.034836065573770496,0.9032258064516129,False,False,True,False,False,False,False,0,Active
18.0,54.9,1.74,187.0,131.0,74.0,0.93,597.0,,3.2,3.0,3.0,18.89,18.133174791914385,Medium,641.9354838709677,113.0,0.05828779599271403,0.7005347593582888,True,True,False,False,False,False,False,-1,Active
38.0,53.6,1.7,188.0,126.0,73.0,0.97,1083.0,30.4,3.4,4.0,2.0,12.32,18.54671280276817,Medium,1116.4948453608247,115.0,0.06343283582089553,0.6702127659574468,True,False,False,True,False,False,False,-1,Active
47.0,77.9,1.76,164.0,139.0,59.0,1.29,1233.0,34.0,2.8,2.0,1.0,15.38,25.148502066115704,Medium,955.813953488372,105.0,0.035943517329910135,0.8475609756097561,True,False,False,False,False,False,False,-1,Active
35.0,68.5,1.73,175.0,142.0,58.0,1.2,840.0,19.3,2.1,2.0,3.0,12.32,22.887500417655115,Medium,700.0,117.0,0.030656934306569343,0.8114285714285714,True,False,False,False,False,False,False,0,Active
32.0,113.1,1.73,165.0,135.0,58.0,1.5,1081.0,26.2,3.3,4.0,1.0,12.32,37.78943499615757,Medium,720.6666666666666,107.0,0.029177718832891247,0.8181818181818182,False,False,False,True,False,False,False,-1,Active
27.0,53.7,1.75,167.0,137.0,74.0,2.0,788.0,13.3,2.6,3.0,,16.24,17.53469387755102,Long,394.0,93.0,0.048417132216014895,0.8203592814371258,False,False,False,True,False,False,False,0,Active
25.0,61.3,1.77,173.0,167.0,50.0,1.88,1760.0,35.0,3.1,4.0,2.0,17.69,19.566535797503906,Long,936.1702127659574,123.0,0.05057096247960849,0.9653179190751445,True,False,True,False,False,False,False,0,Active
38.0,41.1,1.67,184.0,133.0,74.0,0.63,804.0,25.6,2.8,5.0,3.0,14.26,14.736993079708846,Short,1276.1904761904761,110.0,0.0681265206812652,0.7228260869565217,True,True,False,False,False,False,False,-1,Active
36.0,78.2,1.63,191.0,169.0,74.0,2.0,1381.0,23.1,2.7,3.0,2.0,21.82,29.43279762128797,Long,690.5,117.0,0.03452685421994885,0.8848167539267016,True,False,False,False,False,False,False,0,Active
35.0,94.6,1.69,167.0,158.0,57.0,0.75,1534.0,33.1,2.0,4.0,2.0,22.21,33.122089562690384,Short,2045.3333333333333,110.0,0.021141649048625793,0.9461077844311377,True,False,False,True,False,False,False,-1,Active
28.0,68.8,1.73,198.0,169.0,66.0,1.46,1279.0,31.4,1.6,3.0,1.0,12.38,22.987737645761634,Medium,876.027397260274,132.0,0.023255813953488375,0.8535353535353535,False,False,False,True,False,False,False,-1,Active
27.0,43.4,1.71,184.0,165.0,71.0,1.24,945.0,10.0,3.6,2.0,2.0,25.15,14.842173660271538,Medium,762.0967741935484,113.0,0.08294930875576037,0.8967391304347826,False,False,True,False,False,False,False,-1,Active
40.0,40.0,1.74,173.0,164.0,72.0,1.33,1194.0,22.7,1.5,4.0,1.0,12.32,13.21178491214163,Medium,897.7443609022556,101.0,0.0375,0.9479768786127167,False,True,False,False,False,False,False,-1,Active
24.0,70.3,1.87,191.0,127.0,62.0,1.75,1285.0,23.9,1.5,2.0,3.0,14.32,20.10352026080242,Long,734.2857142857143,129.0,0.021337126600284497,0.6649214659685864,True,False,False,True,False,False,False,-1,Active
18.0,64.7,1.67,167.0,152.0,74.0,1.38,1506.0,26.0,1.7,4.0,3.0,19.63,23.1991107605149,Medium,1091.304347826087,93.0,0.026275115919629055,0.9101796407185628,True,True,False,False,False,False,False,-1,Active
59.0,61.0,1.62,191.0,162.0,74.0,1.69,499.0,14.6,1.8,3.0,3.0,21.37,23.243408017070564,Long,295.26627218934914,117.0,0.029508196721311476,0.8481675392670157,True,True,False,False,False,False,False,0,Active
37.0,44.2,1.61,168.0,164.0,73.0,1.13,1011.0,28.8,2.5,4.0,3.0,14.92,17.051811272713245,Medium,894.6902654867257,95.0,0.05656108597285067,0.9761904761904762,False,False,False,True,False,False,False,-1,Active
18.0,77.8,1.76,183.0,157.0,74.0,1.27,1086.0,24.6,3.3,3.0,1.0,16.37,25.116219008264462,Medium,855.1181102362204,109.0,0.04241645244215938,0.8579234972677595,True,True,False,False,False,False,False,0,Active
53.0,53.5,1.71,195.0,169.0,54.0,1.04,900.0,25.1,2.7,3.0,2.0,33.56,18.296227899182657,Medium,865.3846153846154,141.0,0.05046728971962617,0.8666666666666667,True,False,False,True,False,False,False,0,Active
44.0,63.7,1.62,176.0,166.0,54.0,1.16,1142.0,23.0,3.2,5.0,2.0,12.32,24.272214601432704,Medium,984.4827586206898,122.0,0.05023547880690738,0.9431818181818182,True,False,False,False,False,False,False,0,Active
28.0,64.1,1.82,170.0,120.0,57.0,1.53,686.0,16.3,2.7,2.0,,13.85,19.351527593285834,Long,448.3660130718954,113.0,0.042121684867394704,0.7058823529411765,False,False,False,True,False,False,False,0,Active
,54.5,1.67,196.0,148.0,73.0,1.21,819.0,29.4,3.1,3.0,1.0,15.16,19.54175481372584,Medium,676.8595041322315,123.0,0.05688073394495413,0.7551020408163265,False,False,True,False,False,False,False,0,Active
30.0,40.0,1.93,180.0,143.0,74.0,1.94,916.0,17.2,2.3,2.0,1.0,12.32,10.738543316599104,Long,472.16494845360825,106.0,0.057499999999999996,0.7944444444444444,False,False,False,True,False,False,False,0,Active
25.0,68.8,1.73,182.0,133.0,74.0,1.65,851.0,28.8,1.8,3.0,3.0,12.32,22.987737645761634,Long,515.7575757575758,108.0,0.02616279069767442,0.7307692307692307,False,False,False,False,True,False,False,0,Active
18.0,50.6,1.74,162.0,153.0,74.0,1.25,634.0,29.3,1.5,4.0,,17.25,16.712907913859162,Medium,507.2,88.0,0.029644268774703556,0.9444444444444444,False,False,True,False,False,False,False,-1,Active
53.0,68.9,1.6,191.0,155.0,70.0,0.89,874.0,10.2,1.6,3.0,2.0,27.19,26.914062499999996,Medium,982.0224719101124,121.0,0.023222060957910014,0.8115183246073299,False,False,False,True,False,False,False,-1,Active
25.0,100.4,1.76,173.0,169.0,58.0,0.85,1465.0,30.4,1.8,3.0,1.0,17.45,32.41219008264463,Medium,1723.5294117647059,115.0,0.01792828685258964,0.976878612716763,True,False,False,False,False,False,False,-1,Active
58.0,105.7,1.65,171.0,136.0,71.0,1.22,841.0,32.0,3.4,,3.0,13.66,38.82460973370065,Medium,689.344262295082,100.0,0.03216650898770104,0.7953216374269005,False,False,False,False,False,False,False,-1,Active
50.0,60.4,1.72,184.0,124.0,74.0,2.0,494.0,27.9,3.0,4.0,2.0,20.81,20.416441319632234,Long,247.0,110.0,0.049668874172185434,0.6739130434782609,False,False,False,False,False,False,True,-1,Active
23.0,56.2,1.58,184.0,141.0,71.0,2.0,640.0,25.2,1.5,4.0,1.0,,22.512417881749716,Long,320.0,113.0,0.02669039145907473,0.7663043478260869,True,False,False,False,False,False,False,-1,Active
18.0,42.6,1.56,180.0,169.0,62.0,1.27,1497.0,27.1,3.6,4.0,1.0,12.46,17.504930966469427,Medium,1178.740157480315,118.0,0.08450704225352113,0.9388888888888889,False,False,True,False,False,False,False,0,Active
59.0,97.4,1.57,199.0,153.0,70.0,0.73,877.0,18.1,3.3,4.0,1.0,27.67,39.514787618158955,Short,1201.3698630136987,129.0,0.03388090349075975,0.7688442211055276,False,False,False,True,False,False,False,-1,Active
21.0,46.4,2.0,198.0,135.0,74.0,1.0,497.0,29.7,1.8,2.0,1.0,23.07,11.6,Medium,497.0,124.0,0.03879310344827586,0.6818181818181818,True,False,False,False,False,False,False,2,Moderate
32.0,57.4,1.66,189.0,136.0,62.0,1.55,1068.0,24.6,3.4,2.0,2.0,,20.830309188561476,Long,689.0322580645161,127.0,0.059233449477351915,0.7195767195767195,True,True,False,False,False,False,False,1,Active
38.0,87.9,1.75,183.0,130.0,74.0,1.54,1273.0,24.2,1.6,3.0,1.0,12.32,28.702040816326534,Long,826.6233766233767,109.0,0.01820250284414107,0.7103825136612022,True,True,False,False,False,False,False,-1,Active
40.0,87.8,1.64,161.0,145.0,59.0,1.63,849.0,22.5,2.6,4.0,2.0,17.55,32.64425936942297,Long,520.8588957055215,102.0,0.029612756264236904,0.9006211180124224,True,False,False,False,False,False,False,-1,Active
20.0,65.7,1.81,189.0,165.0,55.0,1.66,733.0,35.0,3.5,4.0,2.0,25.06,20.05433289582125,Long,441.566265060241,134.0,0.0532724505327245,0.873015873015873,False,False,True,False,False,False,False,0,Active
23.0,51.4,2.0,182.0,158.0,65.0,1.07,738.0,31.7,2.6,4.0,2.0,15.31,12.85,Medium,689.7196261682243,117.0,0.05058365758754864,0.8681318681318682,False,False,True,False,False,False,False,0,Active
34.0,75.2,2.0,196.0,141.0,73.0,1.13,753.0,33.8,3.6,4.0,2.0,16.39,18.8,Medium,666.3716814159293,123.0,0.047872340425531915,0.7193877551020408,False,True,False,False,False,False,False,1,Active
34.0,77.7,1.81,187.0,149.0,54.0,1.08,842.0,33.0,3.0,2.0,3.0,12.32,23.717224748939287,Medium,779.6296296296296,133.0,0.03861003861003861,0.7967914438502673,True,False,True,False,False,False,False,-1,Active
23.0,40.0,1.89,162.0,126.0,60.0,0.74,1237.0,24.7,2.9,3.0,1.0,17.09,11.197894795778394,Short,1671.6216216216217,102.0,0.0725,0.7777777777777778,False,False,False,False,False,False,False,0,Active
43.0,80.5,1.68,190.0,135.0,58.0,1.1,1099.0,21.7,2.1,5.0,1.0,25.52,28.521825396825403,Medium,999.090909090909,132.0,0.026086956521739132,0.7105263157894737,False,False,False,True,False,False,False,-1,Active
18.0,40.0,1.78,167.0,133.0,62.0,0.86,963.0,16.9,3.7,4.0,3.0,21.42,12.624668602449185,Medium,1119.7674418604652,105.0,0.0925,0.7964071856287425,True,False,False,True,False,False,False,-1,Active
28.0,109.4,1.58,170.0,165.0,74.0,1.94,619.0,21.9,2.2,5.0,1.0,21.16,43.82310527159109,Long,319.07216494845363,96.0,0.02010968921389397,0.9705882352941176,False,True,False,False,False,False,False,-1,Active
44.0,79.5,1.73,184.0,155.0,56.0,1.57,1058.0,17.8,2.6,4.0,2.0,25.45,26.56286544822747,Long,673.8853503184713,128.0,0.03270440251572327,0.842391304347826,False,False,False,True,False,False,False,0,Active
21.0,68.5,1.61,191.0,169.0,74.0,1.18,1278.0,19.9,3.1,3.0,2.0,18.59,26.42644959685197,Medium,1083.0508474576272,117.0,0.04525547445255475,0.8848167539267016,False,False,False,True,False,False,False,0,Active
39.0,65.6,1.75,164.0,158.0,66.0,1.09,1593.0,23.7,3.1,4.0,2.0,23.89,21.420408163265304,Medium,1461.4678899082567,98.0,0.04725609756097562,0.9634146341463414,False,False,False,False,False,False,False,-1,Active
44.0,87.5,1.88,173.0,132.0,66.0,1.21,1643.0,26.9,3.1,2.0,2.0,21.72,24.75667722951562,Medium,1357.8512396694216,107.0,0.03542857142857143,0.7630057803468208,False,False,True,False,False,False,False,0,Active
56.0,54.5,1.76,196.0,148.0,74.0,1.4,659.0,32.1,2.8,4.0,2.0,27.02,17.59426652892562,Medium,470.7142857142857,122.0,0.05137614678899082,0.7551020408163265,True,True,False,False,False,False,False,0,Active
33.0,55.4,1.6,185.0,144.0,67.0,2.0,1015.0,30.6,2.7,4.0,3.0,20.82,21.640624999999996,Long,507.5,118.0,0.04873646209386282,0.7783783783783784,False,True,False,False,False,False,False,-1,Active
32.0,85.7,1.53,185.0,133.0,52.0,1.02,1108.0,24.0,3.4,3.0,3.0,14.19,36.609850912042376,Medium,1086.2745098039215,133.0,0.0396732788798133,0.7189189189189189,True,False,False,False,False,False,False,1,Active
34.0,58.2,1.7,189.0,134.0,55.0,0.73,785.0,24.0,1.6,4.0,2.0,12.46,20.138408304498274,Short,1075.3424657534247,134.0,0.027491408934707903,0.708994708994709,False,True,False,False,False,False,False,2,Moderate
30.0,72.5,1.91,189.0,142.0,58.0,1.44,976.0,28.2,3.6,2.0,2.0,26.6,19.87335873468381,Medium,677.7777777777778,131.0,0.0496551724137931,0.7513227513227513,True,False,False,False,False,False,False,1,Active
26.0,77.2,1.64,168.0,162.0,64.0,1.25,438.0,22.7,2.4,4.0,2.0,30.85,28.703152885187393,Medium,350.4,104.0,0.031088082901554404,0.9642857142857143,False,False,True,False,False,False,False,-1,Active
20.0,90.3,1.68,169.0,135.0,59.0,1.1,758.0,10.5,1.7,4.0,1.0,31.04,31.994047619047624,Medium,689.090909090909,110.0,0.018826135105204873,0.7988165680473372,True,False,False,False,False,False,False,-1,Active
42.0,95.2,1.76,178.0,158.0,56.0,1.21,770.0,25.3,2.0,2.0,3.0,16.06,30.733471074380166,Medium,636.3636363636364,122.0,0.021008403361344536,0.8876404494382022,False,False,False,False,False,False,False,0,Active
26.0,75.0,1.91,181.0,168.0,74.0,1.1,943.0,24.8,2.0,3.0,2.0,21.87,20.558646966914285,Medium,857.2727272727273,107.0,0.02666666666666667,0.9281767955801105,True,True,False,False,False,False,False,-1,Active
26.0,61.5,1.51,185.0,155.0,74.0,1.35,1079.0,31.4,3.4,4.0,2.0,21.29,26.97250120608745,Medium,799.2592592592592,111.0,0.055284552845528454,0.8378378378378378,True,False,False,False,False,False,False,-1,Active
28.0,101.9,1.5,196.0,164.0,56.0,1.87,1211.0,23.8,3.2,2.0,2.0,15.07,45.28888888888889,Long,647.5935828877004,140.0,0.03140333660451423,0.8367346938775511,False,False,False,False,False,True,False,0,Active
54.0,41.4,1.6,163.0,169.0,71.0,1.62,1385.0,10.0,1.6,5.0,3.0,20.92,16.171874999999996,Long,854.9382716049382,92.0,0.03864734299516909,1.0368098159509203,False,False,False,True,False,False,False,-1,Active
18.0,71.3,1.78,167.0,129.0,72.0,0.86,1238.0,20.6,1.5,4.0,3.0,34.18,22.50347178386567,Medium,1439.5348837209303,95.0,0.021037868162692847,0.7724550898203593,True,False,True,False,False,False,False,0,Active
42.0,46.2,1.72,167.0,130.0,69.0,1.19,945.0,24.6,2.9,2.0,3.0,19.47,15.616549486208765,Medium,794.1176470588235,98.0,0.06277056277056277,0.7784431137724551,True,True,False,False,False,False,False,-1,Active
24.0,64.0,1.83,187.0,155.0,74.0,1.79,406.0,27.7,1.5,3.0,,31.31,19.1107527844964,Long,226.81564245810054,113.0,0.0234375,0.8288770053475936,True,False,False,True,False,False,False,-1,Active
54.0,47.2,1.75,160.0,134.0,68.0,1.18,1001.0,23.9,1.9,4.0,1.0,20.0,15.412244897959184,Medium,848.3050847457628,92.0,0.04025423728813559,0.8375,True,False,False,True,False,False,False,-1,Active
53.0,95.5,1.52,164.0,169.0,52.0,1.31,1009.0,21.8,1.9,,3.0,12.32,41.33483379501385,Medium,770.2290076335878,112.0,0.019895287958115182,1.0304878048780488,True,False,False,True,False,False,False,-1,Active
33.0,40.0,1.79,194.0,162.0,60.0,1.39,1012.0,23.7,2.8,4.0,,13.81,12.484004868761899,Medium,728.0575539568346,134.0,0.06999999999999999,0.8350515463917526,False,False,False,False,False,False,False,0,Active
47.0,100.5,1.56,185.0,133.0,64.0,0.87,872.0,22.1,1.5,4.0,2.0,,41.29684418145956,Medium,1002.2988505747127,121.0,0.014925373134328358,0.7189189189189189,True,False,False,False,False,False,False,-1,Active
55.0,129.9,1.89,177.0,157.0,66.0,0.81,1154.0,15.2,2.4,4.0,2.0,20.1,36.365163349290334,Medium,1424.6913580246912,111.0,0.018475750577367205,0.8870056497175142,False,False,False,False,False,False,False,-1,Active
28.0,75.7,1.85,160.0,157.0,64.0,1.59,1179.0,29.7,1.5,3.0,2.0,37.5,22.11833455076698,Long,741.5094339622641,96.0,0.019815059445178335,0.98125,True,False,False,False,False,False,False,-1,Active
18.0,69.0,1.66,196.0,141.0,56.0,1.46,1251.0,25.7,2.4,4.0,2.0,18.23,25.039918710988534,Medium,856.8493150684932,140.0,0.034782608695652174,0.7193877551020408,False,False,False,True,False,False,False,-1,Active
19.0,72.5,1.73,184.0,135.0,71.0,1.12,1392.0,11.9,3.5,3.0,1.0,29.87,24.2239967924087,Medium,1242.8571428571427,113.0,0.04827586206896552,0.7336956521739131,True,True,False,False,False,False,False,0,Active
30.0,50.8,1.81,196.0,132.0,74.0,1.28,794.0,14.5,3.2,3.0,3.0,22.58,15.506242178199688,Medium,620.3125,122.0,0.06299212598425198,0.673469387755102,False,False,False,True,False,False,False,-1,Active
40.0,68.2,1.5,197.0,153.0,71.0,1.24,484.0,24.1,3.5,4.0,2.0,12.45,30.311111111111114,Medium,390.3225806451613,126.0,0.05131964809384164,0.7766497461928934,False,False,False,False,False,False,False,0,Active
49.0,105.0,1.63,170.0,139.0,70.0,1.53,1065.0,24.0,1.5,4.0,2.0,18.89,39.51974105160149,Long,696.0784313725491,100.0,0.014285714285714285,0.8176470588235294,False,False,False,False,False,False,False,-1,Active
57.0,129.9,1.88,162.0,148.0,56.0,1.71,1233.0,24.0,1.8,3.0,1.0,,36.75305568130376,Long,721.0526315789474,106.0,0.013856812933025403,0.9135802469135802,False,False,True,False,False,False,False,-1,Active
50.0,62.5,1.67,172.0,121.0,56.0,1.14,1415.0,20.9,2.5,5.0,2.0,28.47,22.410269281795692,Medium,1241.2280701754387,116.0,0.04,0.7034883720930233,True,False,False,False,False,False,False,0,Active
26.0,72.4,1.68,196.0,169.0,53.0,2.0,1082.0,29.8,2.5,2.0,3.0,21.68,25.651927437641728,Long,541.0,143.0,0.03453038674033149,0.8622448979591837,True,True,False,False,False,False,False,0,Active
55.0,93.1,1.82,172.0,148.0,60.0,1.22,1039.0,17.3,2.6,4.0,1.0,20.51,28.106508875739642,Medium,851.6393442622951,112.0,0.027926960257787327,0.8604651162790697,False,True,False,False,False,False,False,-1,Active
48.0,122.3,1.71,183.0,120.0,63.0,0.79,992.0,10.0,2.6,4.0,1.0,18.9,41.82483499196334,Medium,1255.6962025316454,120.0,0.02125919869174162,0.6557377049180327,False,False,False,False,False,False,False,-1,Active
29.0,70.8,1.85,160.0,142.0,52.0,1.5,1624.0,14.2,3.5,2.0,3.0,15.46,20.686632578524467,Medium,1082.6666666666667,108.0,0.04943502824858757,0.8875,False,False,False,False,False,False,True,-1,Active
52.0,51.5,1.6,184.0,162.0,65.0,1.46,1339.0,25.2,3.2,4.0,3.0,12.32,20.117187499999996,Medium,917.1232876712329,119.0,0.06213592233009709,0.8804347826086957,True,False,False,False,False,False,False,-1,Active
18.0,57.1,1.61,198.0,129.0,66.0,0.94,1064.0,31.7,2.4,2.0,3.0,19.32,22.028471123799235,Medium,1131.9148936170213,132.0,0.04203152364273205,0.6515151515151515,False,False,False,False,False,False,False,-1,Active
36.0,64.4,1.97,166.0,153.0,59.0,1.45,1132.0,27.9,2.9,3.0,1.0,23.33,16.594088999974232,Medium,780.6896551724138,107.0,0.04503105590062111,0.9216867469879518,False,True,False,False,False,False,False,-1,Active
52.0,63.0,1.72,184.0,131.0,54.0,1.48,804.0,21.5,1.5,4.0,3.0,34.06,21.29529475392104,Medium,543.2432432432432,130.0,0.023809523809523808,0.7119565217391305,True,False,False,False,False,False,False,-1,Active
29.0,77.2,1.89,192.0,152.0,58.0,2.0,858.0,25.6,3.2,3.0,2.0,19.23,21.6119369558523,Long,429.0,134.0,0.04145077720207254,0.7916666666666666,True,True,False,False,False,False,False,0,Active
18.0,40.0,1.66,190.0,147.0,50.0,1.6,1287.0,27.6,1.9,5.0,3.0,22.99,14.51589490492089,Long,804.375,140.0,0.0475,0.7736842105263158,False,False,False,False,False,False,False,-1,Active
30.0,76.3,2.0,193.0,132.0,59.0,1.11,548.0,34.9,3.2,3.0,1.0,17.54,19.075,Medium,493.69369369369366,134.0,0.041939711664482314,0.6839378238341969,False,True,False,False,False,False,False,-1,Active
29.0,71.2,1.8,176.0,139.0,68.0,1.4,354.0,10.0,3.4,2.0,3.0,31.75,21.975308641975307,Medium,252.85714285714286,108.0,0.047752808988764044,0.7897727272727273,False,False,False,False,False,False,False,-1,Active
55.0,104.9,1.56,187.0,155.0,58.0,0.87,1260.0,27.8,3.5,3.0,1.0,12.68,43.104865220249835,Medium,1448.2758620689656,129.0,0.03336510962821735,0.8288770053475936,True,False,False,False,True,False,False,-1,Active
31.0,63.6,1.57,165.0,169.0,74.0,1.09,1148.0,15.1,3.4,4.0,1.0,13.15,25.80226378352063,Medium,1053.2110091743118,91.0,0.05345911949685534,1.0242424242424242,False,False,True,False,False,False,False,-1,Active
26.0,68.6,1.7,172.0,167.0,57.0,1.32,501.0,25.4,1.5,3.0,2.0,18.29,23.73702422145329,Medium,379.5454545454545,115.0,0.02186588921282799,0.9709302325581395,True,False,False,True,False,False,False,-1,Active
33.0,46.0,1.71,163.0,145.0,54.0,1.29,671.0,21.4,3.1,2.0,3.0,14.68,15.731336137614994,Medium,520.1550387596899,109.0,0.06739130434782609,0.8895705521472392,True,False,False,True,False,False,False,-1,Active
39.0,88.6,1.8,181.0,158.0,71.0,1.29,1296.0,24.3,2.8,4.0,1.0,,27.345679012345677,Medium,1004.6511627906976,110.0,0.03160270880361174,0.8729281767955801,False,False,True,False,False,False,False,-1,Active
36.0,79.7,1.75,168.0,132.0,74.0,1.67,445.0,23.9,3.4,4.0,2.0,25.28,26.024489795918367,Long,266.4670658682635,94.0,0.04265997490589711,0.7857142857142857,True,False,True,False,False,False,False,-1,Active
33.0,108.7,1.75,199.0,131.0,74.0,0.86,1080.0,24.1,1.9,3.0,1.0,16.46,35.49387755102041,Medium,1255.8139534883721,125.0,0.01747930082796688,0.6582914572864321,False,False,False,True,False,False,False,-1,Active
45.0,61.4,1.76,194.0,120.0,68.0,1.22,909.0,21.4,2.8,2.0,1.0,21.75,19.821797520661157,Medium,745.0819672131148,126.0,0.04560260586319218,0.6185567010309279,False,False,True,False,False,False,False,-1,Active
21.0,69.2,1.87,168.0,127.0,68.0,1.47,1275.0,24.1,2.9,5.0,3.0,14.59,19.788955932397265,Medium,867.3469387755102,100.0,0.04190751445086705,0.7559523809523809,False,False,False,True,False,False,False,-1,Active
52.0,67.4,1.72,160.0,134.0,51.0,1.49,1307.0,17.0,2.6,2.0,2.0,15.39,22.78258518117902,Medium,877.1812080536913,109.0,0.03857566765578635,0.8375,True,False,True,False,False,False,False,0,Active
29.0,40.0,1.64,178.0,130.0,69.0,1.15,1093.0,27.4,3.4,3.0,2.0,14.89,14.872099940511603,Medium,950.4347826086957,109.0,0.08499999999999999,0.7303370786516854,False,True,False,False,False,False,False,-1,Active
47.0,46.0,1.58,172.0,147.0,72.0,1.37,1098.0,28.5,3.7,2.0,3.0,15.45,18.426534209261334,Medium,801.4598540145985,100.0,0.08043478260869566,0.8546511627906976,False,False,True,False,False,False,False,-1,Active
34.0,89.1,1.78,174.0,120.0,51.0,1.52,574.0,27.6,1.5,4.0,2.0,20.61,28.12144931195556,Long,377.63157894736844,123.0,0.016835016835016835,0.6896551724137931,True,False,False,False,False,False,False,-1,Active
57.0,70.4,1.72,181.0,161.0,57.0,1.3,983.0,29.9,3.6,3.0,2.0,22.21,23.796646836127643,Medium,756.1538461538461,124.0,0.05113636363636363,0.8895027624309392,True,False,False,True,False,False,False,0,Active
24.0,65.7,1.84,165.0,146.0,74.0,1.59,954.0,17.8,2.8,5.0,2.0,16.06,19.405718336483933,Long,600.0,91.0,0.0426179604261796,0.8848484848484849,True,False,False,False,False,False,False,-1,Active
26.0,82.2,1.69,189.0,139.0,70.0,1.45,1184.0,10.0,2.5,5.0,2.0,18.01,28.780504884282767,Medium,816.551724137931,119.0,0.03041362530413625,0.7354497354497355,True,False,False,True,False,False,False,0,Active
32.0,52.2,1.73,196.0,134.0,74.0,2.0,684.0,27.4,2.0,3.0,1.0,21.27,17.441277690534264,Long,342.0,122.0,0.038314176245210725,0.6836734693877551,False,False,True,False,False,False,False,2,Moderate
18.0,110.3,1.76,168.0,169.0,55.0,1.86,1391.0,33.0,3.5,5.0,3.0,16.38,35.608212809917354,Long,747.8494623655913,113.0,0.03173164097914778,1.005952380952381,False,False,True,False,False,False,False,-1,Active
54.0,42.7,1.72,191.0,153.0,74.0,2.0,987.0,13.6,1.5,5.0,2.0,19.11,14.433477555435372,Long,493.5,117.0,0.0351288056206089,0.8010471204188482,True,False,False,True,False,False,False,0,Active
35.0,98.0,1.59,179.0,141.0,62.0,1.04,729.0,14.2,1.5,3.0,1.0,18.32,38.764289387286894,Medium,700.9615384615385,117.0,0.015306122448979591,0.7877094972067039,False,False,False,False,False,False,False,-1,Active
37.0,94.5,1.84,160.0,158.0,61.0,1.2,1063.0,26.6,2.6,3.0,2.0,12.32,27.912334593572776,Medium,885.8333333333334,99.0,0.027513227513227514,0.9875,False,True,False,False,False,False,False,-1,Active
30.0,57.6,1.66,169.0,160.0,67.0,1.86,1332.0,30.9,2.7,4.0,2.0,30.42,20.90288866308608,Long,716.1290322580645,102.0,0.046875,0.9467455621301775,False,False,False,True,False,False,False,-1,Active
31.0,40.0,1.74,194.0,155.0,68.0,1.4,716.0,30.6,1.5,4.0,3.0,20.16,13.21178491214163,Medium,511.42857142857144,126.0,0.0375,0.7989690721649485,True,True,False,False,False,False,False,0,Active
28.0,40.3,1.69,166.0,169.0,69.0,0.5,864.0,24.9,2.6,3.0,3.0,20.42,14.110150204824762,Short,1728.0,97.0,0.06451612903225808,1.0180722891566265,True,False,False,False,False,False,False,-1,Active
53.0,60.8,1.66,199.0,121.0,69.0,1.12,926.0,26.5,3.6,4.0,1.0,12.32,22.064160255479752,Medium,826.7857142857142,130.0,0.05921052631578948,0.6080402010050251,True,False,True,False,False,False,False,-1,Active
56.0,72.0,1.77,191.0,168.0,62.0,1.55,1144.0,30.0,2.7,2.0,2.0,23.34,22.981901752370007,Long,738.0645161290322,129.0,0.037500000000000006,0.8795811518324608,True,False,False,False,False,False,False,0,Active
44.0,94.4,1.75,163.0,154.0,58.0,1.66,881.0,24.1,2.9,3.0,3.0,12.32,30.824489795918367,Long,530.722891566265,105.0,0.030720338983050845,0.9447852760736196,True,True,False,False,False,False,False,-1,Active
38.0,71.0,1.84,190.0,120.0,53.0,1.93,1700.0,24.7,3.1,,3.0,21.97,20.97117202268431,Long,880.8290155440415,137.0,0.04366197183098592,0.631578947368421,True,False,False,False,False,False,False,-1,Active
34.0,77.9,1.87,183.0,169.0,59.0,1.28,691.0,24.0,3.4,2.0,1.0,15.67,22.276873802510792,Medium,539.84375,124.0,0.043645699614890884,0.9234972677595629,False,False,False,False,False,False,False,0,Active
48.0,52.6,1.63,182.0,129.0,54.0,2.0,1310.0,25.1,1.5,,1.0,14.53,19.79750837442132,Long,655.0,128.0,0.028517110266159697,0.7087912087912088,True,False,True,False,False,False,False,-1,Active
48.0,62.9,1.67,198.0,164.0,64.0,0.84,1098.0,24.5,3.3,5.0,1.0,24.26,22.55369500519918,Medium,1307.142857142857,134.0,0.05246422893481717,0.8282828282828283,False,True,False,False,False,False,False,0,Active
33.0,59.6,1.6,187.0,127.0,69.0,1.41,573.0,22.7,2.2,3.0,1.0,21.54,23.281249999999996,Medium,406.3829787234043,118.0,0.03691275167785235,0.679144385026738,True,False,False,False,False,True,False,2,Moderate
46.0,50.0,1.5,182.0,149.0,64.0,1.44,929.0,23.8,3.3,2.0,3.0,16.09,22.22222222222222,Medium,645.1388888888889,118.0,0.066,0.8186813186813187,False,False,False,False,False,False,False,-1,Active
36.0,61.2,1.93,166.0,145.0,55.0,0.77,1015.0,18.8,1.5,4.0,2.0,12.32,16.429971274396628,Medium,1318.1818181818182,111.0,0.024509803921568627,0.8734939759036144,False,True,False,False,False,False,False,-1,Active
36.0,82.5,1.66,166.0,134.0,50.0,0.95,640.0,11.2,3.4,5.0,2.0,21.01,29.939033241399333,Medium,673.6842105263158,116.0,0.041212121212121214,0.8072289156626506,False,False,False,True,False,False,False,0,Active
57.0,58.3,1.73,164.0,132.0,50.0,1.48,492.0,27.7,3.6,3.0,1.0,19.23,19.479434662033476,Medium,332.43243243243245,114.0,0.061749571183533455,0.8048780487804879,False,True,False,False,False,False,False,0,Active
31.0,53.0,1.83,182.0,149.0,55.0,1.33,821.0,23.6,3.4,4.0,3.0,22.89,15.826092149661081,Medium,617.2932330827067,127.0,0.06415094339622641,0.8186813186813187,True,False,True,False,False,False,False,-1,Active
38.0,81.1,1.92,190.0,125.0,61.0,1.18,690.0,26.1,3.1,4.0,3.0,17.99,21.99978298611111,Medium,584.7457627118645,129.0,0.03822441430332923,0.6578947368421053,False,False,False,True,False,False,False,-1,Active
49.0,65.7,1.77,182.0,139.0,74.0,1.18,744.0,26.8,3.1,2.0,2.0,23.0,20.970985349037633,Medium,630.5084745762712,108.0,0.0471841704718417,0.7637362637362637,False,True,False,False,False,False,False,0,Active
21.0,81.8,1.83,182.0,163.0,53.0,2.0,1159.0,29.2,2.7,4.0,1.0,22.27,24.42593090268446,Long,579.5,129.0,0.03300733496332519,0.8956043956043956,True,False,False,False,False,False,False,-1,Active
28.0,91.2,1.77,164.0,162.0,55.0,1.28,648.0,25.4,3.3,2.0,2.0,18.88,29.110408886335343,Medium,506.25,109.0,0.036184210526315784,0.9878048780487805,False,False,True,False,False,False,False,-1,Active
52.0,98.5,1.96,183.0,169.0,50.0,1.98,1515.0,,2.2,5.0,1.0,35.08,25.640358184089965,Long,765.1515151515151,133.0,0.022335025380710662,0.9234972677595629,False,False,True,False,False,False,False,-1,Active
22.0,88.9,1.6,182.0,148.0,74.0,1.39,1386.0,28.9,2.5,3.0,3.0,32.24,34.72656249999999,Medium,997.1223021582734,108.0,0.028121484814398197,0.8131868131868132,True,True,False,False,False,False,False,-1,Active
43.0,88.5,1.72,185.0,131.0,67.0,1.48,1140.0,23.6,3.3,4.0,1.0,28.7,29.91481882098432,Medium,770.2702702702703,118.0,0.037288135593220334,0.7081081081081081,True,False,False,False,False,False,False,0,Active
46.0,85.9,1.7,180.0,148.0,66.0,1.77,1088.0,13.8,3.4,2.0,2.0,21.8,29.723183391003467,Long,614.6892655367232,114.0,0.039580908032596035,0.8222222222222222,True,True,False,False,False,False,False,0,Active
18.0,56.5,1.86,193.0,129.0,54.0,1.4,901.0,20.6,3.5,4.0,2.0,13.7,16.331367788183602,Medium,643.5714285714287,139.0,0.061946902654867256,0.6683937823834197,True,True,False,False,False,False,False,-1,Active
18.0,71.9,1.54,170.0,121.0,59.0,1.48,658.0,18.9,2.6,4.0,2.0,24.65,30.31708551189071,Medium,444.5945945945946,111.0,0.036161335187760775,0.711764705882353,True,True,False,False,False,False,False,0,Active
44.0,66.8,1.72,191.0,136.0,68.0,1.34,1239.0,31.5,2.8,4.0,2.0,22.21,22.579772850189293,Medium,924.6268656716418,123.0,0.041916167664670656,0.7120418848167539,True,False,False,False,False,False,False,0,Active
55.0,46.3,1.7,187.0,139.0,52.0,2.0,1130.0,27.3,1.5,3.0,1.0,32.94,16.02076124567474,Long,565.0,135.0,0.032397408207343416,0.7433155080213903,False,False,False,False,False,False,False,-1,Active
57.0,72.4,1.65,168.0,162.0,56.0,1.71,1140.0,10.9,2.5,4.0,1.0,28.3,26.59320477502296,Long,666.6666666666666,112.0,0.03453038674033149,0.9642857142857143,True,False,False,True,False,False,False,-1,Active
41.0,70.7,1.81,191.0,134.0,62.0,1.53,1381.0,30.3,3.3,2.0,2.0,23.32,21.580537834620433,Long,902.6143790849673,129.0,0.04667609618104667,0.7015706806282722,True,False,False,False,False,False,False,-1,Active
52.0,45.0,1.75,196.0,143.0,74.0,2.0,926.0,22.0,2.4,3.0,1.0,38.8,14.693877551020408,Long,463.0,122.0,0.05333333333333333,0.7295918367346939,False,False,False,True,False,False,False,0,Active
18.0,74.8,1.83,165.0,144.0,63.0,1.66,1174.0,22.9,3.1,2.0,2.0,15.29,22.335692316880166,Long,707.2289156626506,102.0,0.041443850267379685,0.8727272727272727,False,False,False,False,False,False,False,0,Active
31.0,61.1,1.69,190.0,123.0,64.0,0.62,1227.0,23.8,3.6,2.0,3.0,19.83,21.392808375056898,Short,1979.032258064516,126.0,0.058919803600654665,0.6473684210526316,False,True,False,False,False,False,False,-1,Active
34.0,44.3,1.76,180.0,129.0,58.0,1.85,494.0,25.8,3.2,4.0,3.0,16.48,14.301394628099173,Long,267.02702702702703,122.0,0.07223476297968398,0.7166666666666667,False,False,True,False,False,False,False,-1,Active
20.0,96.2,1.59,170.0,142.0,52.0,1.57,1305.0,10.2,2.8,,1.0,21.72,38.0522922352755,Long,831.2101910828026,118.0,0.029106029106029104,0.8352941176470589,False,False,True,False,False,False,False,-1,Active
47.0,69.7,1.83,184.0,121.0,70.0,1.02,747.0,30.2,1.9,5.0,1.0,20.78,20.812804204365612,Medium,732.3529411764706,114.0,0.027259684361549495,0.657608695652174,True,True,False,False,False,False,False,-1,Active
33.0,41.9,1.59,166.0,165.0,50.0,2.0,898.0,24.6,3.2,3.0,2.0,14.53,16.573711482931845,Long,449.0,116.0,0.07637231503579953,0.9939759036144579,True,False,True,False,False,False,False,-1,Active
47.0,52.9,1.67,180.0,142.0,72.0,1.11,770.0,22.9,1.5,3.0,2.0,30.5,18.968051920111872,Medium,693.6936936936936,108.0,0.02835538752362949,0.7888888888888889,False,False,False,False,False,True,False,0,Active
58.0,94.6,1.57,191.0,152.0,74.0,0.78,674.0,10.2,3.3,,1.0,22.94,38.378838898129736,Medium,864.1025641025641,117.0,0.03488372093023256,0.7958115183246073,True,False,False,False,False,False,False,-1,Active
47.0,70.5,1.67,166.0,168.0,58.0,1.74,898.0,30.0,3.2,3.0,2.0,46.78,25.27878374986554,Long,516.0919540229885,108.0,0.04539007092198582,1.0120481927710843,True,False,True,False,False,False,False,-1,Active
27.0,40.0,1.76,192.0,169.0,56.0,2.0,602.0,28.0,3.4,3.0,3.0,31.97,12.913223140495868,Long,301.0,136.0,0.08499999999999999,0.8802083333333334,False,True,False,False,False,False,False,-1,Active
51.0,51.6,1.83,194.0,161.0,67.0,2.0,1057.0,27.6,2.2,3.0,1.0,24.12,15.408044432500223,Long,528.5,127.0,0.04263565891472868,0.8298969072164949,True,False,False,True,False,False,False,-1,Active
18.0,83.3,1.59,165.0,169.0,72.0,1.19,997.0,25.7,3.3,3.0,1.0,31.83,32.94964597919385,Medium,837.8151260504202,93.0,0.03961584633853541,1.0242424242424242,False,False,True,False,False,False,False,-1,Active
20.0,67.7,1.84,193.0,122.0,66.0,1.19,900.0,13.7,3.4,5.0,2.0,19.76,19.996455576559548,Medium,756.3025210084033,127.0,0.05022156573116691,0.6321243523316062,True,False,False,False,False,False,False,-1,Active
43.0,57.8,1.78,197.0,163.0,52.0,1.42,1418.0,28.6,1.6,2.0,1.0,14.84,18.24264613053907,Medium,998.5915492957747,145.0,0.027681660899653984,0.8274111675126904,True,False,False,False,False,False,True,-1,Active
45.0,59.0,1.87,199.0,157.0,55.0,1.11,613.0,18.2,3.2,2.0,1.0,31.55,16.872086705367607,Medium,552.2522522522522,144.0,0.054237288135593226,0.7889447236180904,True,False,True,False,False,False,False,2,Moderate
29.0,61.5,1.88,182.0,152.0,72.0,1.62,793.0,24.2,3.3,4.0,3.0,23.84,17.400407424173835,Long,489.5061728395061,110.0,0.05365853658536585,0.8351648351648352,False,True,False,False,False,False,False,-1,Active
18.0,40.0,1.75,176.0,124.0,68.0,1.01,1536.0,14.6,3.5,,2.0,17.62,13.061224489795919,Medium,1520.7920792079208,108.0,0.0875,0.7045454545454546,False,True,False,False,False,False,False,-1,Active
37.0,79.6,1.68,180.0,137.0,67.0,2.0,920.0,28.6,1.8,,3.0,23.26,28.202947845804992,Long,460.0,113.0,0.022613065326633167,0.7611111111111111,True,False,False,True,False,False,False,0,Active
26.0,68.6,1.75,184.0,140.0,60.0,1.26,681.0,29.4,1.8,3.0,3.0,20.02,22.4,Medium,540.4761904761905,124.0,0.02623906705539359,0.7608695652173914,False,True,False,False,False,False,False,0,Active
49.0,77.9,1.75,196.0,169.0,64.0,1.24,1267.0,24.8,3.5,3.0,2.0,14.38,25.436734693877554,Medium,1021.7741935483871,132.0,0.044929396662387676,0.8622448979591837,False,True,False,False,False,False,False,0,Active
23.0,40.9,1.75,187.0,136.0,50.0,1.14,1135.0,24.8,3.4,3.0,2.0,12.32,13.355102040816327,Medium,995.6140350877193,137.0,0.08312958435207823,0.7272727272727273,False,False,False,False,False,False,False,-1,Active
18.0,68.7,1.77,161.0,169.0,68.0,1.01,1011.0,27.3,3.5,3.0,2.0,17.0,21.928564588719716,Medium,1000.990099009901,93.0,0.050946142649199416,1.049689440993789,True,False,False,False,False,False,False,-1,Active
23.0,114.9,1.61,180.0,120.0,56.0,1.27,891.0,28.0,3.3,3.0,1.0,22.67,44.32699355734732,Medium,701.5748031496063,124.0,0.028720626631853784,0.6666666666666666,True,True,False,False,False,False,False,-1,Active
47.0,65.6,1.77,190.0,154.0,54.0,1.59,413.0,23.1,3.6,2.0,2.0,14.47,20.93906604104823,Long,259.748427672956,136.0,0.05487804878048781,0.8105263157894737,True,False,True,False,False,False,False,-1,Active
20.0,90.9,1.69,198.0,142.0,74.0,1.35,927.0,18.1,3.2,4.0,1.0,16.23,31.826616715101018,Medium,686.6666666666666,124.0,0.0352035203520352,0.7171717171717171,False,False,False,False,False,False,False,0,Active
40.0,61.0,1.89,196.0,123.0,71.0,1.45,625.0,27.4,3.6,3.0,1.0,23.16,17.076789563562052,Medium,431.0344827586207,125.0,0.05901639344262295,0.6275510204081632,True,False,True,False,False,False,False,-1,Active
18.0,66.8,1.66,166.0,135.0,59.0,2.0,803.0,23.2,3.0,2.0,1.0,12.56,24.241544491217883,Long,401.5,107.0,0.04491017964071856,0.8132530120481928,True,False,False,True,False,False,False,0,Active
56.0,42.6,1.61,190.0,161.0,60.0,1.24,1260.0,23.0,3.6,4.0,3.0,23.68,16.43455113614444,Medium,1016.1290322580645,130.0,0.08450704225352113,0.8473684210526315,True,True,False,False,False,False,False,-1,Active
56.0,88.8,1.7,173.0,129.0,52.0,1.79,933.0,24.1,1.5,4.0,2.0,12.32,30.72664359861592,Long,521.2290502793296,121.0,0.016891891891891893,0.7456647398843931,False,False,False,True,False,False,False,-1,Active
34.0,83.2,1.64,171.0,164.0,69.0,1.19,1392.0,22.9,3.5,3.0,1.0,14.97,30.933967876264134,Medium,1169.747899159664,102.0,0.04206730769230769,0.9590643274853801,False,False,False,True,False,False,False,-1,Active
38.0,99.1,1.5,185.0,159.0,74.0,1.38,995.0,17.8,1.5,4.0,1.0,24.56,44.044444444444444,Medium,721.0144927536232,111.0,0.01513622603430878,0.8594594594594595,False,True,False,False,False,False,False,-1,Active
43.0,77.8,1.7,180.0,149.0,58.0,1.38,1643.0,14.9,2.8,5.0,1.0,16.55,26.920415224913498,Medium,1190.5797101449277,122.0,0.03598971722365039,0.8277777777777777,True,False,True,False,False,False,False,-1,Active
18.0,47.8,1.85,161.0,156.0,50.0,1.02,1265.0,30.8,3.2,5.0,1.0,12.32,13.966398831263694,Medium,1240.1960784313726,111.0,0.06694560669456068,0.968944099378882,True,False,False,True,False,False,False,-1,Active
24.0,40.0,1.82,168.0,120.0,74.0,1.28,303.0,25.0,3.6,3.0,1.0,17.95,12.075836251660427,Medium,236.71875,94.0,0.09,0.7142857142857143,True,False,True,False,False,False,False,-1,Active
35.0,91.0,1.55,174.0,136.0,74.0,0.99,1216.0,27.0,3.5,3.0,3.0,16.0,37.87721123829344,Medium,1228.2828282828284,100.0,0.038461538461538464,0.7816091954022989,False,False,False,False,False,False,False,-1,Active
21.0,86.3,1.74,184.0,169.0,61.0,1.85,993.0,24.9,3.4,2.0,2.0,22.21,28.504425947945567,Long,536.7567567567568,123.0,0.039397450753186555,0.9184782608695652,True,False,True,False,False,False,False,0,Active
26.0,64.6,1.82,196.0,165.0,55.0,1.46,1699.0,28.1,3.3,4.0,2.0,19.63,19.502475546431587,Medium,1163.6986301369864,141.0,0.05108359133126935,0.8418367346938775,True,False,False,True,False,False,False,0,Active
23.0,59.6,1.81,160.0,146.0,71.0,1.54,1382.0,22.6,2.8,5.0,2.0,12.32,18.19236287048625,Long,897.4025974025974,89.0,0.046979865771812075,0.9125,False,True,False,False,False,False,False,-1,Active
46.0,53.7,1.5,177.0,169.0,54.0,1.62,1245.0,26.8,3.7,4.0,3.0,22.71,23.866666666666667,Long,768.5185185185185,123.0,0.06890130353817504,0.9548022598870056,False,False,True,False,False,False,False,-1,Active
55.0,58.9,1.56,197.0,125.0,58.0,0.73,1103.0,22.1,3.5,3.0,2.0,30.52,24.20282708744247,Short,1510.9589041095892,139.0,0.059422750424448216,0.6345177664974619,False,False,False,True,False,False,False,-1,Active
31.0,79.4,1.58,163.0,125.0,74.0,1.49,663.0,24.0,2.4,3.0,2.0,12.32,31.805800352507607,Medium,444.96644295302013,89.0,0.030226700251889164,0.7668711656441718,True,False,False,False,False,False,False,-1,Active
26.0,83.1,1.52,163.0,139.0,51.0,1.95,925.0,10.0,2.8,3.0,1.0,20.05,35.96779778393351,Long,474.35897435897436,112.0,0.03369434416365824,0.852760736196319,True,False,True,False,False,False,False,-1,Active
31.0,61.7,1.52,177.0,160.0,54.0,0.54,1266.0,23.1,1.7,4.0,2.0,12.32,26.7053324099723,Short,2344.4444444444443,123.0,0.027552674230145863,0.903954802259887,False,False,False,True,False,False,False,-1,Active
27.0,66.6,1.7,171.0,149.0,73.0,1.43,1321.0,26.6,3.3,4.0,3.0,13.51,23.044982698961938,Medium,923.7762237762238,98.0,0.04954954954954955,0.8713450292397661,True,False,True,False,False,False,False,-1,Active
45.0,106.3,1.84,172.0,123.0,61.0,1.15,1177.0,16.9,2.6,4.0,3.0,30.72,31.397684310018903,Medium,1023.4782608695652,111.0,0.024459078080903106,0.7151162790697675,False,False,True,False,False,False,False,0,Active
30.0,62.3,1.53,185.0,153.0,68.0,1.3,1382.0,20.5,1.6,2.0,2.0,34.48,26.613695587167328,Medium,1063.076923076923,117.0,0.025682182985553775,0.827027027027027,False,False,False,True,False,False,False,0,Active
48.0,83.0,1.55,164.0,169.0,67.0,1.27,1287.0,21.5,3.5,2.0,3.0,22.88,34.54734651404786,Medium,1013.3858267716536,97.0,0.04216867469879518,1.0304878048780488,True,False,False,False,False,False,False,-1,Active
35.0,75.4,1.64,198.0,167.0,63.0,1.14,1045.0,20.5,1.5,3.0,2.0,30.23,28.033908387864372,Medium,916.6666666666667,135.0,0.01989389920424403,0.8434343434343434,True,False,False,True,False,False,False,-1,Active
30.0,98.3,1.84,178.0,161.0,74.0,1.58,576.0,23.3,1.6,3.0,2.0,16.15,29.034735349716446,Long,364.55696202531647,104.0,0.016276703967446595,0.9044943820224719,False,True,False,False,False,False,False,-1,Active
38.0,46.5,1.65,182.0,169.0,70.0,1.34,806.0,24.1,3.5,2.0,1.0,12.32,17.079889807162537,Medium,601.4925373134328,112.0,0.07526881720430108,0.9285714285714286,False,False,False,False,False,False,False,0,Active
44.0,61.6,1.65,167.0,158.0,74.0,1.11,1223.0,23.8,2.9,4.0,1.0,15.25,22.62626262626263,Medium,1101.8018018018017,93.0,0.04707792207792207,0.9461077844311377,True,False,True,False,False,False,False,-1,Active
31.0,64.0,1.85,184.0,147.0,71.0,1.05,571.0,27.0,2.0,5.0,2.0,14.26,18.699780861943022,Medium,543.8095238095237,113.0,0.03125,0.7989130434782609,False,False,True,False,False,False,False,0,Active
18.0,59.1,1.69,180.0,155.0,57.0,1.99,1505.0,27.5,1.9,4.0,1.0,17.36,20.692552781765347,Long,756.2814070351759,123.0,0.032148900169204735,0.8611111111111112,True,False,False,True,False,False,False,-1,Active
24.0,45.1,1.6,195.0,163.0,66.0,2.0,453.0,31.2,1.6,2.0,2.0,22.88,17.617187499999996,Long,226.5,129.0,0.03547671840354767,0.8358974358974359,False,False,False,False,False,False,False,0,Active
18.0,82.7,1.79,171.0,167.0,69.0,1.09,1305.0,21.8,2.1,2.0,1.0,12.89,25.810680066165226,Medium,1197.2477064220182,102.0,0.02539298669891173,0.9766081871345029,False,True,False,False,False,False,False,-1,Active
33.0,85.0,1.73,161.0,128.0,64.0,1.34,812.0,16.6,3.2,4.0,1.0,13.34,28.40054796351365,Medium,605.9701492537313,97.0,0.037647058823529415,0.7950310559006211,True,False,True,False,False,False,False,0,Active
21.0,77.9,1.8,199.0,169.0,56.0,1.3,1171.0,19.7,3.4,3.0,2.0,19.98,24.04320987654321,Medium,900.7692307692307,143.0,0.043645699614890884,0.8492462311557789,False,False,False,False,False,False,False,0,Active
20.0,40.0,1.52,192.0,151.0,63.0,1.5,572.0,25.1,3.7,4.0,1.0,25.64,17.31301939058172,Medium,381.3333333333333,129.0,0.0925,0.7864583333333334,True,True,False,False,False,False,False,-1,Active
59.0,44.8,1.67,189.0,130.0,63.0,1.29,1021.0,29.8,3.6,3.0,3.0,12.32,16.06368102119115,Medium,791.4728682170543,126.0,0.08035714285714286,0.6878306878306878,True,False,True,False,False,False,False,-1,Active
51.0,66.4,1.77,184.0,147.0,55.0,0.97,1531.0,33.1,3.6,3.0,3.0,14.27,21.194420504963453,Medium,1578.3505154639176,129.0,0.05421686746987951,0.7989130434782609,False,True,False,False,False,False,False,-1,Active
50.0,40.0,2.0,192.0,155.0,56.0,0.82,829.0,24.6,2.4,3.0,2.0,16.67,10.0,Medium,1010.9756097560976,136.0,0.06,0.8072916666666666,True,False,True,False,False,False,False,0,Active
42.0,96.2,1.63,164.0,148.0,74.0,1.38,887.0,16.3,1.6,2.0,3.0,25.15,36.207610372991084,Medium,642.7536231884059,90.0,0.016632016632016633,0.9024390243902439,True,False,True,False,False,False,False,-1,Active
45.0,54.0,1.86,170.0,148.0,65.0,1.36,670.0,28.9,3.5,3.0,2.0,16.72,15.608740894901143,Medium,492.6470588235294,105.0,0.06481481481481481,0.8705882352941177,False,False,False,False,False,False,False,-1,Active
22.0,71.1,1.68,164.0,160.0,74.0,1.51,955.0,10.0,3.3,4.0,2.0,16.09,25.191326530612248,Long,632.4503311258278,90.0,0.046413502109704644,0.975609756097561,True,False,False,False,False,False,False,-1,Active
47.0,48.6,1.55,176.0,165.0,74.0,0.71,1305.0,15.6,2.7,2.0,1.0,27.31,20.22892819979188,Short,1838.0281690140846,102.0,0.05555555555555556,0.9375,False,False,False,False,False,False,False,-1,Active
34.0,100.1,1.97,192.0,164.0,73.0,2.0,1747.0,25.5,1.5,4.0,2.0,22.68,25.792986163003427,Long,873.5,119.0,0.014985014985014986,0.8541666666666666,False,False,False,True,False,False,False,-1,Active
51.0,53.7,1.72,169.0,120.0,52.0,0.95,1234.0,10.0,3.3,,3.0,14.41,18.151703623580318,Medium,1298.9473684210527,117.0,0.06145251396648044,0.7100591715976331,False,True,False,False,False,False,False,-1,Active
27.0,83.5,1.67,162.0,129.0,65.0,1.48,1517.0,25.8,3.3,2.0,1.0,18.45,29.940119760479043,Medium,1025.0,97.0,0.03952095808383233,0.7962962962962963,True,False,False,True,False,False,False,0,Active
18.0,52.4,1.74,181.0,169.0,63.0,0.83,889.0,10.0,2.8,4.0,3.0,13.4,17.307438234905536,Medium,1071.0843373493976,118.0,0.05343511450381679,0.9337016574585635,True,False,True,False,False,False,False,-1,Active
48.0,89.5,1.61,170.0,153.0,57.0,1.38,1355.0,10.0,3.3,3.0,1.0,12.32,34.52798888931754,Medium,981.8840579710146,113.0,0.036871508379888264,0.9,True,False,True,False,False,False,False,-1,Active
25.0,58.2,1.64,165.0,169.0,71.0,1.92,984.0,20.8,3.3,4.0,3.0,19.05,21.638905413444384,Long,512.5,94.0,0.056701030927835044,1.0242424242424242,False,False,True,False,False,False,False,-1,Active
51.0,126.0,1.74,190.0,139.0,57.0,1.04,1108.0,27.3,3.2,2.0,1.0,22.63,41.617122473246134,Medium,1065.3846153846152,133.0,0.025396825396825397,0.7315789473684211,True,False,True,False,False,False,False,-1,Active
58.0,57.4,1.62,196.0,154.0,61.0,1.59,1015.0,15.0,2.1,3.0,1.0,25.02,21.87166590458771,Long,638.3647798742138,135.0,0.03658536585365854,0.7857142857142857,False,False,False,False,False,False,False,-1,Active
32.0,52.3,1.59,161.0,121.0,74.0,2.0,723.0,20.3,3.3,3.0,1.0,22.56,20.68747280566433,Long,361.5,87.0,0.06309751434034416,0.7515527950310559,False,False,True,False,False,False,False,0,Active
47.0,40.0,1.85,192.0,139.0,57.0,1.2,697.0,25.2,3.5,4.0,1.0,19.04,11.68736303871439,Medium,580.8333333333334,135.0,0.0875,0.7239583333333334,False,False,False,False,False,False,False,-1,Active
55.0,129.6,1.84,188.0,139.0,58.0,1.28,1272.0,19.2,3.5,3.0,1.0,18.38,38.27977315689981,Medium,993.75,130.0,0.027006172839506175,0.7393617021276596,False,True,False,False,False,False,False,-1,Active
33.0,72.3,1.8,199.0,120.0,74.0,1.33,457.0,26.5,2.3,4.0,2.0,12.32,22.314814814814813,Medium,343.609022556391,125.0,0.0318118948824343,0.6030150753768844,False,True,False,False,False,False,False,-1,Active
28.0,64.1,1.55,179.0,152.0,52.0,1.41,1091.0,31.1,3.3,4.0,1.0,18.43,26.680541103017685,Medium,773.758865248227,127.0,0.0514820592823713,0.8491620111731844,True,True,False,False,False,False,False,0,Active
34.0,66.7,1.55,186.0,169.0,55.0,1.48,781.0,19.4,2.5,3.0,1.0,12.32,27.7627471383975,Medium,527.7027027027027,131.0,0.037481259370314844,0.9086021505376344,True,False,False,False,False,False,False,-1,Active
35.0,44.9,1.92,168.0,123.0,67.0,1.29,572.0,20.8,2.1,4.0,2.0,17.33,12.17990451388889,Medium,443.41085271317826,101.0,0.0467706013363029,0.7321428571428571,True,False,False,False,False,False,False,0,Active
36.0,90.0,1.69,180.0,160.0,72.0,2.0,717.0,20.6,3.3,4.0,1.0,13.72,31.51150169811982,Long,358.5,108.0,0.03666666666666667,0.8888888888888888,False,True,False,False,False,False,False,-1,Active
27.0,77.7,1.76,167.0,131.0,74.0,1.36,448.0,24.9,2.1,5.0,2.0,23.19,25.083935950413224,Medium,329.4117647058823,93.0,0.02702702702702703,0.7844311377245509,True,True,False,False,False,False,False,-1,Active
18.0,100.0,1.73,192.0,166.0,56.0,1.22,1631.0,23.3,1.8,4.0,2.0,12.32,33.41240936883958,Medium,1336.8852459016393,136.0,0.018000000000000002,0.8645833333333334,True,False,True,False,False,False,False,-1,Active
52.0,83.4,1.52,176.0,142.0,56.0,1.45,596.0,25.6,1.9,3.0,2.0,15.21,36.097645429362885,Medium,411.0344827586207,120.0,0.02278177458033573,0.8068181818181818,True,True,False,False,False,False,False,-1,Active
32.0,46.5,1.83,176.0,128.0,74.0,1.01,1061.0,10.0,2.5,4.0,3.0,14.63,13.885156319985665,Medium,1050.4950495049504,102.0,0.053763440860215055,0.7272727272727273,False,False,False,False,False,False,False,-1,Active
37.0,81.1,1.78,195.0,143.0,72.0,1.07,770.0,22.5,2.5,3.0,2.0,12.51,25.59651559146572,Medium,719.626168224299,123.0,0.03082614056720099,0.7333333333333333,False,True,False,False,False,False,False,0,Active
31.0,50.7,1.86,171.0,149.0,74.0,1.29,580.0,,3.6,3.0,2.0,21.13,14.654873395768297,Medium,449.61240310077517,97.0,0.07100591715976332,0.8713450292397661,True,False,False,False,False,False,False,-1,Active
23.0,55.4,1.8,164.0,163.0,73.0,1.33,783.0,27.1,1.5,2.0,1.0,18.71,17.098765432098762,Medium,588.7218045112782,91.0,0.02707581227436823,0.9939024390243902,False,False,True,False,False,False,False,-1,Active
23.0,40.0,1.8,160.0,136.0,62.0,1.85,1113.0,16.8,1.7,3.0,,16.37,12.345679012345679,Long,601.6216216216216,98.0,0.042499999999999996,0.85,False,False,True,False,False,False,False,-1,Active
25.0,76.2,1.87,184.0,148.0,69.0,1.96,809.0,26.2,2.3,3.0,1.0,17.02,21.790728931339185,Long,412.7551020408163,115.0,0.03018372703412073,0.8043478260869565,False,True,False,False,False,False,False,-1,Active
52.0,84.5,1.75,180.0,158.0,71.0,2.0,830.0,14.1,1.5,4.0,3.0,18.25,27.591836734693878,Long,415.0,109.0,0.01775147928994083,0.8777777777777778,True,False,True,False,False,False,False,-1,Active
59.0,40.0,2.0,173.0,141.0,68.0,1.04,1331.0,27.0,3.7,2.0,1.0,43.74,10.0,Medium,1279.8076923076924,105.0,0.0925,0.815028901734104,True,False,True,False,False,False,False,-1,Active
37.0,40.0,1.92,163.0,129.0,68.0,1.22,1025.0,22.7,3.3,2.0,1.0,23.28,10.850694444444445,Medium,840.1639344262295,95.0,0.08249999999999999,0.7914110429447853,False,False,False,False,False,False,False,-1,Active
42.0,55.6,1.63,176.0,134.0,74.0,1.41,384.0,22.0,3.3,3.0,1.0,32.64,20.926643833038504,Medium,272.3404255319149,102.0,0.05935251798561151,0.7613636363636364,False,False,False,False,False,False,False,0,Active
29.0,73.6,1.82,162.0,141.0,55.0,1.5,1057.0,25.2,2.1,2.0,2.0,30.41,22.219538703055182,Medium,704.6666666666666,107.0,0.028532608695652176,0.8703703703703703,True,False,False,False,False,False,False,0,Active
29.0,50.8,1.89,199.0,163.0,59.0,0.8,784.0,35.0,2.5,3.0,2.0,22.37,14.22132639063856,Medium,980.0,140.0,0.04921259842519685,0.8190954773869347,False,True,False,False,False,False,False,0,Active
27.0,72.5,1.88,181.0,162.0,69.0,1.21,1120.0,34.6,3.4,4.0,1.0,27.76,20.512675418741512,Medium,925.6198347107438,112.0,0.04689655172413793,0.8950276243093923,True,True,False,False,False,False,False,-1,Active
21.0,94.4,1.69,197.0,155.0,61.0,1.94,1089.0,20.7,2.4,,2.0,14.52,33.05206400336123,Long,561.340206185567,136.0,0.02542372881355932,0.7868020304568528,False,False,True,False,False,False,False,-1,Active
52.0,57.5,1.87,174.0,149.0,70.0,1.05,880.0,12.5,2.5,2.0,2.0,12.32,16.443135348451484,Medium,838.0952380952381,104.0,0.043478260869565216,0.8563218390804598,True,False,False,False,False,False,False,0,Active
32.0,51.1,1.86,199.0,131.0,63.0,1.0,865.0,34.8,3.2,3.0,1.0,21.49,14.770493698693489,Medium,865.0,136.0,0.06262230919765166,0.6582914572864321,True,True,False,False,False,False,False,-1,Active
30.0,88.8,1.69,171.0,127.0,70.0,1.21,1097.0,25.6,3.4,,1.0,19.29,31.091348342144887,Medium,906.6115702479339,101.0,0.038288288288288286,0.7426900584795322,False,False,True,False,False,False,False,0,Active
23.0,52.6,1.78,176.0,169.0,53.0,1.15,1384.0,31.1,2.4,3.0,2.0,21.08,16.60143921222068,Medium,1203.4782608695652,123.0,0.04562737642585551,0.9602272727272727,False,False,False,False,False,False,False,-1,Active
18.0,57.5,1.74,193.0,154.0,70.0,1.16,1358.0,33.9,3.7,4.0,3.0,12.32,18.991940811203595,Medium,1170.689655172414,123.0,0.06434782608695652,0.7979274611398963,True,True,False,False,False,False,False,-1,Active
52.0,45.1,1.65,165.0,164.0,71.0,1.76,1380.0,21.5,3.3,5.0,1.0,29.89,16.565656565656568,Long,784.0909090909091,94.0,0.07317073170731707,0.9939393939393939,False,False,False,True,False,False,False,-1,Active
45.0,98.7,1.77,183.0,132.0,74.0,1.32,400.0,19.5,2.0,4.0,2.0,18.18,31.504356985540554,Medium,303.030303030303,109.0,0.020263424518743668,0.7213114754098361,True,False,False,False,False,False,False,-1,Active
51.0,63.0,1.78,161.0,152.0,50.0,1.33,1339.0,29.1,1.8,2.0,2.0,15.95,19.883853048857468,Medium,1006.7669172932331,111.0,0.02857142857142857,0.9440993788819876,True,False,True,False,False,False,False,-1,Active
34.0,101.5,1.57,184.0,120.0,55.0,1.02,601.0,17.7,2.3,5.0,,46.11,41.17814110105886,Medium,589.2156862745098,129.0,0.022660098522167486,0.6521739130434783,False,False,True,False,False,False,False,-1,Active
18.0,89.8,1.66,185.0,140.0,54.0,2.0,1283.0,28.4,1.9,,2.0,16.69,32.588184061547395,Long,641.5,131.0,0.021158129175946547,0.7567567567567568,False,True,False,False,False,False,False,-1,Active
42.0,43.5,1.56,192.0,159.0,57.0,1.96,555.0,25.3,3.6,3.0,2.0,28.64,17.874753451676526,Long,283.16326530612247,135.0,0.08275862068965517,0.828125,True,False,False,False,False,False,False,-1,Active
28.0,121.1,1.75,163.0,149.0,68.0,1.57,716.0,21.0,3.3,5.0,1.0,26.5,39.542857142857144,Long,456.0509554140127,95.0,0.027250206440957887,0.9141104294478528,False,False,True,False,False,False,False,-1,Active
18.0,46.3,2.0,167.0,169.0,64.0,1.29,1556.0,22.5,2.6,2.0,3.0,17.38,11.575,Medium,1206.2015503875969,103.0,0.05615550755939525,1.0119760479041917,True,False,False,True,False,False,False,-1,Active
35.0,40.0,1.71,162.0,133.0,69.0,1.99,840.0,20.2,3.2,4.0,2.0,27.14,13.679422728360864,Long,422.1105527638191,93.0,0.08,0.8209876543209876,True,False,False,True,False,False,False,-1,Active
56.0,64.2,1.79,196.0,165.0,58.0,0.97,667.0,15.9,3.3,4.0,1.0,12.32,20.036827814362848,Medium,687.6288659793814,138.0,0.051401869158878497,0.8418367346938775,False,False,False,False,False,False,False,0,Active
18.0,56.0,1.82,170.0,131.0,62.0,1.55,1249.0,,2.0,3.0,3.0,15.72,16.9061707523246,Long,805.8064516129032,108.0,0.03571428571428571,0.7705882352941177,False,True,False,False,False,False,False,-1,Active
32.0,90.5,1.63,184.0,166.0,50.0,1.46,1217.0,31.3,2.0,5.0,1.0,12.99,34.06225300161843,Medium,833.5616438356165,134.0,0.022099447513812154,0.9021739130434783,False,False,True,False,False,False,False,-1,Active
42.0,40.0,1.81,177.0,145.0,59.0,1.71,1065.0,26.6,1.5,3.0,1.0,23.25,12.209639510393455,Long,622.8070175438596,118.0,0.0375,0.8192090395480226,False,True,False,False,False,False,False,-1,Active
54.0,72.6,1.56,172.0,165.0,69.0,1.26,966.0,26.1,3.5,2.0,1.0,31.41,29.83234714003944,Medium,766.6666666666666,103.0,0.048209366391184574,0.9593023255813954,True,True,False,False,False,False,False,-1,Active
34.0,89.7,1.78,184.0,142.0,53.0,0.53,1662.0,24.2,1.5,3.0,1.0,39.54,28.3108193409923,Short,3135.8490566037735,131.0,0.016722408026755852,0.7717391304347826,False,True,False,False,False,False,False,-1,Active
21.0,59.7,1.65,191.0,138.0,68.0,0.95,539.0,35.0,3.2,4.0,2.0,17.55,21.928374655647385,Medium,567.3684210526316,123.0,0.05360134003350084,0.7225130890052356,False,True,False,False,False,False,False,1,Active
18.0,42.0,1.82,188.0,137.0,67.0,0.77,589.0,16.4,2.0,2.0,3.0,29.09,12.679628064243447,Medium,764.9350649350649,121.0,0.047619047619047616,0.7287234042553191,True,True,False,False,False,False,False,-1,Active
18.0,57.9,2.0,168.0,156.0,50.0,1.05,689.0,28.3,3.6,3.0,3.0,18.31,14.475,Medium,656.1904761904761,118.0,0.062176165803108814,0.9285714285714286,True,False,False,False,False,False,False,-1,Active
49.0,50.2,1.7,164.0,169.0,73.0,0.75,622.0,28.0,1.6,2.0,1.0,13.34,17.370242214532876,Short,829.3333333333334,91.0,0.03187250996015936,1.0304878048780488,False,False,False,False,False,False,False,-1,Active
18.0,40.0,1.8,187.0,158.0,71.0,1.24,665.0,24.1,1.7,2.0,2.0,14.93,12.345679012345679,Medium,536.2903225806451,116.0,0.042499999999999996,0.8449197860962567,False,False,False,False,True,False,False,0,Active
18.0,70.9,1.87,176.0,164.0,59.0,2.0,745.0,28.2,3.2,4.0,2.0,15.74,20.275100803568872,Long,372.5,117.0,0.045133991537376586,0.9318181818181818,False,True,False,False,False,False,False,0,Active
26.0,44.0,1.6,190.0,125.0,68.0,1.06,1246.0,21.1,2.7,2.0,2.0,15.5,17.187499999999996,Medium,1175.4716981132076,122.0,0.06136363636363637,0.6578947368421053,True,False,True,False,False,False,False,-1,Active
31.0,46.9,1.75,192.0,146.0,63.0,2.0,748.0,15.3,1.7,4.0,,12.48,15.314285714285713,Long,374.0,129.0,0.03624733475479744,0.7604166666666666,False,False,False,False,False,False,False,0,Active
49.0,47.5,1.79,161.0,169.0,61.0,1.43,957.0,25.8,3.0,4.0,1.0,13.47,14.824755781654755,Medium,669.2307692307693,100.0,0.06315789473684211,1.049689440993789,True,False,True,False,False,False,False,-1,Active
38.0,69.0,1.82,170.0,133.0,53.0,1.24,1610.0,30.1,2.8,2.0,2.0,20.05,20.830817534114235,Medium,1298.3870967741937,117.0,0.04057971014492753,0.7823529411764706,True,False,True,False,False,False,False,0,Active
18.0,59.1,2.0,181.0,123.0,72.0,1.94,901.0,23.2,2.4,4.0,2.0,13.32,14.775,Long,464.4329896907217,109.0,0.04060913705583756,0.6795580110497238,False,True,False,False,False,False,False,0,Active
18.0,74.6,1.71,169.0,143.0,54.0,1.49,1213.0,28.7,2.0,2.0,1.0,18.68,25.51212338839301,Medium,814.0939597315436,115.0,0.02680965147453083,0.8461538461538461,False,False,False,False,False,False,False,-1,Active
35.0,98.6,1.55,184.0,141.0,59.0,2.0,1172.0,27.8,3.2,2.0,2.0,23.47,41.04058272632673,Long,586.0,125.0,0.03245436105476674,0.7663043478260869,True,False,False,False,False,False,False,0,Active
29.0,58.4,1.61,182.0,165.0,70.0,0.77,1259.0,20.1,3.5,4.0,2.0,26.13,22.529994984761387,Medium,1635.064935064935,112.0,0.05993150684931507,0.9065934065934066,False,True,False,False,False,False,False,-1,Active
38.0,93.7,1.66,168.0,169.0,68.0,1.97,875.0,29.0,3.4,4.0,2.0,13.87,34.003483814777184,Long,444.16243654822335,100.0,0.03628601921024546,1.005952380952381,True,False,False,False,False,False,False,-1,Active
42.0,88.6,2.0,171.0,166.0,72.0,1.11,1335.0,18.6,2.2,5.0,2.0,18.3,22.15,Medium,1202.7027027027027,99.0,0.02483069977426637,0.9707602339181286,False,False,False,True,False,False,False,-1,Active
18.0,49.9,1.77,191.0,123.0,74.0,1.4,626.0,25.9,3.4,2.0,2.0,24.35,15.92773468671199,Medium,447.14285714285717,117.0,0.06813627254509018,0.643979057591623,True,False,True,False,False,False,False,-1,Active
42.0,99.9,1.6,189.0,169.0,58.0,1.85,1099.0,32.6,2.2,2.0,1.0,15.78,39.02343749999999,Long,594.0540540540541,131.0,0.022022022022022022,0.8941798941798942,False,True,False,False,False,False,False,-1,Active
26.0,58.6,1.78,198.0,143.0,74.0,1.59,1008.0,21.1,2.2,3.0,1.0,44.77,18.495139502588057,Long,633.9622641509434,124.0,0.03754266211604096,0.7222222222222222,False,False,False,False,False,False,False,2,Moderate
36.0,57.4,1.58,192.0,152.0,70.0,1.38,1137.0,18.3,3.2,2.0,1.0,20.91,22.993110078513055,Medium,823.913043478261,122.0,0.055749128919860634,0.7916666666666666,True,False,False,True,False,False,False,0,Active
47.0,48.1,1.71,185.0,129.0,74.0,0.87,1177.0,28.1,2.6,3.0,3.0,12.32,16.44950583085394,Medium,1352.8735632183907,111.0,0.05405405405405406,0.6972972972972973,True,False,True,False,False,False,False,-1,Active
30.0,60.1,1.93,187.0,140.0,58.0,1.48,875.0,29.7,3.1,5.0,1.0,24.29,16.134661333190152,Medium,591.2162162162163,129.0,0.051580698835274545,0.7486631016042781,True,True,False,False,False,False,False,-1,Active
23.0,88.0,2.0,193.0,128.0,70.0,1.24,399.0,23.9,2.8,3.0,1.0,31.33,22.0,Medium,321.7741935483871,123.0,0.031818181818181815,0.6632124352331606,False,True,False,False,False,False,False,2,Moderate
39.0,62.5,1.74,162.0,141.0,58.0,1.27,699.0,24.2,1.8,3.0,1.0,17.6,20.643413925221296,Medium,550.3937007874016,104.0,0.0288,0.8703703703703703,False,False,False,False,False,False,False,-1,Active
20.0,69.3,1.75,180.0,120.0,72.0,1.06,1421.0,24.6,3.2,4.0,2.0,25.22,22.628571428571426,Medium,1340.566037735849,108.0,0.04617604617604618,0.6666666666666666,False,False,False,True,False,False,False,-1,Active
39.0,65.6,1.7,172.0,148.0,68.0,0.87,1709.0,20.2,1.5,4.0,3.0,14.83,22.698961937716263,Medium,1964.367816091954,104.0,0.02286585365853659,0.8604651162790697,False,True,False,False,False,False,False,0,Active
22.0,80.6,1.71,176.0,139.0,60.0,2.0,957.0,31.0,2.4,4.0,2.0,12.32,27.56403679764714,Long,478.5,116.0,0.02977667493796526,0.7897727272727273,True,False,False,False,False,False,False,0,Active
57.0,43.5,2.0,172.0,159.0,59.0,1.73,530.0,18.7,2.1,2.0,3.0,23.74,10.875,Long,306.35838150289015,113.0,0.04827586206896552,0.9244186046511628,False,False,False,True,False,False,False,-1,Active
25.0,72.6,1.7,161.0,168.0,51.0,1.28,1262.0,22.0,3.1,4.0,2.0,16.45,25.12110726643599,Medium,985.9375,110.0,0.04269972451790634,1.0434782608695652,False,False,True,False,False,False,False,-1,Active
18.0,87.5,1.76,169.0,160.0,60.0,2.0,1042.0,22.4,3.3,2.0,3.0,21.79,28.247675619834713,Long,521.0,109.0,0.037714285714285714,0.9467455621301775,True,False,False,True,False,False,False,-1,Active
50.0,46.8,1.77,180.0,128.0,70.0,1.4,803.0,17.0,3.3,4.0,1.0,21.83,14.938236139040503,Medium,573.5714285714286,110.0,0.07051282051282051,0.7111111111111111,True,True,False,False,False,False,False,0,Active
27.0,42.5,1.61,183.0,155.0,71.0,2.0,933.0,22.9,1.6,2.0,1.0,,16.395972377608885,Long,466.5,112.0,0.037647058823529415,0.8469945355191257,True,True,False,False,False,False,False,-1,Active
43.0,83.5,1.96,168.0,169.0,54.0,1.47,1522.0,,2.1,4.0,2.0,24.03,21.73573511037068,Medium,1035.3741496598639,114.0,0.025149700598802397,1.005952380952381,True,False,True,False,False,False,False,-1,Active
18.0,44.9,1.77,168.0,127.0,57.0,1.66,512.0,12.3,3.7,3.0,1.0,20.39,14.331769287241851,Long,308.43373493975906,111.0,0.0824053452115813,0.7559523809523809,False,False,True,False,False,False,False,-1,Active
18.0,63.9,1.71,164.0,140.0,66.0,1.48,785.0,30.2,3.3,4.0,2.0,21.96,21.85287780855648,Medium,530.4054054054054,98.0,0.05164319248826291,0.8536585365853658,True,False,False,True,False,False,False,-1,Active
21.0,90.1,1.72,184.0,138.0,68.0,1.35,1043.0,27.1,2.1,4.0,3.0,22.34,30.45565170362358,Medium,772.5925925925925,116.0,0.02330743618201998,0.75,True,False,False,True,False,False,False,0,Active
18.0,48.2,1.75,180.0,134.0,63.0,1.39,1053.0,22.1,2.2,4.0,1.0,16.34,15.738775510204082,Medium,757.5539568345324,117.0,0.04564315352697096,0.7444444444444445,True,False,False,True,False,False,False,0,Active
31.0,67.4,1.83,167.0,122.0,66.0,1.49,1032.0,30.6,3.1,5.0,2.0,18.29,20.12601152617277,Medium,692.6174496644295,101.0,0.04599406528189911,0.7305389221556886,True,True,False,False,False,False,False,0,Active
26.0,65.0,1.69,171.0,162.0,62.0,1.54,1066.0,16.6,3.5,2.0,2.0,29.56,22.758306781975424,Long,692.2077922077922,109.0,0.05384615384615385,0.9473684210526315,True,False,True,False,False,False,False,-1,Active
33.0,95.0,1.85,168.0,140.0,56.0,1.3,958.0,20.5,3.3,3.0,2.0,12.66,27.757487216946675,Medium,736.9230769230769,112.0,0.034736842105263156,0.8333333333333334,False,False,True,False,False,False,False,0,Active
30.0,65.3,1.76,192.0,161.0,57.0,1.16,1092.0,32.1,1.9,4.0,3.0,23.82,21.080836776859503,Medium,941.3793103448277,135.0,0.02909647779479326,0.8385416666666666,False,False,False,False,False,False,False,0,Active
46.0,82.9,1.74,194.0,165.0,52.0,2.0,1107.0,24.3,3.1,3.0,3.0,14.4,27.38142423041353,Long,553.5,142.0,0.03739445114595898,0.8505154639175257,False,False,False,False,False,False,False,0,Active
18.0,59.4,1.87,195.0,139.0,74.0,2.0,958.0,14.9,2.7,3.0,2.0,36.72,16.986473733878576,Long,479.0,121.0,0.045454545454545456,0.7128205128205128,True,False,False,True,False,False,False,-1,Active
49.0,58.2,1.82,171.0,154.0,67.0,1.38,624.0,20.8,3.5,4.0,1.0,19.11,17.570341746165923,Medium,452.1739130434783,104.0,0.060137457044673534,0.9005847953216374,True,False,True,False,False,False,False,0,Active
37.0,77.3,1.58,180.0,140.0,61.0,1.57,1333.0,23.5,1.5,2.0,2.0,12.32,30.96458900817176,Long,849.0445859872611,119.0,0.01940491591203105,0.7777777777777778,False,True,False,False,False,False,False,-1,Active
22.0,66.0,1.67,181.0,122.0,50.0,0.96,912.0,26.3,1.5,3.0,2.0,15.29,23.66524436157625,Medium,950.0,131.0,0.022727272727272728,0.6740331491712708,True,False,False,False,False,False,False,-1,Active
29.0,67.4,1.76,187.0,120.0,74.0,1.1,911.0,21.4,2.3,5.0,1.0,19.6,21.758780991735538,Medium,828.1818181818181,113.0,0.034124629080118686,0.6417112299465241,False,False,False,False,False,False,False,2,Moderate
31.0,62.2,1.7,168.0,155.0,55.0,0.62,1596.0,35.0,3.2,2.0,1.0,16.7,21.522491349480973,Short,2574.1935483870966,113.0,0.05144694533762058,0.9226190476190477,True,False,True,False,False,False,False,-1,Active
45.0,67.3,1.67,198.0,155.0,54.0,0.72,1006.0,33.2,3.5,4.0,2.0,17.76,24.1313779626376,Short,1397.2222222222222,144.0,0.05200594353640416,0.7828282828282829,False,False,False,True,False,False,False,0,Active
27.0,59.6,1.73,182.0,139.0,71.0,1.42,1321.0,16.3,3.3,4.0,3.0,16.62,19.913795983828393,Medium,930.2816901408452,111.0,0.05536912751677852,0.7637362637362637,False,False,True,False,False,False,False,-1,Active
35.0,40.0,1.72,182.0,120.0,70.0,1.22,1178.0,14.6,1.9,4.0,2.0,17.87,13.520822065981614,Medium,965.5737704918033,112.0,0.0475,0.6593406593406593,True,True,False,False,False,False,False,0,Active
24.0,41.3,1.73,180.0,156.0,74.0,1.55,1285.0,26.2,3.2,4.0,3.0,14.93,13.799325069330749,Long,829.0322580645161,106.0,0.0774818401937046,0.8666666666666667,True,True,False,False,False,False,False,-1,Active
48.0,97.0,1.73,172.0,122.0,74.0,1.7,903.0,12.8,3.5,4.0,2.0,22.39,32.4100370877744,Long,531.1764705882354,98.0,0.03608247422680412,0.7093023255813954,True,False,False,False,False,False,False,0,Active
59.0,47.2,1.68,185.0,159.0,70.0,1.49,704.0,15.4,2.2,4.0,2.0,23.79,16.723356009070297,Medium,472.4832214765101,115.0,0.046610169491525424,0.8594594594594595,False,False,True,False,False,False,False,0,Active
33.0,65.7,1.97,167.0,144.0,53.0,1.1,872.0,19.1,2.0,4.0,1.0,19.14,16.929062846247007,Medium,792.7272727272726,114.0,0.030441400304414,0.8622754491017964,True,False,False,False,False,False,False,-1,Active
31.0,80.2,1.74,187.0,141.0,72.0,1.23,1326.0,21.2,2.8,2.0,2.0,16.1,26.48962874884397,Medium,1078.0487804878048,115.0,0.034912718204488775,0.7540106951871658,True,False,True,False,False,False,False,0,Active
40.0,59.3,2.0,166.0,141.0,74.0,1.44,801.0,24.6,3.4,5.0,2.0,17.04,14.825,Medium,556.25,92.0,0.05733558178752108,0.8493975903614458,True,False,False,False,False,False,False,-1,Active
28.0,61.1,1.74,163.0,156.0,59.0,1.89,1277.0,21.5,3.4,2.0,2.0,,20.18100145329634,Long,675.6613756613757,104.0,0.055646481178396066,0.9570552147239264,True,False,False,False,False,False,False,-1,Active
57.0,79.4,1.55,160.0,164.0,50.0,1.55,1116.0,32.2,3.6,2.0,2.0,14.69,33.04890738813736,Long,720.0,110.0,0.04534005037783375,1.025,False,False,True,False,False,False,False,-1,Active
28.0,59.3,1.79,189.0,128.0,69.0,0.91,877.0,24.8,2.1,4.0,1.0,28.16,18.507537217939515,Medium,963.7362637362637,120.0,0.03541315345699832,0.6772486772486772,True,False,True,False,False,False,False,2,Moderate
30.0,61.8,1.88,189.0,142.0,73.0,1.02,1033.0,23.7,2.3,4.0,1.0,21.86,17.485287460389316,Medium,1012.7450980392157,116.0,0.0372168284789644,0.7513227513227513,False,False,False,False,False,False,False,0,Active
30.0,40.0,1.63,192.0,157.0,64.0,1.31,1078.0,10.0,2.8,3.0,1.0,14.92,15.05513944822914,Medium,822.9007633587786,128.0,0.06999999999999999,0.8177083333333334,True,True,False,False,False,False,False,0,Active
25.0,61.4,1.7,172.0,166.0,72.0,1.28,1064.0,32.5,3.0,3.0,2.0,19.45,21.245674740484432,Medium,831.25,100.0,0.048859934853420196,0.9651162790697675,False,False,False,True,False,False,False,-1,Active
46.0,80.2,1.98,172.0,155.0,73.0,1.29,1355.0,26.8,3.3,4.0,3.0,15.63,20.457096214671974,Medium,1050.3875968992247,99.0,0.04114713216957606,0.9011627906976745,False,False,False,True,False,False,False,-1,Active
28.0,58.0,1.77,179.0,157.0,74.0,1.59,1145.0,21.3,1.5,2.0,3.0,14.72,18.513198633853616,Long,720.125786163522,105.0,0.02586206896551724,0.8770949720670391,True,False,False,True,False,False,False,0,Active
27.0,53.0,1.91,172.0,123.0,54.0,1.09,655.0,34.4,3.1,3.0,2.0,21.18,14.528110523286095,Medium,600.9174311926605,118.0,0.05849056603773585,0.7151162790697675,True,False,True,False,False,False,False,1,Active
23.0,51.2,1.92,187.0,169.0,55.0,1.1,969.0,25.3,2.7,2.0,1.0,16.98,13.88888888888889,Medium,880.9090909090909,132.0,0.052734375,0.9037433155080213,False,False,False,True,False,False,False,0,Active
26.0,51.9,1.9,182.0,129.0,55.0,2.0,1418.0,32.2,2.4,2.0,1.0,20.41,14.376731301939058,Long,709.0,127.0,0.046242774566473986,0.7087912087912088,False,False,False,False,False,False,False,2,Moderate
27.0,56.3,1.7,191.0,134.0,72.0,1.61,1631.0,23.4,3.3,3.0,1.0,30.84,19.48096885813149,Long,1013.0434782608695,119.0,0.0586145648312611,0.7015706806282722,False,False,False,True,False,False,False,0,Active
,92.4,1.52,197.0,135.0,59.0,1.12,1515.0,25.9,3.2,3.0,2.0,16.46,39.99307479224377,Medium,1352.6785714285713,138.0,0.03463203463203463,0.6852791878172588,True,False,False,False,False,False,False,-1,Active
59.0,108.3,1.53,183.0,122.0,50.0,0.86,1071.0,21.9,3.3,3.0,1.0,17.75,46.264257336921695,Medium,1245.3488372093022,133.0,0.030470914127423823,0.6666666666666666,True,True,False,False,False,False,False,-1,Active
22.0,71.5,1.81,195.0,164.0,51.0,1.52,935.0,22.0,2.6,3.0,2.0,14.55,21.8247306248283,Long,615.1315789473684,144.0,0.03636363636363636,0.841025641025641,False,False,False,True,False,False,False,0,Active
18.0,89.4,1.84,168.0,168.0,69.0,2.0,968.0,17.3,2.6,5.0,2.0,14.77,26.405954631379963,Long,484.0,99.0,0.029082774049217,1.0,True,False,True,False,False,False,False,-1,Active
32.0,82.3,1.55,172.0,128.0,74.0,1.52,990.0,26.7,2.0,3.0,1.0,20.15,34.255983350676374,Long,651.3157894736842,98.0,0.024301336573511544,0.7441860465116279,True,True,False,False,False,False,False,-1,Active
35.0,96.5,1.54,168.0,160.0,70.0,1.43,1573.0,35.0,3.4,4.0,1.0,20.43,40.68982965086861,Medium,1100.0,98.0,0.035233160621761656,0.9523809523809523,True,False,False,True,False,False,False,-1,Active
44.0,40.0,1.91,181.0,124.0,71.0,1.55,1545.0,26.5,3.4,3.0,1.0,35.01,10.964611715687619,Long,996.7741935483871,110.0,0.08499999999999999,0.6850828729281768,True,False,False,False,False,False,False,1,Active
43.0,65.2,1.5,182.0,157.0,68.0,2.0,1417.0,26.7,3.1,4.0,2.0,14.95,28.977777777777778,Long,708.5,114.0,0.047546012269938646,0.8626373626373627,True,False,False,True,False,False,False,0,Active
18.0,53.9,1.62,170.0,169.0,72.0,1.38,810.0,24.7,3.4,3.0,1.0,29.34,20.538027739673826,Medium,586.9565217391305,98.0,0.06307977736549165,0.9941176470588236,True,False,False,False,False,False,False,-1,Active
22.0,69.6,1.8,186.0,136.0,73.0,1.37,1081.0,28.6,2.0,5.0,3.0,21.14,21.481481481481477,Medium,789.0510948905109,113.0,0.02873563218390805,0.7311827956989247,False,False,False,False,False,False,False,0,Active
18.0,62.9,1.72,191.0,157.0,63.0,1.31,514.0,26.3,2.2,3.0,2.0,12.32,21.261492698756086,Medium,392.36641221374043,128.0,0.03497615262321145,0.8219895287958116,False,False,True,False,False,False,False,0,Active
18.0,69.1,1.64,183.0,139.0,73.0,1.32,1002.0,26.0,1.5,5.0,1.0,16.27,25.69155264723379,Medium,759.090909090909,110.0,0.021707670043415343,0.7595628415300546,False,False,False,False,False,False,False,-1,Active
37.0,61.3,1.96,193.0,169.0,65.0,2.0,947.0,31.1,3.5,5.0,1.0,24.18,15.95689296126614,Long,473.5,128.0,0.05709624796084829,0.8756476683937824,False,False,False,True,False,False,False,0,Active
37.0,78.5,1.5,189.0,169.0,60.0,1.67,954.0,17.9,2.4,3.0,3.0,21.98,34.888888888888886,Long,571.2574850299402,129.0,0.030573248407643312,0.8941798941798942,False,True,False,False,False,False,False,0,Active
41.0,40.0,1.78,182.0,155.0,68.0,1.51,1376.0,29.8,2.1,2.0,3.0,12.32,12.624668602449185,Long,911.2582781456954,114.0,0.052500000000000005,0.8516483516483516,False,True,False,False,False,False,False,-1,Active
18.0,49.9,1.75,182.0,158.0,74.0,2.0,1032.0,23.1,3.1,5.0,1.0,17.64,16.293877551020408,Long,516.0,108.0,0.062124248496993995,0.8681318681318682,True,False,True,False,False,False,False,0,Active
46.0,69.9,1.68,173.0,168.0,64.0,1.43,911.0,35.0,3.4,3.0,2.0,18.95,24.76615646258504,Medium,637.0629370629371,109.0,0.048640915593705286,0.9710982658959537,False,False,True,False,False,False,False,-1,Active
24.0,62.5,1.58,175.0,137.0,51.0,2.0,1231.0,32.2,3.6,4.0,1.0,36.26,25.03605191475725,Long,615.5,124.0,0.0576,0.7828571428571428,True,False,True,False,False,False,False,0,Active
22.0,40.0,1.67,162.0,146.0,59.0,1.04,807.0,24.1,1.5,3.0,1.0,13.05,14.342572340349243,Medium,775.9615384615385,103.0,0.0375,0.9012345679012346,True,False,True,False,False,False,False,-1,Active
53.0,46.8,1.69,163.0,169.0,56.0,1.32,1017.0,27.6,2.4,4.0,2.0,29.04,16.385980883022306,Medium,770.4545454545454,107.0,0.05128205128205128,1.0368098159509203,False,True,False,False,False,False,False,-1,Active
44.0,75.2,1.9,185.0,131.0,65.0,0.94,1303.0,18.0,3.4,3.0,2.0,,20.831024930747922,Medium,1386.1702127659576,120.0,0.045212765957446804,0.7081081081081081,False,False,False,False,False,False,False,1,Active
43.0,70.1,1.72,187.0,129.0,54.0,1.43,984.0,25.0,1.6,3.0,1.0,25.52,23.695240670632774,Medium,688.1118881118881,133.0,0.022824536376604854,0.6898395721925134,True,True,False,False,False,False,False,-1,Active
18.0,40.0,1.7,190.0,120.0,64.0,1.33,1589.0,26.8,3.1,2.0,1.0,18.76,13.84083044982699,Medium,1194.7368421052631,126.0,0.0775,0.631578947368421,True,False,False,True,False,False,False,-1,Active
59.0,73.6,1.6,164.0,158.0,58.0,1.35,1216.0,30.0,2.3,5.0,2.0,15.78,28.749999999999993,Medium,900.7407407407406,106.0,0.03125,0.9634146341463414,False,False,False,False,True,False,False,-1,Active
18.0,40.0,1.65,160.0,144.0,73.0,2.0,1078.0,17.4,3.5,2.0,1.0,21.36,14.692378328741967,Long,539.0,87.0,0.0875,0.9,True,False,False,False,False,False,True,-1,Active
43.0,72.6,1.64,166.0,152.0,54.0,1.22,1188.0,21.3,2.5,2.0,2.0,12.97,26.99286139202856,Medium,973.7704918032787,112.0,0.03443526170798898,0.9156626506024096,True,False,False,False,False,False,False,-1,Active
36.0,87.6,1.81,179.0,140.0,56.0,0.9,645.0,22.1,3.6,2.0,1.0,18.22,26.739110527761667,Medium,716.6666666666666,123.0,0.04109589041095891,0.7821229050279329,True,True,False,False,False,False,False,0,Active
,79.0,1.68,195.0,158.0,61.0,2.0,1410.0,31.1,2.5,5.0,2.0,14.2,27.99036281179139,Long,705.0,134.0,0.03164556962025317,0.8102564102564103,False,False,True,False,False,False,False,0,Active
40.0,40.0,1.73,194.0,149.0,72.0,1.06,811.0,19.4,2.7,2.0,3.0,36.56,13.364963747535834,Medium,765.0943396226414,122.0,0.0675,0.7680412371134021,True,True,False,False,False,False,False,-1,Active
18.0,123.8,1.62,164.0,167.0,59.0,1.43,303.0,22.3,3.6,2.0,3.0,24.63,47.17268709038255,Medium,211.8881118881119,105.0,0.029079159935379646,1.0182926829268293,True,False,True,False,False,False,False,-1,Active
59.0,40.0,1.84,167.0,137.0,53.0,1.87,681.0,23.7,2.2,2.0,2.0,14.55,11.814744801512287,Long,364.17112299465236,114.0,0.05500000000000001,0.8203592814371258,False,False,False,True,False,False,False,0,Active
38.0,41.4,1.71,183.0,168.0,73.0,0.94,1253.0,30.8,3.2,3.0,1.0,14.6,14.158202523853495,Medium,1332.9787234042553,110.0,0.07729468599033817,0.9180327868852459,True,False,False,True,False,False,False,0,Active
45.0,40.0,1.69,162.0,147.0,68.0,1.19,979.0,25.2,2.4,4.0,2.0,12.75,14.00511186583103,Medium,822.6890756302521,94.0,0.06,0.9074074074074074,False,True,False,False,False,False,False,-1,Active
39.0,69.9,1.85,164.0,147.0,50.0,1.3,1562.0,27.7,3.7,3.0,3.0,12.87,20.423666910153397,Medium,1201.5384615384614,114.0,0.05293276108726752,0.8963414634146342,False,False,False,True,False,False,False,-1,Active
25.0,51.0,1.76,167.0,127.0,70.0,0.72,1119.0,25.1,2.6,4.0,3.0,12.64,16.464359504132233,Short,1554.1666666666667,97.0,0.050980392156862744,0.7604790419161677,False,False,False,False,False,False,False,-1,Active
50.0,92.6,1.91,171.0,137.0,54.0,1.6,303.0,25.2,2.3,3.0,1.0,21.42,25.383076121816835,Long,189.375,117.0,0.024838012958963283,0.8011695906432749,False,False,True,False,False,False,False,-1,Active
21.0,52.7,1.53,182.0,134.0,50.0,1.19,1090.0,31.5,3.4,3.0,3.0,25.06,22.512708787218592,Medium,915.9663865546219,132.0,0.06451612903225806,0.7362637362637363,False,False,True,False,False,False,False,-1,Active
20.0,40.0,1.78,192.0,149.0,57.0,0.93,1075.0,25.5,1.9,4.0,1.0,22.57,12.624668602449185,Medium,1155.9139784946235,135.0,0.0475,0.7760416666666666,True,False,True,False,False,False,False,-1,Active
50.0,40.0,1.92,168.0,144.0,55.0,1.48,692.0,16.0,2.5,5.0,1.0,18.29,10.850694444444445,Medium,467.56756756756755,113.0,0.0625,0.8571428571428571,True,False,False,False,False,False,False,0,Active
52.0,81.7,1.59,164.0,136.0,67.0,1.91,1025.0,28.2,3.4,2.0,2.0,19.89,32.3167596218504,Long,536.6492146596859,97.0,0.0416156670746634,0.8292682926829268,False,True,False,False,False,False,False,0,Active
41.0,65.9,1.93,188.0,124.0,74.0,1.36,1419.0,22.6,1.5,2.0,2.0,17.6,17.691750114097026,Medium,1043.3823529411764,114.0,0.02276176024279211,0.6595744680851063,True,False,False,True,False,False,False,2,Moderate
22.0,55.0,1.88,176.0,131.0,74.0,2.0,1445.0,16.3,1.9,,1.0,26.04,15.56133997283839,Long,722.5,102.0,0.034545454545454546,0.7443181818181818,True,False,False,True,False,False,False,0,Active
19.0,92.2,1.73,170.0,150.0,74.0,2.0,538.0,10.0,2.2,2.0,1.0,15.3,30.8062414380701,Long,269.0,96.0,0.023861171366594363,0.8823529411764706,False,False,False,False,False,False,False,-1,Active
31.0,67.9,1.7,163.0,124.0,68.0,1.43,1338.0,13.0,3.1,5.0,1.0,13.87,23.49480968858132,Medium,935.6643356643357,95.0,0.045655375552282766,0.7607361963190185,False,False,False,False,False,False,False,0,Active
32.0,86.0,1.6,164.0,144.0,65.0,1.09,1196.0,17.4,1.5,2.0,1.0,20.18,33.59374999999999,Medium,1097.2477064220182,99.0,0.01744186046511628,0.8780487804878049,False,True,False,False,False,False,False,-1,Active
29.0,60.6,1.83,172.0,161.0,60.0,1.32,760.0,25.0,3.3,5.0,2.0,18.03,18.09549404282003,Medium,575.7575757575758,112.0,0.05445544554455445,0.936046511627907,False,False,True,False,False,False,False,-1,Active
34.0,47.8,1.69,182.0,153.0,68.0,1.63,1249.0,20.2,1.5,4.0,3.0,12.32,16.73610867966808,Long,766.2576687116565,114.0,0.03138075313807531,0.8406593406593407,True,False,False,True,False,False,False,0,Active
19.0,79.4,1.77,165.0,150.0,73.0,1.23,1148.0,24.1,3.3,3.0,2.0,22.64,25.343930543585817,Medium,933.3333333333334,92.0,0.041561712846347604,0.9090909090909091,True,False,False,False,False,False,False,-1,Active
33.0,62.4,1.72,168.0,164.0,74.0,0.91,1042.0,27.1,3.4,5.0,2.0,29.29,21.092482422931315,Medium,1145.054945054945,94.0,0.05448717948717949,0.9761904761904762,False,False,False,True,False,False,False,-1,Active
47.0,71.3,1.83,186.0,163.0,68.0,0.95,837.0,22.6,1.5,5.0,2.0,18.61,21.29057302397802,Medium,881.0526315789474,118.0,0.021037868162692847,0.8763440860215054,True,False,True,False,False,False,False,-1,Active
37.0,116.2,1.65,194.0,160.0,74.0,1.98,1036.0,22.1,2.4,4.0,1.0,23.58,42.68135904499542,Long,523.2323232323232,120.0,0.02065404475043029,0.8247422680412371,True,False,False,True,False,False,False,-1,Active
50.0,55.8,1.81,161.0,126.0,55.0,1.32,909.0,23.6,2.9,4.0,2.0,12.32,17.03244711699887,Medium,688.6363636363636,106.0,0.05197132616487455,0.782608695652174,True,False,False,True,False,False,False,0,Active
49.0,53.5,1.79,167.0,158.0,64.0,1.31,1268.0,,1.9,2.0,1.0,27.68,16.69735651196904,Medium,967.9389312977099,103.0,0.03551401869158878,0.9461077844311377,True,False,False,True,False,False,False,-1,Active
53.0,55.9,1.78,182.0,125.0,58.0,1.45,1308.0,21.1,1.5,3.0,2.0,12.32,17.642974371922737,Medium,902.0689655172414,124.0,0.026833631484794278,0.6868131868131868,False,False,False,True,False,False,False,2,Moderate
29.0,80.7,1.74,192.0,121.0,72.0,1.43,839.0,26.5,1.5,4.0,1.0,12.32,26.65477606024574,Medium,586.7132867132867,120.0,0.01858736059479554,0.6302083333333334,False,False,True,False,False,False,False,-1,Active
46.0,69.0,1.88,177.0,120.0,74.0,1.63,1183.0,23.4,3.6,4.0,2.0,14.54,19.52240832956089,Long,725.7668711656443,103.0,0.052173913043478265,0.6779661016949152,True,False,True,False,False,False,False,-1,Active
34.0,60.5,1.8,171.0,120.0,68.0,1.57,1452.0,27.1,3.2,3.0,1.0,12.32,18.67283950617284,Long,924.8407643312102,103.0,0.05289256198347108,0.7017543859649122,True,False,False,False,False,False,False,0,Active
44.0,71.6,1.73,167.0,138.0,71.0,1.45,1000.0,23.6,2.6,2.0,3.0,21.12,23.923285108089143,Medium,689.6551724137931,96.0,0.036312849162011177,0.8263473053892215,False,False,True,False,False,False,False,-1,Active
51.0,96.3,1.88,166.0,127.0,59.0,1.32,1362.0,28.1,1.9,2.0,2.0,16.31,27.24649162516976,Medium,1031.8181818181818,107.0,0.01973001038421599,0.7650602409638554,False,False,True,False,False,False,False,-1,Active
47.0,48.4,1.65,196.0,148.0,60.0,1.29,1357.0,11.3,1.5,3.0,2.0,12.51,17.77777777777778,Medium,1051.937984496124,136.0,0.030991735537190084,0.7551020408163265,True,False,False,False,False,False,False,2,Moderate
52.0,77.8,1.59,183.0,135.0,50.0,1.37,949.0,27.3,2.9,4.0,2.0,23.73,30.774099125825714,Medium,692.7007299270073,133.0,0.037275064267352186,0.7377049180327869,True,False,False,False,False,False,False,-1,Active
25.0,85.5,1.8,168.0,156.0,69.0,1.39,644.0,15.7,3.3,2.0,1.0,12.32,26.388888888888886,Medium,463.30935251798564,99.0,0.03859649122807017,0.9285714285714286,True,False,True,False,False,False,False,-1,Active
28.0,74.9,1.74,196.0,163.0,54.0,1.24,1144.0,30.7,1.6,2.0,1.0,25.53,24.739067247985204,Medium,922.5806451612904,142.0,0.021361815754339118,0.8316326530612245,False,False,False,False,False,False,False,-1,Active
30.0,67.4,1.79,185.0,169.0,59.0,1.27,1398.0,18.9,3.4,5.0,3.0,25.14,21.0355482038638,Medium,1100.7874015748032,126.0,0.05044510385756676,0.9135135135135135,True,False,False,False,False,False,False,-1,Active
36.0,71.0,1.66,168.0,131.0,74.0,1.1,567.0,20.3,3.7,4.0,1.0,28.31,25.76571345623458,Medium,515.4545454545454,94.0,0.05211267605633803,0.7797619047619048,True,True,False,False,False,False,False,0,Active
55.0,94.8,2.0,192.0,169.0,50.0,1.38,1458.0,23.2,2.3,3.0,3.0,,23.7,Medium,1056.5217391304348,142.0,0.024261603375527425,0.8802083333333334,True,False,True,False,False,False,False,0,Active
,73.6,1.79,195.0,146.0,73.0,1.13,636.0,14.1,2.7,2.0,1.0,12.32,22.97056895852189,Medium,562.8318584070797,122.0,0.036684782608695655,0.7487179487179487,False,True,False,False,False,False,False,0,Active
21.0,47.8,1.62,173.0,129.0,74.0,1.59,1638.0,25.8,2.4,3.0,2.0,12.32,18.21368693796677,Long,1030.1886792452829,99.0,0.0502092050209205,0.7456647398843931,True,True,False,False,False,False,False,0,Active
41.0,40.0,1.74,166.0,154.0,71.0,1.13,1356.0,20.1,2.8,3.0,3.0,15.67,13.21178491214163,Medium,1200.0,95.0,0.06999999999999999,0.927710843373494,True,True,False,False,False,False,False,-1,Active
51.0,43.9,1.78,194.0,136.0,51.0,0.98,1293.0,27.0,1.5,2.0,1.0,15.75,13.85557379118798,Medium,1319.3877551020407,143.0,0.03416856492027335,0.7010309278350515,True,False,True,False,False,False,False,-1,Active
47.0,59.6,1.88,192.0,125.0,50.0,1.32,1108.0,30.6,2.3,3.0,2.0,12.32,16.86283386147578,Medium,839.3939393939394,142.0,0.03859060402684563,0.6510416666666666,True,False,False,True,False,False,False,-1,Active
22.0,56.1,1.91,167.0,122.0,70.0,1.4,1183.0,24.9,2.7,2.0,1.0,12.32,15.377867931251885,Medium,845.0,97.0,0.04812834224598931,0.7305389221556886,False,False,False,False,False,False,False,0,Active
18.0,56.5,1.93,177.0,156.0,52.0,1.53,1419.0,22.3,3.5,4.0,2.0,16.43,15.168192434696234,Long,927.4509803921568,125.0,0.061946902654867256,0.8813559322033898,True,False,True,False,False,False,False,-1,Active
39.0,83.7,1.52,187.0,152.0,58.0,1.65,1647.0,29.3,3.2,,,15.84,36.22749307479224,Long,998.1818181818182,129.0,0.038231780167264036,0.8128342245989305,True,False,True,False,False,False,False,0,Active
34.0,79.1,1.73,188.0,151.0,58.0,1.32,1191.0,30.7,3.6,,2.0,18.31,26.429215810752112,Medium,902.2727272727273,130.0,0.04551201011378003,0.8031914893617021,False,False,False,True,False,False,False,0,Active
46.0,56.7,1.97,199.0,160.0,56.0,1.3,1215.0,26.4,2.4,3.0,1.0,16.02,14.610013141281662,Medium,934.6153846153845,143.0,0.042328042328042326,0.8040201005025126,False,True,False,False,False,False,False,-1,Active
43.0,47.1,1.81,166.0,149.0,69.0,0.76,998.0,22.2,3.0,4.0,1.0,29.69,14.376850523488294,Medium,1313.157894736842,97.0,0.06369426751592357,0.8975903614457831,False,True,False,False,False,False,False,-1,Active
51.0,65.1,1.85,185.0,130.0,60.0,2.0,717.0,22.2,1.9,2.0,2.0,15.62,19.021183345507666,Long,358.5,125.0,0.029185867895545316,0.7027027027027027,True,False,False,False,False,False,False,2,Moderate
55.0,60.6,1.68,185.0,124.0,70.0,1.35,1447.0,24.0,2.0,4.0,1.0,18.66,21.471088435374153,Medium,1071.8518518518517,115.0,0.033003300330033,0.6702702702702703,False,True,False,False,False,False,False,-1,Active
42.0,101.0,1.56,186.0,168.0,56.0,1.19,650.0,27.6,3.6,4.0,1.0,24.46,41.50230111768573,Medium,546.2184873949581,130.0,0.03564356435643565,0.9032258064516129,False,True,False,False,False,False,False,-1,Active
31.0,66.4,1.76,175.0,140.0,69.0,1.55,640.0,24.7,3.5,4.0,2.0,29.07,21.435950413223143,Long,412.9032258064516,106.0,0.05271084337349397,0.8,False,False,True,False,False,False,False,-1,Active
49.0,97.1,2.0,174.0,153.0,74.0,1.26,763.0,10.0,2.6,2.0,2.0,23.64,24.275,Medium,605.5555555555555,100.0,0.026776519052523175,0.8793103448275862,True,False,True,False,False,False,False,-1,Active
29.0,73.7,1.88,192.0,141.0,59.0,1.68,769.0,,3.2,3.0,3.0,24.55,20.85219556360344,Long,457.73809523809524,133.0,0.04341926729986432,0.734375,True,False,False,False,False,False,False,-1,Active
44.0,86.1,1.73,178.0,140.0,51.0,1.12,1244.0,22.7,3.4,3.0,3.0,19.23,28.76808446657088,Medium,1110.7142857142856,127.0,0.03948896631823461,0.7865168539325843,True,False,True,False,False,False,False,-1,Active
37.0,58.7,1.78,195.0,154.0,59.0,1.34,1015.0,29.5,2.8,2.0,3.0,18.67,18.526701174094182,Medium,757.4626865671642,136.0,0.04770017035775127,0.7897435897435897,False,False,False,False,False,False,False,-1,Active
37.0,69.1,1.74,175.0,127.0,53.0,1.61,1411.0,31.9,3.6,2.0,2.0,18.07,22.823358435724664,Long,876.3975155279503,122.0,0.052098408104196824,0.7257142857142858,False,False,True,False,False,False,False,1,Active
46.0,73.0,1.73,164.0,150.0,54.0,1.87,1037.0,25.1,3.4,2.0,,15.27,24.3910588392529,Long,554.5454545454545,110.0,0.04657534246575342,0.9146341463414634,False,False,False,False,False,False,False,0,Active
53.0,67.3,1.5,199.0,151.0,60.0,1.04,593.0,15.8,3.4,4.0,2.0,12.32,29.91111111111111,Medium,570.1923076923076,139.0,0.05052005943536404,0.7587939698492462,True,True,False,False,False,False,False,0,Active
47.0,59.2,1.67,182.0,169.0,57.0,1.06,1252.0,31.5,2.2,3.0,2.0,23.65,21.22700706371688,Medium,1181.132075471698,125.0,0.037162162162162164,0.9285714285714286,False,True,False,False,False,False,False,0,Active
46.0,119.6,1.71,176.0,129.0,53.0,1.26,1144.0,23.9,1.7,4.0,2.0,12.32,40.901473957798984,Medium,907.936507936508,123.0,0.014214046822742476,0.7329545454545454,False,True,False,False,False,False,False,-1,Active
53.0,80.1,1.69,188.0,167.0,74.0,2.0,1196.0,13.0,2.3,3.0,1.0,14.85,28.045236511326635,Long,598.0,114.0,0.02871410736579276,0.8882978723404256,True,False,True,False,False,False,False,-1,Active
42.0,59.1,1.65,183.0,138.0,71.0,2.0,957.0,21.2,2.0,2.0,2.0,35.06,21.707988980716255,Long,478.5,112.0,0.0338409475465313,0.7540983606557377,True,False,True,False,False,False,False,0,Active
48.0,88.8,1.91,183.0,156.0,67.0,0.87,853.0,32.5,3.3,3.0,2.0,19.12,24.34143800882651,Medium,980.4597701149426,116.0,0.037162162162162164,0.8524590163934426,False,False,False,False,False,False,False,0,Active
36.0,53.4,1.75,177.0,120.0,70.0,0.68,1257.0,26.7,2.7,5.0,2.0,35.28,17.43673469387755,Short,1848.5294117647059,107.0,0.050561797752808994,0.6779661016949152,True,False,False,True,False,False,False,-1,Active
18.0,98.9,1.58,181.0,126.0,68.0,1.48,1330.0,27.5,3.1,3.0,2.0,12.32,39.61704854991187,Medium,898.6486486486486,113.0,0.03134479271991911,0.6961325966850829,True,False,False,False,False,False,False,0,Active
41.0,112.2,1.81,188.0,159.0,53.0,1.16,995.0,30.3,3.3,3.0,2.0,18.28,34.24803882665364,Medium,857.7586206896552,135.0,0.02941176470588235,0.8457446808510638,False,False,False,True,False,False,False,0,Active
30.0,101.6,1.73,190.0,133.0,56.0,1.38,1047.0,22.1,3.2,3.0,3.0,40.75,33.947007918741015,Medium,758.6956521739131,134.0,0.03149606299212599,0.7,True,False,False,False,False,False,False,-1,Active
19.0,74.7,1.85,194.0,127.0,74.0,0.65,1105.0,19.4,3.6,2.0,2.0,16.46,21.82615047479912,Short,1700.0,120.0,0.04819277108433735,0.654639175257732,False,False,False,False,False,False,False,-1,Active
22.0,68.4,1.86,175.0,129.0,66.0,1.99,895.0,20.0,3.6,5.0,1.0,16.16,19.771071800208116,Long,449.74874371859295,109.0,0.05263157894736842,0.7371428571428571,True,False,False,False,False,False,False,0,Active
22.0,86.2,1.93,167.0,145.0,62.0,1.74,640.0,18.6,3.3,3.0,1.0,29.48,23.14156084727107,Long,367.81609195402297,105.0,0.0382830626450116,0.8682634730538922,False,False,True,False,False,False,False,-1,Active
51.0,98.9,1.85,181.0,138.0,70.0,1.49,859.0,25.0,1.5,2.0,2.0,25.3,28.89700511322133,Medium,576.510067114094,111.0,0.015166835187057633,0.7624309392265194,True,False,False,False,False,False,False,-1,Active
27.0,50.6,2.0,174.0,129.0,68.0,1.34,1179.0,31.0,2.0,5.0,2.0,24.12,12.65,Medium,879.8507462686566,106.0,0.039525691699604744,0.7413793103448276,False,True,False,False,False,False,False,0,Active
56.0,68.1,2.0,168.0,160.0,74.0,1.39,1350.0,23.8,3.3,5.0,2.0,17.05,17.025,Medium,971.2230215827338,94.0,0.048458149779735685,0.9523809523809523,False,False,False,True,False,False,False,-1,Active
22.0,53.0,1.83,199.0,129.0,74.0,0.88,540.0,11.9,3.1,4.0,2.0,15.29,15.826092149661081,Medium,613.6363636363636,125.0,0.05849056603773585,0.6482412060301508,False,False,True,False,False,False,False,-1,Active
28.0,59.2,1.68,187.0,127.0,54.0,1.53,466.0,27.3,2.9,2.0,3.0,12.32,20.97505668934241,Long,304.5751633986928,133.0,0.048986486486486486,0.679144385026738,True,False,True,False,False,False,False,-1,Active
35.0,40.0,2.0,169.0,138.0,72.0,1.08,576.0,31.2,2.9,2.0,3.0,20.21,10.0,Medium,533.3333333333333,97.0,0.0725,0.8165680473372781,True,False,True,False,False,False,False,-1,Active
48.0,90.4,2.0,193.0,156.0,59.0,1.78,1246.0,24.4,2.3,3.0,2.0,13.35,22.6,Long,700.0,134.0,0.025442477876106193,0.8082901554404145,True,False,False,False,False,False,False,-1,Active
25.0,74.6,1.63,182.0,160.0,60.0,0.93,1028.0,14.8,3.5,3.0,2.0,18.08,28.077835070947344,Medium,1105.3763440860214,122.0,0.04691689008042896,0.8791208791208791,False,True,False,False,False,False,False,0,Active
24.0,92.2,1.71,194.0,141.0,59.0,2.0,1580.0,32.9,2.4,4.0,2.0,,31.531069388871792,Long,790.0,135.0,0.026030368763557483,0.7268041237113402,True,True,False,False,False,False,False,2,Moderate
35.0,56.2,1.74,170.0,151.0,66.0,0.99,1215.0,26.9,2.9,4.0,2.0,20.61,18.56255780155899,Medium,1227.2727272727273,104.0,0.05160142348754448,0.888235294117647,False,False,True,False,False,False,False,0,Active
18.0,63.0,1.66,191.0,168.0,74.0,0.89,456.0,24.5,2.7,3.0,2.0,14.75,22.8625344752504,Medium,512.3595505617977,117.0,0.04285714285714286,0.8795811518324608,True,False,True,False,False,False,False,0,Active
50.0,76.1,1.82,191.0,146.0,54.0,1.12,817.0,25.0,3.2,2.0,1.0,14.5,22.97427846878396,Medium,729.4642857142857,137.0,0.04204993429697767,0.7643979057591623,False,False,False,False,False,False,False,2,Moderate
32.0,45.9,1.83,192.0,120.0,55.0,1.49,808.0,22.4,1.5,3.0,1.0,17.82,13.70599301263101,Medium,542.2818791946308,137.0,0.032679738562091505,0.625,False,False,False,True,False,False,False,-1,Active
31.0,86.4,1.59,187.0,169.0,50.0,2.0,1336.0,27.6,1.6,4.0,1.0,14.57,34.175863296546815,Long,668.0,137.0,0.018518518518518517,0.9037433155080213,False,False,False,True,False,False,False,-1,Active
30.0,54.9,1.93,187.0,165.0,70.0,0.94,836.0,26.7,3.7,4.0,2.0,13.37,14.738650702032269,Medium,889.3617021276597,117.0,0.06739526411657559,0.8823529411764706,False,False,False,False,False,False,False,-1,Active
21.0,91.2,1.7,194.0,142.0,62.0,0.91,1090.0,33.3,3.7,3.0,2.0,17.63,31.55709342560554,Medium,1197.8021978021977,132.0,0.04057017543859649,0.7319587628865979,True,False,True,False,False,False,False,-1,Active
46.0,54.2,1.91,171.0,169.0,67.0,0.9,771.0,14.0,2.6,3.0,3.0,26.79,14.857048874756725,Medium,856.6666666666666,104.0,0.04797047970479705,0.9883040935672515,True,True,False,False,False,False,False,-1,Active
22.0,60.8,1.77,169.0,130.0,74.0,1.1,1298.0,25.4,3.3,2.0,3.0,13.58,19.406939257556893,Medium,1180.0,95.0,0.054276315789473686,0.7692307692307693,False,False,False,False,False,False,False,-1,Active
30.0,46.8,1.67,164.0,153.0,74.0,1.53,684.0,15.2,2.3,4.0,2.0,12.32,16.780809638208613,Long,447.05882352941177,90.0,0.049145299145299144,0.9329268292682927,True,False,False,False,False,False,False,-1,Active
31.0,48.1,1.58,181.0,125.0,70.0,1.88,695.0,23.1,3.3,3.0,2.0,26.69,19.267745553597177,Long,369.68085106382983,111.0,0.0686070686070686,0.6906077348066298,False,True,False,False,False,False,False,-1,Active
36.0,56.5,1.61,189.0,123.0,58.0,2.0,1093.0,32.6,3.5,3.0,3.0,25.74,21.79699857258593,Long,546.5,131.0,0.061946902654867256,0.6507936507936508,True,False,False,True,False,False,False,-1,Active
55.0,78.4,1.59,171.0,132.0,74.0,2.0,1182.0,13.6,3.7,3.0,1.0,12.32,31.011431509829517,Long,591.0,97.0,0.047193877551020405,0.7719298245614035,False,True,False,False,False,False,False,0,Active
44.0,78.2,1.8,171.0,169.0,59.0,1.79,1730.0,17.0,3.5,5.0,1.0,18.17,24.1358024691358,Long,966.4804469273743,112.0,0.04475703324808184,0.9883040935672515,True,True,False,False,False,False,False,-1,Active
34.0,74.2,1.83,194.0,153.0,60.0,1.24,1632.0,27.3,3.0,4.0,2.0,20.18,22.156529009525514,Medium,1316.1290322580646,134.0,0.04043126684636118,0.788659793814433,False,False,True,False,False,False,False,0,Active
57.0,84.0,1.95,199.0,142.0,51.0,1.66,872.0,17.5,3.4,4.0,1.0,21.88,22.090729783037478,Long,525.3012048192771,148.0,0.04047619047619048,0.7135678391959799,False,False,True,False,False,False,False,-1,Active
47.0,79.2,1.81,160.0,169.0,74.0,1.28,595.0,19.0,3.3,2.0,2.0,20.55,24.175086230579044,Medium,464.84375,86.0,0.041666666666666664,1.05625,False,False,False,True,False,False,False,-1,Active
20.0,102.9,1.61,172.0,146.0,70.0,1.57,1113.0,23.5,3.2,3.0,3.0,21.82,39.69754253308128,Long,708.9171974522293,102.0,0.031098153547133137,0.8488372093023255,False,False,False,True,False,False,False,-1,Active
30.0,57.8,1.89,168.0,165.0,67.0,1.38,1099.0,25.6,1.5,,1.0,15.3,16.18095797989978,Medium,796.376811594203,101.0,0.025951557093425608,0.9821428571428571,False,False,True,False,False,False,False,-1,Active
37.0,94.5,1.73,198.0,135.0,74.0,1.16,717.0,23.8,1.6,4.0,3.0,17.52,31.574726853553408,Medium,618.1034482758621,124.0,0.016931216931216932,0.6818181818181818,False,False,True,False,False,False,False,-1,Active
54.0,52.6,1.81,167.0,167.0,53.0,1.46,988.0,26.7,2.4,2.0,1.0,27.97,16.055675956167395,Medium,676.7123287671233,114.0,0.04562737642585551,1.0,False,False,False,True,False,False,False,-1,Active
31.0,50.9,1.51,174.0,130.0,58.0,2.0,1743.0,26.9,3.5,,1.0,22.5,22.32358229902197,Long,871.5,116.0,0.068762278978389,0.7471264367816092,False,False,True,False,False,False,False,0,Active
43.0,58.9,1.85,174.0,139.0,67.0,1.41,1217.0,19.9,2.0,2.0,1.0,20.61,17.209642074506938,Medium,863.1205673758866,107.0,0.03395585738539898,0.7988505747126436,False,False,False,False,False,False,False,-1,Active
22.0,69.3,1.56,164.0,136.0,50.0,1.33,1084.0,30.7,3.4,3.0,,23.56,28.47633136094674,Medium,815.0375939849623,114.0,0.049062049062049064,0.8292682926829268,False,False,False,True,False,False,False,0,Active
24.0,91.2,1.82,181.0,158.0,74.0,1.49,1263.0,26.9,1.8,2.0,2.0,12.74,27.532906653785773,Medium,847.6510067114094,107.0,0.019736842105263157,0.8729281767955801,False,False,False,False,False,False,False,-1,Active
25.0,40.0,1.56,195.0,132.0,57.0,0.65,499.0,16.7,3.4,3.0,2.0,12.32,16.43655489809336,Short,767.6923076923076,138.0,0.08499999999999999,0.676923076923077,True,False,False,True,False,False,False,-1,Active
45.0,76.6,1.77,181.0,122.0,64.0,1.82,1186.0,19.1,3.5,2.0,1.0,20.79,24.450189919882533,Long,651.6483516483516,117.0,0.04569190600522194,0.6740331491712708,True,False,False,False,False,False,False,-1,Active
25.0,61.1,1.72,176.0,162.0,53.0,0.92,1378.0,15.0,3.4,4.0,1.0,12.62,20.653055705786915,Medium,1497.8260869565217,123.0,0.055646481178396066,0.9204545454545454,False,False,True,False,False,False,False,0,Active
51.0,58.8,1.78,172.0,120.0,54.0,2.0,1113.0,31.5,2.3,4.0,1.0,,18.5582628456003,Long,556.5,118.0,0.0391156462585034,0.6976744186046512,False,True,False,False,False,False,False,-1,Active
31.0,48.4,1.81,178.0,120.0,71.0,1.45,1004.0,23.1,1.5,3.0,1.0,31.33,14.773663807576082,Medium,692.4137931034483,107.0,0.030991735537190084,0.6741573033707865,False,False,True,False,False,False,False,-1,Active
28.0,77.8,1.62,164.0,161.0,70.0,1.52,1095.0,23.1,3.5,5.0,2.0,21.22,29.64487120865721,Long,720.3947368421052,94.0,0.04498714652956298,0.9817073170731707,False,False,True,False,False,False,False,-1,Active
48.0,119.9,1.73,165.0,156.0,66.0,0.99,781.0,18.5,3.6,3.0,1.0,18.18,40.06147883323867,Medium,788.8888888888889,99.0,0.030025020850708923,0.9454545454545454,True,False,False,False,False,False,False,-1,Active
44.0,64.5,1.5,173.0,166.0,50.0,0.54,874.0,25.2,1.9,3.0,2.0,12.32,28.666666666666668,Short,1618.5185185185185,123.0,0.02945736434108527,0.9595375722543352,False,False,False,True,False,False,False,-1,Active
39.0,84.0,1.79,176.0,126.0,72.0,1.5,1057.0,28.0,3.3,3.0,1.0,30.44,26.216410224399986,Medium,704.6666666666666,104.0,0.039285714285714285,0.7159090909090909,False,True,False,False,False,False,False,0,Active
34.0,80.7,1.8,193.0,153.0,57.0,1.18,930.0,27.2,2.3,3.0,1.0,13.63,24.90740740740741,Medium,788.135593220339,136.0,0.02850061957868649,0.7927461139896373,True,False,False,True,False,False,False,-1,Active
24.0,102.6,1.67,190.0,132.0,73.0,1.41,800.0,28.3,1.5,3.0,2.0,18.79,36.788698052995805,Medium,567.3758865248227,117.0,0.014619883040935673,0.6947368421052632,False,False,False,True,False,False,False,-1,Active
42.0,57.1,1.84,199.0,163.0,74.0,1.2,303.0,21.3,2.7,3.0,1.0,14.84,16.865548204158788,Medium,252.5,125.0,0.047285464098073555,0.8190954773869347,False,False,True,False,False,False,False,0,Active
18.0,98.5,1.99,187.0,153.0,57.0,1.95,859.0,22.7,1.9,3.0,2.0,15.7,24.873109264917552,Long,440.5128205128205,130.0,0.01928934010152284,0.8181818181818182,False,False,False,True,False,False,False,-1,Active
23.0,68.0,1.74,175.0,120.0,68.0,1.01,694.0,24.5,3.5,5.0,2.0,17.47,22.460034350640772,Medium,687.1287128712871,107.0,0.051470588235294115,0.6857142857142857,False,True,False,False,False,False,False,-1,Active
18.0,40.0,1.82,177.0,127.0,74.0,0.73,352.0,26.0,3.4,3.0,2.0,28.42,12.075836251660427,Short,482.1917808219178,103.0,0.08499999999999999,0.7175141242937854,True,False,False,True,False,False,False,-1,Active
50.0,41.9,2.0,199.0,161.0,74.0,1.24,953.0,24.6,3.2,3.0,2.0,16.02,10.475,Medium,768.5483870967741,125.0,0.07637231503579953,0.8090452261306532,True,False,False,False,False,False,False,-1,Active
18.0,60.5,1.57,177.0,131.0,59.0,1.3,1286.0,28.1,2.6,3.0,2.0,19.42,24.544606272059717,Medium,989.2307692307692,118.0,0.04297520661157025,0.7401129943502824,True,True,False,False,False,False,False,0,Active
46.0,40.7,1.66,190.0,169.0,58.0,0.92,760.0,27.2,3.5,5.0,2.0,18.76,14.769923065757006,Medium,826.0869565217391,132.0,0.08599508599508598,0.8894736842105263,True,True,False,False,False,False,False,-1,Active
18.0,53.8,1.7,197.0,120.0,69.0,1.01,1274.0,31.4,2.4,3.0,3.0,15.72,18.6159169550173,Medium,1261.3861386138615,128.0,0.04460966542750929,0.6091370558375635,False,False,True,False,False,False,False,-1,Active
18.0,115.4,1.79,188.0,168.0,72.0,2.0,859.0,31.2,1.8,3.0,2.0,19.06,36.01635404637808,Long,429.5,116.0,0.01559792027729636,0.8936170212765957,False,False,False,True,False,False,False,-1,Active
46.0,54.0,1.82,177.0,163.0,63.0,1.4,979.0,33.7,3.7,2.0,2.0,14.05,16.302378939741576,Medium,699.2857142857143,114.0,0.06851851851851852,0.9209039548022598,True,False,False,True,False,False,False,-1,Active
24.0,105.7,2.0,187.0,145.0,58.0,1.48,1002.0,25.9,2.5,3.0,1.0,43.01,26.425,Medium,677.0270270270271,129.0,0.023651844843897825,0.7754010695187166,True,False,True,False,False,False,False,-1,Active
30.0,57.7,1.76,160.0,152.0,59.0,1.82,314.0,23.2,1.8,4.0,3.0,12.32,18.62732438016529,Long,172.52747252747253,101.0,0.03119584055459272,0.95,False,False,False,False,False,False,False,-1,Active
24.0,72.7,2.0,190.0,131.0,56.0,1.33,1126.0,12.6,3.6,2.0,2.0,23.15,18.175,Medium,846.6165413533835,134.0,0.04951856946354883,0.6894736842105263,True,False,False,False,False,False,False,-1,Active
25.0,102.4,1.68,188.0,141.0,56.0,1.66,1553.0,18.6,1.7,2.0,2.0,16.38,36.281179138322,Long,935.5421686746988,132.0,0.0166015625,0.75,False,False,False,True,False,False,False,-1,Active
29.0,81.4,1.89,177.0,137.0,70.0,1.01,503.0,14.5,1.5,,1.0,21.8,22.787715909409034,Medium,498.019801980198,107.0,0.018427518427518427,0.7740112994350282,False,False,False,True,False,False,False,-1,Active
39.0,81.9,1.72,187.0,156.0,53.0,1.19,1329.0,24.2,3.4,4.0,2.0,12.91,27.683883180097354,Medium,1116.8067226890757,134.0,0.04151404151404151,0.8342245989304813,True,False,False,True,False,False,False,0,Active
48.0,65.1,1.79,189.0,120.0,74.0,1.26,325.0,23.5,2.1,5.0,3.0,28.56,20.31771792390999,Medium,257.93650793650795,115.0,0.03225806451612904,0.6349206349206349,False,False,True,False,False,False,False,1,Active
28.0,67.8,1.57,198.0,135.0,67.0,2.0,1062.0,30.5,1.5,3.0,1.0,14.86,27.50618686356444,Long,531.0,131.0,0.022123893805309734,0.6818181818181818,False,False,True,False,False,False,False,-1,Active
53.0,55.0,1.6,181.0,133.0,74.0,1.25,645.0,28.2,2.4,4.0,1.0,21.6,21.484374999999996,Medium,516.0,107.0,0.04363636363636363,0.7348066298342542,False,False,True,False,False,False,False,0,Active
38.0,42.6,1.61,172.0,122.0,69.0,1.13,462.0,14.9,2.5,2.0,,15.67,16.43455113614444,Medium,408.8495575221239,103.0,0.05868544600938967,0.7093023255813954,False,False,False,True,False,False,False,0,Active
50.0,61.5,1.57,199.0,139.0,71.0,0.95,798.0,22.5,3.5,4.0,2.0,17.3,24.950302243498722,Medium,840.0,128.0,0.056910569105691054,0.6984924623115578,False,False,False,False,False,False,False,1,Active
27.0,64.2,1.89,188.0,143.0,51.0,2.0,1662.0,23.0,3.1,4.0,2.0,17.41,17.972621147224324,Long,831.0,137.0,0.048286604361370715,0.7606382978723404,True,False,True,False,False,False,False,0,Active
38.0,76.7,1.99,192.0,131.0,74.0,1.14,1263.0,28.3,1.6,5.0,1.0,14.98,19.368197772783514,Medium,1107.8947368421054,118.0,0.020860495436766623,0.6822916666666666,True,False,True,False,False,False,False,-1,Active
54.0,58.1,1.57,182.0,169.0,74.0,1.59,649.0,19.7,3.4,3.0,2.0,23.19,23.57093594060611,Long,408.1761006289308,108.0,0.058519793459552494,0.9285714285714286,False,False,False,False,False,False,False,-1,Active
33.0,58.2,1.62,170.0,163.0,60.0,1.21,1524.0,26.5,2.8,3.0,2.0,12.32,22.176497485139457,Medium,1259.504132231405,110.0,0.04810996563573883,0.9588235294117647,False,False,False,False,False,False,False,-1,Active
46.0,55.1,1.62,170.0,166.0,52.0,1.03,1370.0,34.4,1.8,2.0,1.0,26.04,20.995275110501446,Medium,1330.0970873786407,118.0,0.032667876588021776,0.9764705882352941,True,False,False,False,False,False,False,-1,Active
32.0,51.2,1.9,162.0,160.0,60.0,1.25,988.0,21.6,2.5,3.0,2.0,22.51,14.182825484764544,Medium,790.4,102.0,0.048828125,0.9876543209876543,False,False,False,False,False,False,False,-1,Active
43.0,40.0,1.95,162.0,138.0,58.0,2.0,918.0,26.4,1.8,4.0,2.0,18.66,10.519395134779751,Long,459.0,104.0,0.045,0.8518518518518519,True,False,False,True,False,False,False,-1,Active
42.0,45.3,1.53,193.0,128.0,74.0,1.05,810.0,21.1,2.4,2.0,2.0,17.18,19.351531462258105,Medium,771.4285714285714,119.0,0.052980132450331126,0.6632124352331606,True,False,False,False,False,False,False,-1,Active
22.0,54.1,1.76,178.0,127.0,65.0,1.42,501.0,29.2,3.7,4.0,1.0,22.15,17.465134297520663,Medium,352.81690140845075,113.0,0.06839186691312385,0.7134831460674157,False,False,True,False,False,False,False,-1,Active
24.0,58.8,1.89,163.0,150.0,73.0,1.28,800.0,27.1,2.5,2.0,2.0,15.86,16.46090534979424,Medium,625.0,90.0,0.04251700680272109,0.9202453987730062,True,False,True,False,False,False,False,-1,Active
36.0,55.5,1.69,198.0,132.0,71.0,1.85,1590.0,15.3,2.2,3.0,2.0,27.8,19.432092713840554,Long,859.4594594594594,127.0,0.039639639639639644,0.6666666666666666,False,False,False,False,False,False,False,-1,Active
27.0,40.0,1.8,162.0,140.0,74.0,1.42,901.0,22.2,2.5,5.0,1.0,29.73,12.345679012345679,Medium,634.5070422535211,88.0,0.0625,0.8641975308641975,False,True,False,False,False,False,False,-1,Active
41.0,53.0,1.62,161.0,142.0,61.0,1.42,761.0,21.0,3.3,3.0,1.0,20.51,20.195092211553114,Medium,535.9154929577466,100.0,0.062264150943396226,0.8819875776397516,True,False,True,False,False,False,False,0,Active
18.0,83.5,1.67,162.0,169.0,70.0,1.54,1389.0,12.1,1.7,2.0,1.0,33.8,29.940119760479043,Long,901.9480519480519,92.0,0.02035928143712575,1.0432098765432098,False,False,False,False,False,False,False,-1,Active
51.0,58.6,2.0,162.0,150.0,55.0,1.28,1030.0,16.7,3.4,3.0,2.0,37.28,14.65,Medium,804.6875,107.0,0.058020477815699655,0.9259259259259259,False,False,True,False,False,False,False,-1,Active
18.0,40.0,1.9,166.0,169.0,57.0,1.28,1556.0,17.4,2.1,2.0,3.0,19.51,11.0803324099723,Medium,1215.625,109.0,0.052500000000000005,1.0180722891566265,False,False,True,False,False,False,False,-1,Active
44.0,91.2,1.87,194.0,141.0,66.0,1.66,1345.0,22.7,2.5,2.0,1.0,15.5,26.08024250050044,Long,810.2409638554217,128.0,0.027412280701754384,0.7268041237113402,False,False,False,True,False,False,False,-1,Active
31.0,60.7,1.62,198.0,120.0,71.0,1.35,967.0,31.2,3.2,4.0,2.0,23.83,23.12909617436366,Medium,716.2962962962963,127.0,0.05271828665568369,0.6060606060606061,True,False,False,True,False,False,False,-1,Active
36.0,62.2,1.5,192.0,132.0,61.0,2.0,913.0,11.4,1.5,3.0,2.0,22.96,27.644444444444446,Long,456.5,131.0,0.024115755627009645,0.6875,True,True,False,False,False,False,False,-1,Active
23.0,62.1,1.83,168.0,149.0,51.0,1.39,1135.0,26.1,2.0,3.0,2.0,21.35,18.543402311206663,Medium,816.5467625899281,117.0,0.0322061191626409,0.8869047619047619,False,False,False,True,False,False,False,0,Active
24.0,79.0,1.62,177.0,169.0,73.0,1.0,887.0,25.0,3.5,2.0,3.0,12.32,30.102118579484827,Medium,887.0,104.0,0.04430379746835443,0.9548022598870056,True,False,False,True,False,False,False,-1,Active
38.0,58.4,1.65,169.0,141.0,53.0,2.0,1109.0,24.0,2.3,2.0,1.0,35.49,21.45087235996327,Long,554.5,116.0,0.039383561643835614,0.834319526627219,True,False,False,True,False,False,False,-1,Active
31.0,75.8,1.7,199.0,129.0,60.0,0.87,922.0,24.2,1.9,2.0,1.0,15.58,26.228373702422147,Medium,1059.7701149425288,139.0,0.025065963060686015,0.6482412060301508,False,True,False,False,False,False,False,-1,Active
55.0,65.5,1.94,170.0,123.0,74.0,1.37,787.0,28.7,3.1,3.0,1.0,17.0,17.403549792751623,Medium,574.4525547445255,96.0,0.04732824427480916,0.7235294117647059,False,True,False,False,False,False,False,0,Active
52.0,81.0,1.62,178.0,146.0,53.0,1.44,1628.0,25.4,2.5,4.0,1.0,17.41,30.864197530864192,Medium,1130.5555555555557,125.0,0.030864197530864196,0.8202247191011236,False,False,True,False,False,False,False,-1,Active
24.0,84.5,1.84,171.0,128.0,63.0,0.7,1067.0,32.0,2.4,2.0,1.0,12.32,24.958648393194707,Short,1524.2857142857144,108.0,0.028402366863905324,0.7485380116959064,False,False,False,False,False,False,False,-1,Active
18.0,48.7,1.75,187.0,141.0,70.0,2.0,1266.0,34.4,2.6,3.0,1.0,38.48,15.902040816326531,Long,633.0,117.0,0.053388090349075976,0.7540106951871658,True,False,False,False,False,True,False,0,Active
56.0,85.2,1.6,163.0,151.0,51.0,1.25,672.0,26.5,1.7,3.0,1.0,21.05,33.28124999999999,Medium,537.6,112.0,0.01995305164319249,0.9263803680981595,False,False,False,True,False,False,False,-1,Active
33.0,73.3,1.86,187.0,123.0,60.0,1.22,1254.0,35.0,1.9,4.0,1.0,15.26,21.187420511041736,Medium,1027.8688524590164,127.0,0.02592087312414734,0.6577540106951871,True,False,False,False,False,False,False,-1,Active
33.0,44.9,1.73,176.0,158.0,74.0,2.0,905.0,27.0,2.1,3.0,2.0,23.8,15.002171806608974,Long,452.5,102.0,0.0467706013363029,0.8977272727272727,False,False,True,False,False,False,False,0,Active
39.0,59.9,1.71,174.0,131.0,50.0,1.41,733.0,24.7,2.9,2.0,2.0,19.74,20.484935535720393,Medium,519.8581560283689,124.0,0.048414023372287146,0.7528735632183908,True,False,False,True,False,False,False,0,Active
40.0,43.9,1.92,186.0,143.0,74.0,0.83,1018.0,12.0,3.1,3.0,1.0,29.23,11.908637152777779,Medium,1226.5060240963855,112.0,0.07061503416856492,0.7688172043010753,True,False,False,True,False,False,False,0,Active
20.0,40.0,1.52,164.0,144.0,65.0,1.53,629.0,22.6,3.1,4.0,1.0,22.23,17.31301939058172,Long,411.1111111111111,99.0,0.0775,0.8780487804878049,True,False,True,False,False,False,False,0,Active
26.0,65.9,1.99,166.0,127.0,71.0,1.08,1218.0,22.0,2.6,4.0,2.0,13.91,16.640993914295095,Medium,1127.7777777777776,95.0,0.03945371775417299,0.7650602409638554,True,False,False,False,False,False,False,-1,Active
21.0,59.8,1.65,162.0,169.0,74.0,1.5,1130.0,30.4,3.2,5.0,3.0,12.32,21.96510560146924,Medium,753.3333333333334,88.0,0.053511705685618735,1.0432098765432098,False,False,False,False,False,False,False,-1,Active
36.0,77.7,1.66,193.0,120.0,72.0,1.21,1115.0,11.3,2.2,2.0,3.0,22.23,28.197125852808828,Medium,921.4876033057851,121.0,0.028314028314028315,0.6217616580310881,False,False,True,False,False,False,False,-1,Active
30.0,61.6,1.77,170.0,130.0,74.0,2.0,1068.0,24.3,1.5,5.0,2.0,24.78,19.662293721472118,Long,534.0,96.0,0.024350649350649352,0.7647058823529411,True,False,False,True,False,False,False,0,Active
18.0,44.2,1.64,171.0,164.0,66.0,1.14,1083.0,16.1,2.2,5.0,2.0,18.36,16.433670434265323,Medium,950.0000000000001,105.0,0.0497737556561086,0.9590643274853801,False,False,False,True,False,False,False,-1,Active
22.0,63.7,1.85,192.0,122.0,53.0,1.06,1032.0,24.4,2.5,3.0,3.0,13.95,18.612125639152666,Medium,973.5849056603773,139.0,0.03924646781789639,0.6354166666666666,True,False,False,True,False,False,False,-1,Active
45.0,54.4,1.55,182.0,139.0,74.0,2.0,1179.0,24.3,3.1,5.0,3.0,12.32,22.643080124869925,Long,589.5,108.0,0.056985294117647065,0.7637362637362637,True,True,False,False,False,False,False,-1,Active
43.0,93.8,1.65,170.0,162.0,61.0,1.37,848.0,,2.8,3.0,1.0,15.58,34.45362718089991,Medium,618.978102189781,109.0,0.029850746268656716,0.9529411764705882,False,False,True,False,False,False,False,-1,Active
18.0,77.7,1.55,178.0,131.0,67.0,1.4,1259.0,14.8,2.4,3.0,2.0,12.32,32.34131113423517,Medium,899.2857142857143,111.0,0.030888030888030885,0.7359550561797753,False,False,True,False,False,False,False,0,Active
18.0,57.6,1.74,172.0,120.0,74.0,1.46,635.0,15.0,3.2,2.0,3.0,12.8,19.024970273483948,Medium,434.9315068493151,98.0,0.05555555555555556,0.6976744186046512,True,False,True,False,False,False,False,-1,Active
20.0,75.6,1.74,192.0,128.0,72.0,1.86,906.0,21.4,3.3,4.0,2.0,34.73,24.97027348394768,Long,487.09677419354836,120.0,0.04365079365079365,0.6666666666666666,True,False,False,False,False,False,False,1,Active
47.0,85.5,1.84,172.0,152.0,68.0,0.98,773.0,24.1,2.6,2.0,2.0,19.61,25.254017013232513,Medium,788.7755102040817,104.0,0.0304093567251462,0.8837209302325582,True,False,False,False,False,False,False,-1,Active
25.0,62.4,1.59,166.0,151.0,66.0,1.27,903.0,11.0,3.0,4.0,1.0,32.63,24.682567936394918,Medium,711.0236220472441,100.0,0.04807692307692308,0.9096385542168675,True,False,False,False,False,False,False,-1,Active
31.0,53.5,1.68,180.0,155.0,57.0,0.86,875.0,22.6,3.3,2.0,1.0,20.61,18.955498866213155,Medium,1017.4418604651163,123.0,0.0616822429906542,0.8611111111111112,False,False,True,False,False,False,False,0,Active
47.0,78.8,1.82,167.0,144.0,66.0,1.66,1163.0,31.7,2.8,4.0,2.0,15.78,23.789397415771038,Long,700.6024096385543,101.0,0.03553299492385787,0.8622754491017964,True,False,False,False,False,False,False,0,Active
20.0,40.0,1.97,173.0,133.0,74.0,2.0,916.0,18.8,2.3,2.0,1.0,13.57,10.306887577623748,Long,458.0,99.0,0.057499999999999996,0.7687861271676301,True,False,False,False,False,False,False,0,Active
56.0,51.5,1.66,198.0,167.0,70.0,2.0,843.0,24.2,2.4,3.0,3.0,25.65,18.689214690085645,Long,421.5,128.0,0.04660194174757282,0.8434343434343434,True,False,True,False,False,False,False,0,Active
24.0,80.9,1.74,181.0,128.0,61.0,1.19,1705.0,10.0,2.7,4.0,1.0,12.32,26.720834984806448,Medium,1432.7731092436975,120.0,0.03337453646477132,0.7071823204419889,True,True,False,False,False,False,False,-1,Active
29.0,85.3,1.68,161.0,133.0,74.0,1.45,1269.0,26.1,2.5,4.0,3.0,15.99,30.222505668934243,Medium,875.1724137931035,87.0,0.029308323563892145,0.8260869565217391,False,False,False,False,False,False,False,-1,Active
18.0,47.8,1.73,162.0,136.0,56.0,1.42,562.0,23.9,3.4,3.0,1.0,14.48,15.971131678305321,Medium,395.77464788732397,106.0,0.07112970711297072,0.8395061728395061,False,False,False,False,False,False,False,0,Active
36.0,87.9,1.54,177.0,129.0,58.0,1.93,1010.0,21.1,3.3,3.0,1.0,29.54,37.06358576488447,Long,523.3160621761658,119.0,0.03754266211604095,0.7288135593220338,False,False,False,False,False,False,False,-1,Active
49.0,43.6,1.68,170.0,124.0,73.0,0.94,739.0,27.6,3.5,4.0,2.0,30.46,15.447845804988665,Medium,786.1702127659574,97.0,0.08027522935779816,0.7294117647058823,False,False,False,True,False,False,False,-1,Active
40.0,55.7,1.6,184.0,133.0,72.0,1.4,749.0,23.7,2.6,4.0,2.0,24.88,21.757812499999996,Medium,535.0,112.0,0.0466786355475763,0.7228260869565217,False,False,False,True,False,False,False,0,Active
20.0,73.5,1.87,167.0,145.0,68.0,2.0,1338.0,21.9,3.5,3.0,,22.35,21.018616488890157,Long,669.0,99.0,0.047619047619047616,0.8682634730538922,False,True,False,False,False,False,False,-1,Active
31.0,52.7,1.65,199.0,138.0,74.0,1.92,1102.0,24.0,3.3,2.0,3.0,18.38,19.357208448117543,Long,573.9583333333334,125.0,0.06261859582542693,0.6934673366834171,False,True,False,False,False,False,False,-1,Active
47.0,87.1,1.7,174.0,160.0,63.0,1.4,562.0,26.0,3.7,5.0,1.0,26.61,30.13840830449827,Medium,401.42857142857144,111.0,0.04247990815154995,0.9195402298850575,False,True,False,False,False,False,False,-1,Active
47.0,71.5,1.79,162.0,169.0,65.0,1.84,822.0,29.1,2.3,5.0,2.0,25.83,22.315158702911894,Long,446.73913043478257,97.0,0.032167832167832165,1.0432098765432098,False,True,False,False,False,False,False,-1,Active
54.0,40.0,1.75,174.0,166.0,66.0,1.58,409.0,27.9,3.5,5.0,2.0,17.72,13.061224489795919,Long,258.86075949367086,108.0,0.0875,0.9540229885057471,False,False,False,False,False,False,False,-1,Active
44.0,94.4,1.82,182.0,140.0,57.0,1.38,1369.0,20.7,3.2,3.0,1.0,22.79,28.49897355391861,Medium,992.0289855072465,125.0,0.03389830508474576,0.7692307692307693,True,True,False,False,False,False,False,-1,Active
46.0,44.9,1.93,177.0,154.0,58.0,2.0,1434.0,31.4,3.5,4.0,2.0,12.32,12.054014872882494,Long,717.0,119.0,0.0779510022271715,0.8700564971751412,True,True,False,False,False,False,False,-1,Active
55.0,61.9,1.74,163.0,140.0,73.0,0.97,598.0,23.6,3.1,2.0,1.0,27.13,20.44523715153917,Medium,616.4948453608248,90.0,0.050080775444264945,0.8588957055214724,True,False,True,False,False,False,False,-1,Active
24.0,83.4,1.7,162.0,169.0,51.0,1.87,879.0,26.4,3.3,4.0,1.0,21.68,28.858131487889278,Long,470.0534759358288,111.0,0.039568345323741004,1.0432098765432098,True,False,False,True,False,False,False,-1,Active
18.0,83.6,1.84,186.0,137.0,73.0,1.33,1338.0,35.0,2.6,2.0,2.0,30.41,24.69281663516068,Medium,1006.0150375939849,113.0,0.031100478468899524,0.7365591397849462,False,False,True,False,False,False,False,0,Active
18.0,48.6,1.72,180.0,136.0,72.0,1.38,1185.0,23.5,1.8,,2.0,21.68,16.427798810167662,Medium,858.6956521739131,108.0,0.037037037037037035,0.7555555555555555,False,False,True,False,False,False,False,0,Active
18.0,80.7,2.0,184.0,142.0,74.0,0.72,1221.0,25.6,1.9,2.0,2.0,18.28,20.175,Short,1695.8333333333335,110.0,0.023543990086741014,0.7717391304347826,False,False,False,True,False,False,False,0,Active
33.0,62.6,1.71,192.0,158.0,57.0,1.99,1081.0,31.3,3.5,2.0,2.0,31.79,21.408296569884754,Long,543.2160804020101,135.0,0.05591054313099041,0.8229166666666666,False,False,False,True,False,False,False,0,Active
19.0,41.9,1.69,176.0,138.0,74.0,1.89,1010.0,27.9,2.6,2.0,2.0,17.97,14.670354679458004,Long,534.3915343915344,102.0,0.06205250596658712,0.7840909090909091,True,False,False,True,False,False,False,-1,Active
58.0,47.6,1.84,182.0,155.0,66.0,1.59,635.0,11.2,2.6,4.0,3.0,13.65,14.059546313799622,Long,399.37106918238993,116.0,0.0546218487394958,0.8516483516483516,True,False,False,True,False,False,False,-1,Active
18.0,129.9,1.76,168.0,135.0,50.0,1.3,1208.0,25.1,2.0,3.0,2.0,13.89,41.93569214876033,Medium,929.2307692307692,118.0,0.01539645881447267,0.8035714285714286,False,True,False,False,False,False,False,-1,Active
58.0,73.3,1.69,180.0,156.0,72.0,1.6,1350.0,25.4,3.0,4.0,1.0,38.45,25.664367494135362,Long,843.75,108.0,0.040927694406548434,0.8666666666666667,False,False,False,True,False,False,False,-1,Active
47.0,45.4,1.81,189.0,128.0,55.0,1.01,662.0,28.6,3.6,4.0,1.0,29.15,13.857940844296571,Medium,655.4455445544554,134.0,0.07929515418502203,0.6772486772486772,True,False,True,False,False,False,False,-1,Active
47.0,50.6,1.65,192.0,169.0,63.0,1.36,594.0,25.5,2.2,5.0,2.0,28.24,18.58585858585859,Medium,436.7647058823529,129.0,0.04347826086956522,0.8802083333333334,True,False,True,False,False,False,False,0,Active
56.0,54.0,1.92,190.0,129.0,73.0,0.61,985.0,21.6,2.5,3.0,2.0,12.32,14.6484375,Short,1614.7540983606557,117.0,0.046296296296296294,0.6789473684210526,True,True,False,False,False,False,False,0,Active
34.0,73.1,1.73,166.0,161.0,69.0,1.64,765.0,27.0,3.3,4.0,2.0,21.47,24.424471248621735,Long,466.4634146341464,97.0,0.04514363885088919,0.9698795180722891,False,False,False,True,False,False,False,-1,Active
29.0,66.1,1.63,181.0,169.0,71.0,1.48,666.0,30.6,1.6,5.0,1.0,17.15,24.87861793819865,Medium,450.0,110.0,0.024205748865355526,0.9337016574585635,False,True,False,False,False,False,False,-1,Active
18.0,59.0,1.78,173.0,169.0,51.0,1.07,904.0,18.9,3.2,2.0,3.0,12.32,18.621386188612547,Medium,844.8598130841121,122.0,0.054237288135593226,0.976878612716763,True,False,True,False,False,False,False,-1,Active
33.0,94.2,1.86,172.0,148.0,61.0,1.34,685.0,28.9,1.8,3.0,1.0,22.89,27.228581338883107,Medium,511.19402985074623,111.0,0.01910828025477707,0.8604651162790697,False,False,False,False,False,False,False,-1,Active
38.0,40.0,1.86,187.0,126.0,71.0,1.6,1059.0,14.7,3.0,2.0,2.0,12.32,11.562030292519365,Long,661.875,116.0,0.075,0.6737967914438503,True,False,False,False,False,False,False,-1,Active
18.0,73.6,1.53,186.0,128.0,50.0,1.46,1222.0,25.2,2.3,3.0,1.0,14.92,31.440898799606988,Medium,836.986301369863,136.0,0.03125,0.6881720430107527,False,False,False,False,False,False,False,-1,Active
31.0,60.2,1.75,166.0,155.0,57.0,0.92,819.0,10.0,3.2,5.0,1.0,12.32,19.65714285714286,Medium,890.2173913043478,109.0,0.053156146179401995,0.9337349397590361,False,False,False,False,False,False,False,-1,Active
40.0,73.8,1.85,185.0,165.0,59.0,1.99,1485.0,27.9,2.0,4.0,1.0,22.4,21.563184806428048,Long,746.2311557788945,126.0,0.02710027100271003,0.8918918918918919,True,False,False,False,False,False,False,-1,Active
18.0,72.8,1.84,174.0,152.0,62.0,1.32,730.0,23.5,2.1,2.0,3.0,12.32,21.50283553875236,Medium,553.030303030303,112.0,0.028846153846153848,0.8735632183908046,True,False,False,False,False,False,False,0,Active
33.0,40.0,1.63,165.0,159.0,74.0,2.0,935.0,28.2,1.6,2.0,3.0,12.98,15.05513944822914,Long,467.5,91.0,0.04,0.9636363636363636,False,False,False,True,False,False,False,-1,Active
33.0,99.6,1.72,164.0,169.0,70.0,1.41,962.0,23.6,3.7,5.0,2.0,28.7,33.666846944294214,Medium,682.2695035460994,94.0,0.037148594377510044,1.0304878048780488,False,True,False,False,False,False,False,-1,Active
55.0,64.4,1.76,163.0,144.0,74.0,1.48,717.0,26.7,1.7,2.0,3.0,21.26,20.79028925619835,Medium,484.4594594594595,89.0,0.02639751552795031,0.8834355828220859,True,False,False,False,False,False,False,-1,Active
50.0,56.4,1.67,193.0,128.0,59.0,1.9,1190.0,17.5,3.7,2.0,2.0,12.32,20.22302699989243,Long,626.3157894736843,134.0,0.06560283687943264,0.6632124352331606,False,True,False,False,False,False,False,-1,Active
21.0,45.2,1.73,198.0,156.0,59.0,1.07,1562.0,24.2,2.8,4.0,2.0,22.25,15.102409034715494,Medium,1459.8130841121495,139.0,0.06194690265486725,0.7878787878787878,True,False,False,False,False,False,False,0,Active
49.0,86.0,1.5,192.0,127.0,65.0,1.79,636.0,22.1,1.8,4.0,3.0,,38.22222222222222,Long,355.3072625698324,127.0,0.020930232558139535,0.6614583333333334,False,True,False,False,False,False,False,-1,Active
33.0,60.7,2.0,188.0,169.0,74.0,1.42,705.0,23.3,3.2,4.0,2.0,21.91,15.175,Medium,496.47887323943667,114.0,0.05271828665568369,0.898936170212766,False,False,False,False,False,False,False,-1,Active
42.0,53.6,1.86,199.0,167.0,62.0,2.0,1096.0,21.9,3.4,3.0,1.0,20.71,15.493120591975948,Long,548.0,137.0,0.06343283582089553,0.8391959798994975,True,False,True,False,False,False,False,0,Active
35.0,64.3,1.79,188.0,148.0,62.0,1.63,1192.0,16.3,2.2,5.0,2.0,13.91,20.068037826534752,Long,731.2883435582822,126.0,0.034214618973561435,0.7872340425531915,False,True,False,False,False,False,False,0,Active
18.0,78.0,1.51,182.0,169.0,64.0,1.06,990.0,31.4,3.1,3.0,2.0,12.32,34.209025919915796,Medium,933.9622641509434,118.0,0.03974358974358975,0.9285714285714286,True,False,True,False,False,False,False,0,Active
46.0,50.2,1.8,193.0,132.0,74.0,1.21,893.0,28.4,3.4,3.0,3.0,15.85,15.493827160493828,Medium,738.0165289256198,119.0,0.06772908366533864,0.6839378238341969,True,True,False,False,False,False,False,-1,Active
29.0,57.0,1.62,188.0,126.0,70.0,2.0,998.0,17.9,3.4,4.0,1.0,13.32,21.719250114311837,Long,499.0,118.0,0.05964912280701754,0.6702127659574468,False,False,False,True,False,False,False,0,Active
50.0,87.6,1.67,172.0,156.0,74.0,0.97,1005.0,23.0,2.0,4.0,2.0,23.76,31.410233425364837,Medium,1036.0824742268042,98.0,0.022831050228310504,0.9069767441860465,True,False,False,False,False,False,False,-1,Active
20.0,86.0,1.69,183.0,136.0,58.0,1.16,861.0,23.3,3.6,5.0,,28.85,30.110990511536716,Medium,742.2413793103449,125.0,0.04186046511627907,0.7431693989071039,False,False,True,False,False,False,False,0,Active
28.0,43.3,1.78,193.0,128.0,72.0,1.27,1479.0,26.3,3.4,3.0,1.0,31.04,13.666203762151243,Medium,1164.5669291338581,121.0,0.07852193995381063,0.6632124352331606,False,True,False,False,False,False,False,-1,Active
18.0,65.9,1.78,170.0,135.0,69.0,2.0,1734.0,23.9,3.1,3.0,1.0,24.81,20.799141522535034,Long,867.0,101.0,0.04704097116843702,0.7941176470588235,True,False,False,True,False,False,False,0,Active
18.0,61.0,1.51,173.0,146.0,58.0,2.0,1403.0,21.7,2.1,2.0,2.0,12.32,26.753212578395683,Long,701.5,115.0,0.03442622950819672,0.8439306358381503,False,False,False,False,False,False,False,0,Active
22.0,71.0,1.72,192.0,128.0,59.0,1.44,1436.0,28.5,3.2,3.0,2.0,17.82,23.99945916711736,Medium,997.2222222222223,133.0,0.04507042253521127,0.6666666666666666,True,False,False,False,False,False,False,-1,Active
42.0,57.3,1.76,174.0,131.0,74.0,1.13,841.0,22.1,1.9,4.0,3.0,12.46,18.49819214876033,Medium,744.2477876106195,100.0,0.03315881326352531,0.7528735632183908,False,False,False,True,False,False,False,0,Active
26.0,95.2,1.68,163.0,142.0,68.0,0.71,1196.0,24.2,3.7,4.0,2.0,19.46,33.730158730158735,Short,1684.5070422535211,95.0,0.038865546218487396,0.8711656441717791,True,False,True,False,False,False,False,-1,Active
49.0,68.8,1.66,190.0,137.0,63.0,2.0,1023.0,26.2,2.6,2.0,1.0,15.5,24.96733923646393,Long,511.5,127.0,0.03779069767441861,0.7210526315789474,False,False,False,True,False,False,False,2,Moderate
43.0,69.7,1.75,193.0,162.0,53.0,0.52,1262.0,26.1,1.5,3.0,2.0,22.68,22.759183673469387,Short,2426.9230769230767,140.0,0.02152080344332855,0.8393782383419689,False,False,False,False,False,False,False,-1,Active
34.0,102.9,1.64,188.0,124.0,74.0,1.24,700.0,24.2,3.3,4.0,1.0,14.76,38.258477096966104,Medium,564.516129032258,114.0,0.03206997084548105,0.6595744680851063,False,False,True,False,False,False,False,-1,Active
23.0,90.5,1.5,182.0,148.0,67.0,1.16,1204.0,23.3,2.8,2.0,2.0,15.69,40.22222222222222,Medium,1037.9310344827586,115.0,0.030939226519337015,0.8131868131868132,False,False,True,False,False,False,False,0,Active
29.0,40.0,1.72,194.0,127.0,68.0,1.51,1005.0,27.1,2.1,2.0,1.0,21.98,13.520822065981614,Long,665.5629139072847,126.0,0.052500000000000005,0.654639175257732,False,True,False,False,False,False,False,-1,Active
31.0,81.9,1.63,168.0,126.0,56.0,1.17,760.0,23.1,2.1,4.0,2.0,12.32,30.825398020249168,Medium,649.5726495726497,112.0,0.02564102564102564,0.75,True,False,False,False,False,False,False,0,Active
38.0,99.6,1.6,173.0,132.0,56.0,1.01,1128.0,30.6,3.4,2.0,2.0,16.92,38.90624999999999,Medium,1116.8316831683169,117.0,0.03413654618473896,0.7630057803468208,True,False,True,False,False,False,False,0,Active
18.0,65.7,1.72,180.0,169.0,56.0,2.0,1005.0,27.0,3.0,3.0,2.0,21.61,22.2079502433748,Long,502.5,124.0,0.045662100456621,0.9388888888888889,False,True,False,False,False,False,False,0,Active
41.0,85.7,1.66,170.0,134.0,74.0,1.69,475.0,11.1,1.5,4.0,1.0,17.33,31.100304833793007,Long,281.06508875739644,96.0,0.01750291715285881,0.788235294117647,False,False,False,True,False,False,False,-1,Active
29.0,62.0,1.74,181.0,158.0,53.0,1.15,549.0,22.5,2.2,,,16.32,20.478266613819528,Medium,477.3913043478261,128.0,0.035483870967741936,0.8729281767955801,True,False,False,True,False,False,False,0,Active
45.0,70.9,2.0,198.0,128.0,73.0,1.19,1064.0,27.8,1.5,3.0,1.0,27.46,17.725,Medium,894.1176470588235,125.0,0.021156558533145273,0.6464646464646465,True,True,False,False,False,False,False,-1,Active
49.0,59.2,1.55,185.0,169.0,63.0,1.32,1169.0,25.1,1.7,4.0,1.0,27.18,24.64099895941727,Medium,885.6060606060605,122.0,0.028716216216216214,0.9135135135135135,False,False,False,True,False,False,False,-1,Active
29.0,83.7,1.8,190.0,149.0,74.0,1.43,1157.0,16.0,3.5,,1.0,13.59,25.833333333333332,Medium,809.0909090909091,116.0,0.04181600955794504,0.7842105263157895,True,False,False,False,False,False,False,0,Active
55.0,53.8,1.52,191.0,136.0,55.0,1.17,1102.0,20.4,3.6,3.0,2.0,23.84,23.286011080332408,Medium,941.8803418803419,136.0,0.06691449814126395,0.7120418848167539,False,True,False,False,False,False,False,-1,Active
18.0,68.1,1.66,160.0,120.0,65.0,1.43,1343.0,27.2,3.3,4.0,1.0,25.77,24.71331107562781,Medium,939.1608391608391,95.0,0.048458149779735685,0.75,False,False,False,False,False,False,False,0,Active
41.0,105.1,1.67,194.0,127.0,68.0,1.3,1068.0,30.6,3.5,3.0,3.0,17.65,37.68510882426763,Medium,821.5384615384615,126.0,0.03330161750713606,0.654639175257732,False,False,True,False,False,False,False,-1,Active
24.0,45.5,2.0,169.0,164.0,60.0,1.82,1297.0,24.9,2.2,3.0,1.0,17.6,11.375,Long,712.6373626373626,109.0,0.04835164835164835,0.9704142011834319,False,True,False,False,False,False,False,-1,Active
51.0,58.8,1.63,188.0,155.0,59.0,1.1,897.0,24.7,3.3,2.0,1.0,21.73,22.131054988896835,Medium,815.4545454545454,129.0,0.05612244897959184,0.824468085106383,True,False,False,False,False,False,False,0,Active
20.0,52.9,1.8,163.0,159.0,57.0,1.45,1117.0,27.1,3.3,3.0,1.0,27.72,16.327160493827158,Medium,770.344827586207,106.0,0.062381852551984876,0.9754601226993865,True,False,True,False,False,False,False,-1,Active
43.0,57.1,1.96,196.0,149.0,51.0,1.88,858.0,29.9,3.2,5.0,,13.07,14.863598500624741,Long,456.3829787234043,145.0,0.05604203152364273,0.7602040816326531,False,False,False,False,False,False,False,-1,Active
23.0,68.6,1.8,196.0,138.0,65.0,1.08,578.0,16.8,2.6,2.0,1.0,21.41,21.172839506172835,Medium,535.1851851851851,131.0,0.037900874635568516,0.7040816326530612,True,False,True,False,False,False,False,2,Moderate
39.0,76.2,1.77,164.0,169.0,74.0,2.0,1196.0,28.7,3.3,2.0,1.0,17.38,24.322512687924924,Long,598.0,90.0,0.04330708661417323,1.0304878048780488,True,True,False,False,False,False,False,-1,Active
47.0,68.2,1.58,164.0,140.0,72.0,1.0,1316.0,28.1,2.6,2.0,3.0,16.35,27.31933984938311,Medium,1316.0,92.0,0.03812316715542522,0.8536585365853658,True,True,False,False,False,False,False,-1,Active
18.0,40.0,1.64,160.0,152.0,56.0,1.2,1317.0,19.2,1.8,3.0,1.0,28.02,14.872099940511603,Medium,1097.5,104.0,0.045,0.95,True,False,False,False,False,False,False,-1,Active
28.0,82.4,1.57,171.0,169.0,55.0,1.07,1218.0,31.0,2.5,4.0,,12.47,33.4293480465739,Medium,1138.3177570093458,116.0,0.030339805825242715,0.9883040935672515,True,True,False,False,False,False,False,-1,Active
29.0,46.8,1.7,195.0,153.0,59.0,1.33,1178.0,24.7,3.4,3.0,2.0,26.27,16.19377162629758,Medium,885.7142857142857,136.0,0.07264957264957266,0.7846153846153846,True,False,False,False,False,False,False,-1,Active
21.0,62.2,1.71,190.0,142.0,58.0,2.0,1757.0,18.5,3.1,,2.0,16.06,21.271502342601146,Long,878.5,132.0,0.04983922829581994,0.7473684210526316,True,False,False,True,False,False,False,0,Active
33.0,58.1,1.65,168.0,130.0,60.0,1.18,850.0,22.4,3.1,3.0,2.0,12.32,21.34067952249771,Medium,720.3389830508474,108.0,0.05335628227194492,0.7738095238095238,True,False,True,False,False,False,False,0,Active
45.0,55.2,1.9,175.0,156.0,67.0,1.39,854.0,24.5,2.5,5.0,1.0,12.32,15.290858725761774,Medium,614.3884892086331,108.0,0.04528985507246377,0.8914285714285715,False,False,True,False,False,False,False,-1,Active
22.0,52.3,1.66,190.0,146.0,59.0,0.76,1186.0,21.4,3.3,2.0,2.0,15.38,18.97953258818406,Medium,1560.5263157894738,131.0,0.06309751434034416,0.7684210526315789,True,False,False,True,False,False,False,1,Active
37.0,40.0,1.66,176.0,134.0,57.0,2.0,931.0,27.2,2.7,3.0,2.0,23.21,14.51589490492089,Long,465.5,119.0,0.0675,0.7613636363636364,False,False,True,False,False,False,False,-1,Active
28.0,93.2,1.71,176.0,149.0,60.0,1.4,1348.0,27.2,2.1,,2.0,14.12,31.873054957080814,Medium,962.8571428571429,116.0,0.022532188841201718,0.8465909090909091,False,True,False,False,False,False,False,-1,Active
18.0,53.9,1.73,177.0,157.0,73.0,1.24,1483.0,10.0,3.5,3.0,1.0,15.92,18.009288649804535,Medium,1195.967741935484,104.0,0.06493506493506494,0.8870056497175142,False,False,False,False,False,False,False,0,Active
52.0,54.9,1.67,167.0,144.0,69.0,2.0,997.0,16.4,2.5,4.0,2.0,18.27,19.685180537129334,Long,498.5,98.0,0.04553734061930784,0.8622754491017964,True,False,True,False,False,False,False,0,Active
18.0,62.7,1.87,184.0,141.0,59.0,1.59,708.0,10.3,1.5,2.0,2.0,13.14,17.930166719094053,Long,445.2830188679245,125.0,0.023923444976076555,0.7663043478260869,True,False,False,False,False,False,False,-1,Active
57.0,98.3,1.71,162.0,126.0,61.0,0.95,366.0,22.7,3.3,3.0,2.0,20.61,33.61718135494682,Medium,385.2631578947369,101.0,0.0335707019328586,0.7777777777777778,False,True,False,False,False,False,False,0,Active
40.0,71.4,1.92,171.0,167.0,57.0,0.62,1412.0,10.0,1.8,3.0,1.0,18.19,19.368489583333336,Short,2277.4193548387098,114.0,0.025210084033613443,0.9766081871345029,False,False,True,False,False,False,False,-1,Active
33.0,74.6,1.58,172.0,165.0,68.0,1.4,1271.0,15.6,2.7,2.0,2.0,13.23,29.883031565454246,Medium,907.8571428571429,104.0,0.036193029490616625,0.9593023255813954,True,False,False,True,False,False,False,-1,Active
51.0,47.1,2.0,177.0,163.0,65.0,1.29,1140.0,21.9,2.8,5.0,1.0,14.85,11.775,Medium,883.7209302325581,112.0,0.05944798301486199,0.9209039548022598,True,False,False,True,False,False,False,-1,Active
46.0,49.2,1.5,184.0,120.0,73.0,2.0,832.0,25.9,3.3,3.0,1.0,15.31,21.866666666666667,Long,416.0,111.0,0.06707317073170731,0.6521739130434783,False,False,False,True,False,False,False,0,Active
51.0,80.8,2.0,167.0,129.0,55.0,1.52,1454.0,33.9,1.6,3.0,1.0,12.58,20.2,Long,956.578947368421,112.0,0.019801980198019802,0.7724550898203593,True,False,False,False,False,False,False,-1,Active
59.0,85.7,1.6,182.0,140.0,72.0,2.0,1243.0,33.4,1.5,4.0,3.0,24.01,33.47656249999999,Long,621.5,110.0,0.01750291715285881,0.7692307692307693,False,False,False,True,False,False,False,0,Active
18.0,42.3,1.64,198.0,169.0,65.0,1.55,1199.0,26.4,3.2,4.0,1.0,15.26,15.727245687091019,Long,773.5483870967741,133.0,0.0756501182033097,0.8535353535353535,True,False,False,False,False,False,False,0,Active
23.0,41.5,1.89,188.0,129.0,59.0,1.35,532.0,27.6,3.4,3.0,2.0,20.79,11.617815850620085,Medium,394.0740740740741,129.0,0.0819277108433735,0.6861702127659575,False,True,False,False,False,False,False,-1,Active
22.0,84.3,1.6,173.0,127.0,72.0,0.8,911.0,24.0,3.3,5.0,1.0,13.86,32.92968749999999,Medium,1138.75,101.0,0.03914590747330961,0.7341040462427746,True,True,False,False,False,False,False,0,Active
34.0,82.4,1.66,192.0,148.0,72.0,1.11,1090.0,26.3,3.4,2.0,2.0,18.08,29.902743504137035,Medium,981.9819819819819,120.0,0.04126213592233009,0.7708333333333334,True,False,True,False,False,False,False,0,Active
46.0,58.6,2.0,194.0,135.0,55.0,2.0,1162.0,27.1,3.6,2.0,1.0,24.38,14.65,Long,581.0,139.0,0.06143344709897611,0.6958762886597938,False,True,False,False,False,False,False,-1,Active
20.0,40.0,1.81,176.0,138.0,66.0,1.44,1210.0,23.0,3.6,4.0,2.0,12.32,12.209639510393455,Medium,840.2777777777778,110.0,0.09,0.7840909090909091,True,False,False,False,False,False,False,-1,Active
36.0,80.8,1.71,162.0,163.0,74.0,1.86,900.0,19.4,2.0,2.0,2.0,12.54,27.632433911288945,Long,483.87096774193543,88.0,0.024752475247524754,1.0061728395061729,False,False,False,True,False,False,False,-1,Active
54.0,88.5,2.0,173.0,134.0,58.0,1.11,1388.0,27.7,3.7,3.0,2.0,36.73,22.125,Medium,1250.4504504504503,115.0,0.04180790960451978,0.7745664739884393,True,True,False,False,False,False,False,0,Active
52.0,84.3,1.69,164.0,169.0,54.0,0.77,1367.0,32.6,2.9,3.0,2.0,15.11,29.515773257238894,Medium,1775.3246753246754,110.0,0.03440094899169632,1.0304878048780488,True,True,False,False,False,False,False,-1,Active
47.0,70.1,1.84,188.0,129.0,67.0,1.2,1261.0,28.4,2.5,3.0,2.0,17.99,20.70534026465028,Medium,1050.8333333333335,121.0,0.03566333808844508,0.6861702127659575,True,False,True,False,False,False,False,-1,Active
35.0,49.3,1.71,180.0,152.0,73.0,1.04,956.0,32.9,1.7,4.0,3.0,12.65,16.859888512704764,Medium,919.2307692307692,107.0,0.034482758620689655,0.8444444444444444,True,False,False,False,False,False,False,0,Active
40.0,79.5,1.92,184.0,156.0,52.0,1.29,1178.0,14.7,1.5,4.0,1.0,23.51,21.565755208333332,Medium,913.1782945736434,132.0,0.018867924528301886,0.8478260869565217,True,False,True,False,False,False,False,-1,Active
