Age,Gender,Weight_kg,Height_m,Max_BPM,Avg_BPM,Resting_BPM,Session_Duration_hours,Calories_Burned,Workout_Type,Fat_Percentage,Water_Intake_liters,Workout_Frequency_(days/week),Experience_Level,BMI,BMI_fixed,Intensity,HRR,BPM_Efficiency,Hydration_Ratio,Calories_per_hour,Cardio_Stress,Hydration_Efficiency,cluster,recommendation
0.39024390243902446,Female,86.7,1.86,174.0,152.0,74.0,0.4133333333333334,0.27766463000678887,Strength,12.8,2.4,5.0,2.0,14.31,0.34719905577497384,0.1563066309359716,0.2222222222222221,0.6917575147880672,0.19930558931745732,635.7142857142857,63571.428571428565,0.024715768660405334,6,Balanced cardio and strength training routine for steady and sustainable fitness improvement.
0.1951219512195122,Female,84.7,1.83,166.0,156.0,73.0,0.3333333333333333,0.3598099117447386,Strength,27.9,2.8,5.0,2.0,33.49,0.3525286644234899,0.22288250152181974,0.11111111111111094,0.8610118806417568,0.26571712678915504,833.0,77469.0,0.033057851239669415,6,Balanced cardio and strength training routine for steady and sustainable fitness improvement.
0.09756097560975613,Male,64.8,1.85,187.0,166.0,64.0,0.49333333333333335,0.93346911065852,Cardio,28.7,1.9,3.0,2.0,12.73,0.20594742563226903,0.3984374629701814,0.5873015873015872,0.7279048515538578,0.21955602751076206,1353.225806451613,166446.7741935484,0.02364595778574273,-1,General fitness improvement recommended.
0.878048780487805,Female,75.3,1.82,187.0,169.0,58.0,0.6333333333333333,0.22063815342837745,Cardio,31.8,2.4,4.0,1.0,20.37,0.2935323498502504,0.08793374878670615,0.6825396825396823,0.7689242206663414,0.2510747254189859,433.1034482758621,55870.34482758621,0.021981041351834044,-1,General fitness improvement recommended.
0.39024390243902446,Female,52.8,1.74,177.0,169.0,66.0,0.7333333333333334,0.6673455532926,Strength,26.4,3.2,4.0,2.0,20.83,0.17150641967041785,0.21301182121591647,0.39682539682539675,0.8994755084254704,0.6060173808551244,803.75,89216.25,0.03787878787878788,-1,General fitness improvement recommended.
0.48780487804878053,Female,53.0,1.58,161.0,128.0,74.0,0.7466666666666668,0.44127630685675495,HIIT,23.4,2.5,2.0,2.0,13.02,0.2589018991030157,0.1402966639344312,0.015873015873015817,0.49096066972398233,0.44004074750408084,588.2716049382716,51179.62962962963,0.029117167481947356,-1,General fitness improvement recommended.
0.6341463414634148,Female,46.5,1.81,191.0,142.0,74.0,0.6399999999999999,0.6347589952477937,Cardio,11.9,3.7,2.0,2.0,18.12,0.09667881809398765,0.22792589794553617,0.49206349206349187,0.35908846469955336,0.8402756847831173,847.945205479452,99209.5890410959,0.05449992635145088,10,Balanced cardio and strength training routine for steady and sustainable fitness improvement.
0.7804878048780488,Female,88.5,1.63,181.0,136.0,63.0,0.7533333333333332,0.35709436524100474,Strength,11.6,1.8,4.0,2.0,19.16,0.5373611225103074,0.11340702485130252,0.5079365079365079,0.3793535272720894,0.10860222982717208,508.58895705521473,60013.496932515336,0.012477903712176356,10,Balanced cardio and strength training routine for steady and sustainable fitness improvement.
0.0,Female,82.9,1.54,174.0,169.0,64.0,0.18,0.3387644263408011,HIIT,27.8,2.2,3.0,1.0,49.84,0.5753024598823566,0.2932624571362056,0.38095238095238093,0.941567044306431,0.1851780316772816,1041.5584415584415,114571.42857142857,0.03446493193175944,6,Balanced cardio and strength training routine for steady and sustainable fitness improvement.
0.39024390243902446,Female,65.9,1.74,195.0,169.0,73.0,1.0,0.6300067888662593,Yoga,30.5,3.2,5.0,2.0,12.32,0.271254870109171,0.14948513514459036,0.5714285714285712,0.6741239009397124,0.45719411344721483,615.5,75091.0,0.024279210925644917,5,Endurance-focused training with longer cardio sessions and attention to pacing and recovery.
0.5121951219512195,Female,47.0,1.78,181.0,155.0,55.0,0.9266666666666665,0.30142566191446024,Yoga,31.7,2.3,3.0,3.0,28.39,0.11143938629960404,0.07515573871812634,0.6349206349206349,0.6477546662346216,0.4618604008880296,395.23809523809524,49800.0,0.02589215355172802,5,Endurance-focused training with longer cardio sessions and attention to pacing and recovery.
0.6829268292682928,Male,40.0,1.88,168.0,131.0,69.0,1.0,0.2505091649694501,,25.4,2.4,2.0,2.0,12.32,0.030369009806369973,0.05516530111040365,0.20634920634920628,0.45191937405299965,0.5985307752656729,336.0,33264.0,0.03,-1,General fitness improvement recommended.
0.024390243902439046,Male,87.7,1.98,186.0,145.0,50.0,0.74,0.9517990495587236,Strength,14.1,2.3,3.0,2.0,15.99,0.28517332358517894,0.2991503667425878,0.7936507936507935,0.45142842282258266,0.18132111167017187,1059.0062111801242,144024.84472049688,0.01628929793125916,2,Balanced cardio and strength training routine for steady and sustainable fitness improvement.
0.9268292682926831,Female,107.4,1.73,176.0,141.0,71.0,0.10000000000000003,0.8560760353021044,HIIT,26.0,3.0,2.0,3.0,14.48,0.5967333556758803,0.7537576703213664,0.3015873015873014,0.506571172384414,0.20240987282045805,2406.153846153846,252646.15384615384,0.042973785990545764,-1,General fitness improvement recommended.
0.024390243902439046,Female,71.7,1.91,197.0,148.0,74.0,0.4333333333333333,0.1093007467752885,Cardio,32.5,2.7,4.0,2.0,19.09,0.22255822283449445,0.07793645805542315,0.5873015873015872,0.37906669730792975,0.32252875916251145,403.47826086956525,49627.82608695653,0.032745133709295986,3,"Beginner-friendly workouts focusing on light cardio, mobility, and building consistency."
0.2926829268292683,Female,90.6,1.6,161.0,125.0,52.0,0.35333333333333333,0.7515274949083504,Yoga,16.0,3.5,4.0,2.0,13.91,0.5853380413777423,0.40373767489039203,0.3650793650793649,0.44331705466786775,0.3345659530256807,1368.9320388349515,149213.59223300972,0.03750616172656937,-1,General fitness improvement recommended.
0.12195121951219517,Male,56.2,1.76,195.0,141.0,55.0,0.6333333333333333,0.6055668703326544,HIIT,23.9,3.2,4.0,1.0,22.61,0.18772494285711605,0.21989191521045268,0.8571428571428572,0.3069830177380626,0.5607247491751697,824.1379310344828,115379.3103448276,0.039268621916799605,2,Balanced cardio and strength training routine for steady and sustainable fitness improvement.
0.5121951219512195,Female,71.3,1.77,171.0,124.0,74.0,0.12666666666666665,0.38560760353021045,Cardio,21.9,2.1,5.0,1.0,14.31,0.294124931881196,0.3677600750145845,0.17460317460317443,0.3122738951275601,0.22118695329076113,1262.3188405797102,122444.92753623189,0.042685529605463755,-1,General fitness improvement recommended.
0.878048780487805,Female,47.7,1.56,181.0,128.0,74.0,0.6666666666666667,0.37338764426340804,Yoga,26.5,1.5,3.0,1.0,23.64,0.2213254518585882,0.1336807980166199,0.33333333333333326,0.26634252139312875,0.24581277230605128,568.6666666666666,60847.33333333333,0.020964360587002098,10,Balanced cardio and strength training routine for steady and sustainable fitness improvement.
0.1951219512195122,Male,129.9,1.71,196.0,136.0,74.0,0.5133333333333334,0.4263408010862186,Yoga,26.6,1.8,5.0,1.0,21.04,0.7935855465430679,0.18916050037444285,0.5714285714285712,0.23232390227650268,0.028528635618001563,733.0708661417323,89434.64566929133,0.010910876325216853,-1,General fitness improvement recommended.
0.09756097560975613,Female,102.4,1.5,173.0,156.0,55.0,0.6266666666666667,0.10183299389002037,HIIT,17.5,1.6,4.0,3.0,18.23,0.8186487817816681,0.047938050857933186,0.5079365079365079,0.7637869201031209,0.05037087226303402,314.58333333333337,37120.833333333336,0.010850694444444444,-1,General fitness improvement recommended.
0.43902439024390244,Female,64.2,1.78,192.0,130.0,74.0,0.5866666666666667,0.953835709436524,Yoga,31.9,2.1,,1.0,25.59,0.23658677754752705,0.3594458639307071,0.5079365079365079,0.18938320358753447,0.2614236189107526,1237.68115942029,146046.3768115942,0.023703101720167954,9,High-intensity interval training with strength conditioning and proper recovery.
0.17073170731707316,Male,57.2,1.82,184.0,140.0,74.0,0.4333333333333333,0.39714867617107946,Strength,26.9,2.6,4.0,2.0,15.23,0.16756176154672398,0.2023561815694472,0.38095238095238093,0.40361404212110563,0.41885224111884123,772.1739130434784,84939.13043478262,0.039525691699604744,3,"Beginner-friendly workouts focusing on light cardio, mobility, and building consistency."
1.0,Male,71.8,1.5,165.0,152.0,74.0,0.96,0.3088934147997285,Yoga,28.9,3.3,3.0,1.0,16.87,0.5051237164184761,0.07363162274710627,0.0793650793650793,0.8135897559221572,0.4251084574888563,390.7216494845361,35555.67010309279,0.023691238549234703,5,Endurance-focused training with longer cardio sessions and attention to pacing and recovery.
0.0,Male,112.4,1.71,177.0,165.0,55.0,0.7066666666666668,0.5030549898167005,HIIT,33.5,1.7,2.0,2.0,24.43,0.6556172867301979,0.16761707516740015,0.5714285714285712,0.8416930449675837,0.04418892758980489,669.2307692307692,81646.15384615384,0.009695227666757915,6,Balanced cardio and strength training routine for steady and sustainable fitness improvement.
0.0,Male,40.0,1.72,188.0,155.0,74.0,0.6733333333333333,0.6537678207739308,Cardio,26.4,2.5,2.0,,17.79,0.08116661532125402,0.22470835668906333,0.4444444444444442,0.5662274445732702,0.6294130233221596,838.4105960264901,95578.80794701987,0.041390728476821195,-1,General fitness improvement recommended.
0.34146341463414637,Male,72.4,1.74,189.0,127.0,60.0,0.5999999999999999,0.5342837746096403,Yoga,16.9,1.6,2.0,1.0,17.68,0.3207483760520637,0.20451508175845404,0.6825396825396823,0.1762775332422375,0.13034906992313425,778.5714285714287,100435.7142857143,0.01578531965272297,-1,General fitness improvement recommended.
0.2439024390243903,Male,62.4,1.56,193.0,141.0,55.0,1.0,0.3788187372708757,Cardio,32.2,3.6,3.0,1.0,18.61,0.36057746959190634,0.08705519132947573,0.8253968253968251,0.32614173888219034,0.570024084751993,430.5,59409.0,0.028846153846153848,7,Endurance-focused training with longer cardio sessions and attention to pacing and recovery.
0.21951219512195125,Female,78.6,1.65,198.0,127.0,66.0,0.74,0.43109300746775286,Yoga,26.8,3.1,3.0,1.0,17.92,0.4350280946641277,0.13838566334761404,0.7301587301587298,0.09818157388257931,0.3445576818342099,582.6086956521739,76904.34782608695,0.024497020846174517,-1,General fitness improvement recommended.
0.6341463414634148,Female,45.0,1.53,199.0,158.0,50.0,0.1333333333333333,0.42566191446028506,Strength,21.9,3.6,4.0,1.0,27.74,0.21262937100162205,0.3901176174250111,1.0,0.4882472980122441,0.8455887597175665,1328.5714285714287,197957.14285714287,0.1142857142857143,10,Balanced cardio and strength training routine for steady and sustainable fitness improvement.
0.04878048780487804,Female,103.4,1.53,180.0,166.0,56.0,0.52,0.2226748133061779,HIIT,23.0,3.0,4.0,1.0,19.18,0.7877558249173615,0.10813584296569434,0.603174603174603,0.8161724569403503,0.2157581533198958,492.96875,61128.125,0.022666827852998065,-1,General fitness improvement recommended.
0.8048780487804879,Male,79.2,1.85,178.0,147.0,51.0,0.6799999999999999,0.7141887304820094,Strength,23.2,2.0,4.0,1.0,18.95,0.30294310606087654,0.2426061011254285,0.6507936507936507,0.5697421530471085,0.16929872147046385,891.4473684210526,113213.81578947368,0.01661350345560872,9,High-intensity interval training with strength conditioning and proper recovery.
0.4146341463414634,Male,75.7,1.61,192.0,147.0,52.0,0.27999999999999997,0.6164290563475898,Strength,21.2,2.4,3.0,2.0,23.19,0.4427186062151042,0.38597797871308054,0.8571428571428572,0.4157730897135514,0.24899431377560946,1316.304347826087,184282.6086956522,0.034460972948136236,0,Balanced cardio and strength training routine for steady and sustainable fitness improvement.
0.07317073170731708,Male,76.8,1.75,166.0,125.0,74.0,0.7066666666666668,0.5763747454175152,Strength,25.1,2.7,3.0,1.0,16.66,0.34758751244046554,0.19097963210444932,0.09523809523809512,0.3835233610733464,0.2916384352043364,738.4615384615385,67938.46153846153,0.022536057692307696,1,High-intensity interval training with strength conditioning and proper recovery.
0.0,Male,73.7,1.78,192.0,154.0,73.0,0.4533333333333333,0.3720298710115411,Strength,27.4,2.6,2.0,2.0,21.08,0.30570888317864736,0.18514999219077888,0.5238095238095237,0.5089924545889706,0.29314431144521824,721.1864406779662,85821.18644067798,0.029896741255203182,3,"Beginner-friendly workouts focusing on light cardio, mobility, and building consistency."
0.0,Female,84.0,1.71,194.0,148.0,52.0,0.27999999999999997,0.21588594704684316,Strength,28.3,3.4,3.0,3.0,17.99,0.4317145108053116,0.16956395491215426,0.8888888888888888,0.4087713406581075,0.3573551237769197,675.0,95850.0,0.04399585921325052,3,"Beginner-friendly workouts focusing on light cardio, mobility, and building consistency."
0.2439024390243903,Male,68.0,1.7,174.0,155.0,68.0,0.15999999999999998,0.7881873727087576,Yoga,17.0,2.3,3.0,2.0,21.67,0.31189777263639346,0.6094009221121401,0.3174603174603172,0.735841549408955,0.2751754720859887,1978.3783783783783,209708.1081081081,0.04570747217806041,6,Balanced cardio and strength training routine for steady and sustainable fitness improvement.
0.2926829268292683,Female,54.3,1.82,185.0,168.0,66.0,0.5999999999999999,0.7549219280380177,,25.4,3.6,3.0,1.0,26.4,0.14737862861411472,0.28285381434498785,0.5238095238095237,0.7800844454158642,0.6763335659494186,1010.7142857142858,120275.00000000001,0.047355958958168916,-1,General fitness improvement recommended.
0.0,Female,42.8,1.89,194.0,162.0,73.0,1.0,0.2939579090291921,,22.5,1.5,3.0,2.0,18.54,0.04568584507272122,0.06596399409463971,0.5555555555555554,0.5932880216486276,0.2902855329822357,368.0,44528.0,0.01752336448598131,8,Endurance-focused training with longer cardio sessions and attention to pacing and recovery.
0.7560975609756098,Female,102.4,1.65,185.0,148.0,68.0,0.5133333333333334,0.4596062457569586,Cardio,34.8,2.0,5.0,,15.52,0.636559357982984,0.20218057803752273,0.49206349206349187,0.5036656337389465,0.09862438485129449,771.6535433070866,90283.46456692913,0.015378937007874016,-1,General fitness improvement recommended.
0.5853658536585367,Female,95.5,1.95,168.0,125.0,72.0,0.94,0.22335369993211135,HIIT,26.1,2.0,4.0,1.0,12.32,0.34845212383009366,0.053440902492502086,0.1587301587301586,0.3606024451954466,0.11605628206904303,330.89005235602093,31765.445026178008,0.01096461171568762,4,"Beginner-friendly workouts focusing on light cardio, mobility, and building consistency."
0.21951219512195125,Female,58.7,1.98,199.0,145.0,52.0,1.0,0.5539714867617107,Cardio,23.0,2.7,2.0,3.0,18.99,0.11464325133241199,0.13058742242217727,0.9682539682539679,0.32121532763963434,0.425548097906681,559.5,82246.5,0.022998296422487224,7,Endurance-focused training with longer cardio sessions and attention to pacing and recovery.
0.14634146341463422,Female,86.5,1.65,196.0,169.0,59.0,0.38666666666666666,0.31771894093686354,Cardio,27.3,2.1,3.0,1.0,12.9,0.5019229257657649,0.1826873665249411,0.8095238095238093,0.6628179954621105,0.15725379725622138,713.8888888888888,97802.77777777777,0.0224791265253693,-1,General fitness improvement recommended.
0.6341463414634148,Female,63.6,1.78,167.0,129.0,74.0,0.56,0.5852002715546503,Yoga,10.7,3.4,4.0,1.0,15.73,0.2322211708760879,0.2351670221321517,0.11111111111111094,0.433236768847612,0.5177319375832926,869.4029850746268,80854.4776119403,0.0398948652961607,-1,General fitness improvement recommended.
0.8292682926829269,Male,58.7,1.58,169.0,131.0,53.0,0.4266666666666666,0.405295315682281,HIIT,28.5,3.3,3.0,,19.62,0.31153925196673343,0.208194147742275,0.47619047619047605,0.4401220193386608,0.5518128259059452,789.4736842105264,91578.94736842105,0.049314085896171436,-1,General fitness improvement recommended.
0.7560975609756098,Female,56.6,1.75,198.0,120.0,72.0,0.4133333333333334,0.9938900203665988,Yoga,23.6,2.6,2.0,2.0,34.37,0.19552973764247095,0.47418110354671467,0.6349206349206349,0.007787038245809397,0.4248044893790057,1577.6785714285713,198787.5,0.04101463907117617,9,High-intensity interval training with strength conditioning and proper recovery.
0.43902439024390244,Female,40.0,1.71,178.0,169.0,69.0,0.5333333333333334,0.8255261371350984,HIIT,27.5,2.7,4.0,1.0,39.74,0.08482288613295252,0.3360870690801212,0.3650793650793649,0.8857602888687528,0.6911775194351331,1168.4615384615383,127362.30769230767,0.051923076923076926,-1,General fitness improvement recommended.
0.12195121951219517,Female,67.7,1.73,188.0,162.0,54.0,0.8400000000000001,0.44195519348268836,Yoga,18.0,3.2,3.0,1.0,16.07,0.29093745501198737,0.1246972262489576,0.7619047619047619,0.6614302001907189,0.44124570687753983,542.0454545454545,72634.0909090909,0.026856452262656105,8,Endurance-focused training with longer cardio sessions and attention to pacing and recovery.
0.9268292682926831,Female,40.0,1.74,172.0,146.0,74.0,0.6199999999999999,0.3890020366598778,Yoga,26.0,3.4,2.0,1.0,19.63,0.07404228489056752,0.14850225585526905,0.19047619047619024,0.6285362248278794,0.9073532558305398,612.5874125874126,60033.56643356643,0.05944055944055944,10,Balanced cardio and strength training routine for steady and sustainable fitness improvement.
0.7317073170731709,,68.0,1.69,185.0,144.0,68.0,0.48666666666666664,0.26612355736591986,Yoga,14.2,2.6,2.0,1.0,28.93,0.3183360653477216,0.1324571656307029,0.49206349206349187,0.448381871403563,0.3296735568915534,565.040650406504,66109.75609756097,0.0310856049736968,10,Balanced cardio and strength training routine for steady and sustainable fitness improvement.
0.14634146341463422,Male,68.3,1.74,184.0,161.0,51.0,0.9333333333333333,0.17854718262050234,Cardio,27.5,3.5,4.0,,16.26,0.28952939538039285,0.04230633117522783,0.746031746031746,0.695431184339808,0.4903750836827796,297.89473684210526,39620.0,0.026970794482546044,8,Endurance-focused training with longer cardio sessions and attention to pacing and recovery.
0.09756097560975613,Female,99.1,1.72,182.0,169.0,62.0,0.4266666666666666,0.5444670739986421,Yoga,31.4,3.6,4.0,1.0,16.91,0.5417029983364334,0.2688775924179436,0.5396825396825395,0.8324065776261378,0.30609988145934486,969.2982456140352,116315.78947368423,0.03186573901959743,6,Balanced cardio and strength training routine for steady and sustainable fitness improvement.
0.04878048780487804,Female,72.9,1.63,164.0,156.0,51.0,0.4066666666666667,0.1894093686354379,Strength,27.1,3.2,3.0,2.0,19.83,0.40200349044945277,0.11871706860546846,0.4285714285714284,0.8903148739748299,0.3995965683064664,524.3243243243243,59248.64864864864,0.03954571855806423,-1,General fitness improvement recommended.
0.6341463414634148,Female,40.0,1.68,175.0,156.0,74.0,0.36000000000000004,0.47997284453496264,Cardio,28.1,1.8,3.0,3.0,12.32,0.09618616117584927,0.26950378180953116,0.23809523809523792,0.7374369716142826,0.41323728692675277,971.1538461538461,98086.53846153845,0.04326923076923077,10,Balanced cardio and strength training routine for steady and sustainable fitness improvement.
0.3658536585365854,Female,58.3,1.77,167.0,153.0,74.0,0.6066666666666667,0.45213849287169044,Strength,29.5,2.6,2.0,1.0,20.47,0.19846497555146825,0.1736924445836541,0.11111111111111094,0.8006917161067477,0.4082579879262216,687.2340425531916,63912.76595744681,0.03162901597265307,-1,General fitness improvement recommended.
0.0,Male,40.0,1.64,177.0,134.0,53.0,0.32,0.1120162932790224,\nStrength,25.6,2.1,3.0,3.0,18.78,0.1123180479635959,0.1029329889539376,0.603174603174603,0.3938789531689617,0.5058840310962129,477.55102040816325,59216.32653061224,0.053571428571428575,3,"Beginner-friendly workouts focusing on light cardio, mobility, and building consistency."
1.0,Male,45.8,1.5,163.0,137.0,55.0,0.9866666666666666,0.6809232858112695,\tCardio,24.0,2.9,4.0,2.0,26.25,0.23872987003145013,0.16436572044215428,0.3492063492063491,0.6071955015480004,0.6395272967031052,659.5959595959596,71236.36363636363,0.031979180450796174,5,Endurance-focused training with longer cardio sessions and attention to pacing and recovery.
0.21951219512195125,Male,52.3,1.75,180.0,128.0,61.0,0.9466666666666665,0.4263408010862186,Strength,15.0,2.5,4.0,2.0,23.23,0.16316100340329381,0.10541156332286136,0.5238095238095237,0.27638794413792533,0.44783957633612415,484.89583333333337,57702.60416666667,0.024896430847673682,7,Endurance-focused training with longer cardio sessions and attention to pacing and recovery.
0.3658536585365854,Female,76.3,1.95,188.0,125.0,72.0,0.3,0.4046164290563476,Strength,21.7,2.3,5.0,1.0,26.08,0.23204880451669135,0.2611219521715899,0.47619047619047605,0.15821563478420275,0.22972468838401258,946.3157894736843,109772.63157894737,0.03173070290404911,2,Balanced cardio and strength training routine for steady and sustainable fitness improvement.
0.7073170731707319,Male,77.5,1.72,176.0,151.0,56.0,0.5933333333333333,0.25526137135098437,Cardio,13.3,3.5,2.0,3.0,24.32,0.37338513246286525,0.10662418071783783,0.5396825396825395,0.6518481046577937,0.41522969002717125,488.48920863309354,58618.70503597122,0.03249013692271989,-1,General fitness improvement recommended.
0.6829268292682928,Female,40.0,1.58,177.0,132.0,58.0,0.5266666666666666,0.6014935505770536,Strength,31.1,2.5,,2.0,12.73,0.13885179608050163,0.2528169598112125,0.5238095238095237,0.36498772144001834,0.6294130233221596,921.7054263565891,109682.9457364341,0.04844961240310077,10,Balanced cardio and strength training routine for steady and sustainable fitness improvement.
0.21951219512195125,Male,96.3,1.61,198.0,159.0,70.0,0.4399999999999999,0.6109979633401221,Cardio,32.1,3.1,3.0,1.0,12.32,0.6259284595273673,0.29174744234154926,0.6666666666666665,0.5114137367935263,0.25500986022820094,1037.0689655172414,132744.8275862069,0.027750922046764784,-1,General fitness improvement recommended.
0.902439024390244,Female,68.4,1.85,175.0,150.0,58.0,0.4399999999999999,0.48676171079429736,Cardio,29.2,2.5,4.0,2.0,22.87,0.23019634573942094,0.23851035139017,0.49206349206349187,0.6497727199110312,0.30885167653699064,879.3103448275863,102879.3103448276,0.031508368622706194,-1,General fitness improvement recommended.
0.0,Female,56.9,1.77,183.0,131.0,57.0,0.52,0.5084860828241684,Cardio,20.7,3.5,4.0,2.0,18.57,0.18816313410057456,0.21912826841401892,0.6349206349206349,0.2884970013707666,0.6172012380625648,821.875,103556.25,0.04805579964850615,2,Balanced cardio and strength training routine for steady and sustainable fitness improvement.
0.14634146341463422,Male,47.6,1.51,175.0,120.0,70.0,0.1866666666666667,0.19008825526137135,Strength,22.6,1.7,5.0,1.0,13.71,0.2507342330167988,0.19400811170740015,0.3015873015873014,0.21145146139477644,0.29853179414551645,747.4358974358975,78480.76923076923,0.045787545787545784,3,"Beginner-friendly workouts focusing on light cardio, mobility, and building consistency."
0.1951219512195122,Female,88.8,1.7,193.0,169.0,68.0,0.94,0.571622539035981,Strength,18.1,3.7,2.0,2.0,30.34,0.47781781536879714,0.14407783804409063,0.6190476190476188,0.6970871908216805,0.37206095618477053,599.4764397905759,74934.55497382199,0.021815008726003494,8,Endurance-focused training with longer cardio sessions and attention to pacing and recovery.
0.0,,67.5,1.69,177.0,169.0,72.0,0.38000000000000006,0.4562118126272912,,26.2,1.6,4.0,3.0,14.08,0.31430026239445547,0.2492768536202635,0.3015873015873014,0.8994755084254704,0.15016628496408826,911.214953271028,95677.57009345794,0.02215299411561094,6,Balanced cardio and strength training routine for steady and sustainable fitness improvement.
0.26829268292682934,Male,96.7,1.7,175.0,141.0,54.0,1.0,0.39171758316361166,Yoga,32.9,2.3,2.0,3.0,13.16,0.5408355239065852,0.09026105330917081,0.5555555555555554,0.5182763423561547,0.15116931634605998,440.0,53240.0,0.011892450879007237,8,Endurance-focused training with longer cardio sessions and attention to pacing and recovery.
0.1951219512195122,,55.7,1.99,172.0,142.0,68.0,1.0,0.8689748811948403,Strength,18.9,3.2,4.0,1.0,12.32,0.09371866774164256,0.20887794655788863,0.2857142857142856,0.5690740385950543,0.5670386443929899,791.5,82316.0,0.02872531418312388,8,Endurance-focused training with longer cardio sessions and attention to pacing and recovery.
0.6097560975609757,Male,112.0,1.71,166.0,146.0,58.0,0.7466666666666668,0.34758995247793617,HIIT,31.2,2.6,3.0,1.0,21.1,0.6524637265059037,0.1115501432588028,0.3492063492063491,0.7069833259422693,0.14412055386308295,503.0864197530864,54333.33333333333,0.014329805996472662,10,Balanced cardio and strength training routine for steady and sustainable fitness improvement.
0.7317073170731709,Male,75.2,1.72,193.0,169.0,59.0,0.6933333333333334,0.9660556687033264,Cardio,30.9,1.9,2.0,,18.64,0.3554623967448464,0.3199962344104913,0.7619047619047619,0.6970871908216805,0.16946464801278324,1120.7792207792209,150184.4155844156,0.01640646587455098,9,High-intensity interval training with strength conditioning and proper recovery.
0.26829268292682934,Female,72.0,1.66,167.0,144.0,68.0,0.24666666666666665,0.6415478615071284,HIIT,10.0,3.6,4.0,3.0,17.55,0.37181792384816664,0.4258583654485756,0.20634920634920628,0.6628961108845721,0.4750017830397262,1434.4827586206898,142013.7931034483,0.0574712643678161,1,High-intensity interval training with strength conditioning and proper recovery.
0.09756097560975613,Female,75.7,1.56,194.0,142.0,61.0,0.48666666666666664,0.23082145281737948,Strength,28.8,2.3,3.0,3.0,13.93,0.4865673903982419,0.11819059969624471,0.746031746031746,0.329692763090742,0.23267608494787537,522.7642276422764,69527.64227642276,0.024701700121360526,3,"Beginner-friendly workouts focusing on light cardio, mobility, and building consistency."
0.04878048780487804,Male,59.1,1.62,191.0,127.0,54.0,0.3466666666666666,0.46978954514596055,,26.2,3.4,3.0,,12.46,0.2886144157200367,0.27096712279415025,0.8095238095238093,0.1582868410337297,0.5680143067969957,975.4901960784314,133642.1568627451,0.05640157924421883,2,Balanced cardio and strength training routine for steady and sustainable fitness improvement.
0.5121951219512195,Female,41.3,1.76,175.0,136.0,69.0,0.6133333333333333,0.5383570943652409,Yoga,24.3,3.2,3.0,2.0,15.36,0.07683445567938729,0.20224045767035095,0.3174603174603172,0.4452227992701123,0.814482185404011,771.830985915493,81814.08450704225,0.054564676192749725,10,Balanced cardio and strength training routine for steady and sustainable fitness improvement.
0.5609756097560976,Male,40.0,1.77,176.0,148.0,65.0,0.35333333333333333,0.6347589952477937,Yoga,11.6,1.9,5.0,1.0,22.98,0.06380519087192837,0.3473852721813932,0.39682539682539675,0.6082650249757799,0.4441195349832394,1201.9417475728155,133415.53398058252,0.04611650485436893,-1,General fitness improvement recommended.
0.5609756097560976,Female,63.7,1.93,195.0,155.0,61.0,0.4533333333333333,0.5166327223353699,HIIT,21.2,3.4,4.0,1.0,15.76,0.16370458235597707,0.2460642296283392,0.7619047619047619,0.49055345933888717,0.5166952419542922,901.6949152542373,120827.1186440678,0.045233217146050074,-1,General fitness improvement recommended.
0.3170731707317073,Female,100.0,1.75,190.0,169.0,67.0,0.6399999999999999,0.8621860149355056,HIIT,20.8,3.4,4.0,2.0,,0.5222281250797467,0.3053565946432904,0.5873015873015872,0.7324385712978687,0.2773553954782113,1077.3972602739727,132519.86301369863,0.023287671232876714,6,Balanced cardio and strength training routine for steady and sustainable fitness improvement.
0.04878048780487804,Male,45.0,1.68,171.0,154.0,74.0,0.6666666666666667,0.9429735234215886,Yoga,10.0,2.4,4.0,1.0,12.32,0.13702607335988853,0.32243295247024584,0.17460317460317443,0.7608482824979963,0.5161781137817084,1128.0,109416.0,0.035555555555555556,6,Balanced cardio and strength training routine for steady and sustainable fitness improvement.
0.1951219512195122,Male,47.1,1.61,189.0,138.0,52.0,0.5066666666666666,0.5376782077393074,Yoga,19.3,3.6,3.0,3.0,29.91,0.18835929530584572,0.23504710061269282,0.8095238095238093,0.3250903061952868,0.8015274631274198,869.047619047619,119059.5238095238,0.060661207158022444,2,Balanced cardio and strength training routine for steady and sustainable fitness improvement.
0.4634146341463415,Female,72.1,1.83,164.0,152.0,58.0,0.72,0.5349626612355736,Cardio,34.4,3.3,4.0,2.0,16.92,0.2657921982006867,0.1747967076438351,0.3174603174603172,0.8279520932916231,0.42274610671668345,690.506329113924,73193.67088607595,0.028968205200231745,-1,General fitness improvement recommended.
1.0,Male,57.5,1.81,175.0,169.0,58.0,0.6466666666666667,0.7101154107264087,Cardio,24.7,2.5,5.0,2.0,12.32,0.17408379655194411,0.2514609302974904,0.49206349206349187,0.927376183637993,0.39443939680541307,917.687074829932,107369.38775510206,0.029577048210588583,10,Balanced cardio and strength training routine for steady and sustainable fitness improvement.
0.09756097560975613,Male,54.3,1.85,165.0,144.0,53.0,1.0,0.975560081466395,\tCardio,26.6,3.7,4.0,2.0,20.04,0.13522140865307608,0.23536849028484266,0.41269841269841256,0.6896201070488726,0.6990829199505137,870.0,97440.0,0.03406998158379374,8,Endurance-focused training with longer cardio sessions and attention to pacing and recovery.
0.17073170731707316,Male,63.9,1.67,178.0,144.0,61.0,0.7066666666666668,0.38357094365241,Strength,24.8,2.4,3.0,2.0,24.51,0.2976703636262323,0.12954476015887564,0.49206349206349187,0.5266487708896115,0.3213154781576797,556.4102564102564,65099.99999999999,0.024076080414108584,-1,General fitness improvement recommended.
0.34146341463414637,Male,56.6,2.0,190.0,123.0,65.0,0.49999999999999994,0.6829599456890698,HIIT,14.7,3.5,4.0,3.0,17.83,0.09567125156303291,0.2951662526850498,0.6190476190476188,0.11340591672666678,0.6212286819644335,1047.2,130900.0,0.04946996466431095,2,Balanced cardio and strength training routine for steady and sustainable fitness improvement.
0.26829268292682934,Female,95.3,1.72,190.0,169.0,74.0,0.6599999999999999,0.2919212491513917,HIIT,29.2,3.7,5.0,3.0,20.06,0.5120915219327502,0.1077908107961647,0.47619047619047605,0.7324385712978687,0.3369552177504992,491.9463087248322,57065.77181208054,0.02605688852581393,8,Endurance-focused training with longer cardio sessions and attention to pacing and recovery.
0.2926829268292683,Female,96.3,2.0,173.0,136.0,74.0,1.0,0.5376782077393074,HIIT,20.4,1.5,5.0,2.0,25.83,0.3244753893372741,0.12653791255308877,0.20634920634920628,0.4681945492347408,0.0497695823865448,547.5,54202.5,0.00778816199376947,8,Endurance-focused training with longer cardio sessions and attention to pacing and recovery.
0.3658536585365854,Male,60.5,1.54,195.0,126.0,56.0,0.5133333333333334,0.6340801086218602,Cardio,29.1,3.7,4.0,2.0,21.23,0.3575615991537004,0.27046955680102336,0.841269841269841,0.11030040173717914,0.6128233859364437,974.0157480314961,135388.18897637795,0.04815513763258932,2,Balanced cardio and strength training routine for steady and sustainable fitness improvement.
0.878048780487805,,56.3,1.59,172.0,169.0,68.0,0.6466666666666667,0.42973523421588594,Cardio,19.6,3.1,4.0,2.0,18.7,0.28285698171670576,0.1566509770132751,0.2857142857142856,0.970443795666625,0.5375342213779053,636.7346938775511,66220.40816326531,0.03745725643721077,10,Balanced cardio and strength training routine for steady and sustainable fitness improvement.
0.7560975609756098,Male,45.0,1.84,190.0,159.0,53.0,0.5333333333333334,0.38085539714867617,HIIT,26.5,1.5,4.0,2.0,17.11,0.07588200823747054,0.1660595713715969,0.8095238095238093,0.5978662550867382,0.2691201293298148,664.6153846153846,91052.3076923077,0.02564102564102564,10,Balanced cardio and strength training routine for steady and sustainable fitness improvement.
0.853658536585366,Male,87.7,1.84,164.0,152.0,53.0,0.5800000000000001,0.517990495587237,Cardio,24.7,2.6,5.0,2.0,25.16,0.3666359342730047,0.20435673283239472,0.39682539682539675,0.8279520932916231,0.22357732337802141,778.1021897810218,86369.34306569342,0.021639797251745748,10,Balanced cardio and strength training routine for steady and sustainable fitness improvement.
0.878048780487805,Female,46.1,1.85,187.0,162.0,63.0,0.5666666666666667,0.31839782756279705,Strength,25.7,3.6,4.0,1.0,20.62,0.07998775729789681,0.1347556679201434,0.603174603174603,0.6732123594038795,0.8220083880995984,571.8518518518518,70909.62962962964,0.05784526391901663,10,Balanced cardio and strength training routine for steady and sustainable fitness improvement.
0.0,Female,69.8,1.82,178.0,168.0,58.0,0.9333333333333333,0.44806517311608957,HIIT,31.4,3.7,5.0,2.0,34.21,0.25525399428840534,0.11281753372032177,0.5396825396825395,0.8713958281495873,0.5121666660876472,506.8421052631579,60821.05263157895,0.02789926104659931,8,Endurance-focused training with longer cardio sessions and attention to pacing and recovery.
0.0,Male,79.2,1.77,198.0,137.0,66.0,0.4666666666666666,0.7644263408010863,Yoga,12.9,3.7,3.0,2.0,19.07,0.3522567514969536,0.3436366360903344,0.7301587301587298,0.22731662479225023,0.43444933609686487,1190.8333333333335,157190.00000000003,0.038930976430976434,2,Balanced cardio and strength training routine for steady and sustainable fitness improvement.
0.26829268292682934,Male,60.6,1.76,188.0,148.0,50.0,0.5866666666666667,0.253224711473184,Strength,30.2,2.5,3.0,,23.73,0.22047112699013666,0.10708510397301685,0.8253968253968251,0.47102468895582117,0.36696487564739644,489.8550724637682,67600.00000000001,0.02989429377720381,3,"Beginner-friendly workouts focusing on light cardio, mobility, and building consistency."
0.09756097560975613,Female,53.3,1.73,172.0,144.0,71.0,0.4000000000000001,0.6327223353699931,Strength,22.8,2.6,3.0,1.0,13.13,0.18001904268049973,0.3206536223762524,0.23809523809523792,0.5988051317114671,0.45993727179265953,1122.7272727272727,113395.45454545454,0.044345898004434586,1,High-intensity interval training with strength conditioning and proper recovery.
0.04878048780487804,Male,95.7,1.85,196.0,136.0,58.0,0.6266666666666667,0.46435845213849286,HIIT,23.8,1.5,3.0,2.0,15.47,0.41408398988532263,0.17307915445129363,0.8253968253968251,0.23232390227650268,0.05097593198200906,685.4166666666667,94587.50000000001,0.01088470916057123,-1,General fitness improvement recommended.
0.26829268292682934,Female,57.4,1.74,198.0,165.0,67.0,0.72,0.39171758316361166,Strength,20.9,3.3,4.0,1.0,,0.20653259310692657,0.12973095962813483,0.714285714285714,0.5888947673393292,0.5675409235574215,556.9620253164557,72962.02531645569,0.03638689189785207,2,Balanced cardio and strength training routine for steady and sustainable fitness improvement.
0.7073170731707319,Male,87.3,1.9,194.0,164.0,74.0,0.9133333333333333,0.5227427019687712,HIIT,23.7,3.5,5.0,2.0,20.1,0.32696112405481975,0.13541200559285826,0.5396825396825395,0.6196475475044161,0.35260478616063795,573.7967914438502,68855.61497326203,0.021439378625552064,5,Endurance-focused training with longer cardio sessions and attention to pacing and recovery.
0.0,Male,79.2,1.66,176.0,154.0,72.0,0.72,0.8078750848608283,Strength,18.1,2.3,3.0,1.0,14.27,0.4320530298626298,0.2606565687922309,0.2857142857142856,0.695431184339808,0.21609000640453455,944.9367088607595,98273.41772151898,0.018380002557217744,6,Balanced cardio and strength training routine for steady and sustainable fitness improvement.
0.0,Male,73.8,1.75,187.0,149.0,74.0,0.76,0.5173116089613035,HIIT,17.7,2.4,3.0,1.0,17.79,0.3250046745991792,0.160921708240319,0.4285714285714284,0.4954617599164495,0.25907712183177034,649.390243902439,73381.09756097561,0.019829466587348802,-1,General fitness improvement recommended.
0.3658536585365854,Female,66.3,1.76,164.0,120.0,74.0,0.6266666666666667,0.07875084860828241,,25.4,2.6,3.0,3.0,20.67,0.2628923200715496,0.039970265235884005,0.06349206349206327,0.3290498478259667,0.34178424240390126,290.97222222222223,26187.5,0.02723311546840959,4,"Beginner-friendly workouts focusing on light cardio, mobility, and building consistency."
0.21951219512195125,Male,72.8,1.82,162.0,136.0,57.0,0.48666666666666664,0.32382892057026474,HIIT,11.4,3.5,4.0,3.0,22.59,0.27613309732213903,0.15577751379279803,0.3015873015873014,0.6046779402282891,0.45124620761165946,634.1463414634146,66585.36585365853,0.03908692933083177,-1,General fitness improvement recommended.
0.48780487804878053,Male,50.0,1.75,186.0,135.0,59.0,1.0,0.26612355736591986,Strength,23.4,1.6,4.0,1.0,49.84,0.14584749439164096,0.059046081401613486,0.6507936507936507,0.3139620783058361,0.2526495970330219,347.5,44132.5,0.016,7,Endurance-focused training with longer cardio sessions and attention to pacing and recovery.
0.878048780487805,Male,84.0,1.94,178.0,133.0,53.0,0.6466666666666667,0.4338085539714867,Yoga,30.7,1.5,4.0,1.0,16.61,0.28399506672465974,0.15802836132248888,0.6190476190476188,0.36863970297878934,0.07794430802775429,640.8163265306123,80102.04081632654,0.012147716229348881,10,Balanced cardio and strength training routine for steady and sustainable fitness improvement.
0.4634146341463415,Female,55.3,1.73,183.0,134.0,51.0,0.4000000000000001,0.45689069925322473,Yoga,31.3,2.8,2.0,2.0,16.26,0.1954243777265397,0.24119733024792464,0.7301587301587298,0.3304129687152173,0.482820073686938,887.2727272727273,117120.0,0.04602991944764096,-1,General fitness improvement recommended.
0.07317073170731708,Male,66.6,1.85,189.0,121.0,56.0,0.25333333333333335,0.46843177189409363,HIIT,13.9,3.4,5.0,1.0,12.32,0.21807188568584496,0.3225710039430557,0.746031746031746,0.09510692981330138,0.487985310751162,1128.409090909091,150078.4090909091,0.058012558012558016,2,Balanced cardio and strength training routine for steady and sustainable fitness improvement.
0.07317073170731708,,65.8,1.62,172.0,127.0,62.0,0.5666666666666667,0.681602172437203,Cardio,26.0,3.4,3.0,1.0,15.3,0.34746870672698354,0.2684894814980667,0.38095238095238093,0.34609084022195935,0.49565252642096347,968.148148148148,106496.29629629628,0.03827535742429359,2,Balanced cardio and strength training routine for steady and sustainable fitness improvement.
0.1951219512195122,Female,59.8,1.6,180.0,151.0,58.0,0.4666666666666666,0.2090970807875085,HIIT,16.4,2.5,3.0,3.0,12.63,0.3079778617710582,0.11360197824905602,0.5714285714285712,0.6030996229393932,0.37378237469405073,509.1666666666667,62118.333333333336,0.03483835005574136,3,"Beginner-friendly workouts focusing on light cardio, mobility, and building consistency."
0.5853658536585367,Female,80.3,1.94,192.0,169.0,52.0,0.8133333333333332,0.3054989816700611,Yoga,24.6,3.5,5.0,2.0,33.99,0.2613313244487292,0.0895155040115673,0.8571428571428572,0.7087482364648681,0.395777086904779,437.7906976744186,61290.6976744186,0.025341017695270644,-1,General fitness improvement recommended.
0.3170731707317073,Female,129.9,1.7,190.0,169.0,69.0,0.5866666666666667,0.29327902240325865,Strength,10.0,2.1,3.0,3.0,16.07,0.8056694382679219,0.12151270555974525,0.5555555555555554,0.7324385712978687,0.057057271236003154,532.608695652174,64445.652173913055,0.011714696924055294,-1,General fitness improvement recommended.
0.8048780487804879,Female,91.7,1.72,168.0,137.0,58.0,0.23999999999999994,0.8323150033944331,Cardio,10.0,1.7,,1.0,14.15,0.48403854428715537,0.5417500121631678,0.38095238095238093,0.5432363029105529,0.08636367772690554,1777.906976744186,195569.76744186046,0.021556643250234587,-1,General fitness improvement recommended.
0.0,Male,64.8,1.82,169.0,156.0,69.0,0.9533333333333334,0.823489477257298,Strength,21.9,3.5,3.0,2.0,17.69,0.22045548923218256,0.20685056888379186,0.2222222222222221,0.8183578193403602,0.524565884858779,785.4922279792746,78549.22279792746,0.02798567133627583,8,Endurance-focused training with longer cardio sessions and attention to pacing and recovery.
0.878048780487805,Male,60.1,1.63,174.0,159.0,72.0,0.013333333333333364,0.4005431093007467,Cardio,18.4,3.6,4.0,1.0,20.56,0.29094081798926424,0.5213002287977274,0.25396825396825395,0.7946202622368053,0.5972975407342991,1717.3076923076922,175165.3846153846,0.115192627671829,-1,General fitness improvement recommended.
0.4634146341463415,Male,46.3,1.69,181.0,141.0,67.0,0.76,0.7752885268160217,Strength,20.7,2.5,4.0,2.0,19.11,0.14318221717597385,0.23911346384263796,0.4444444444444442,0.4499854059464401,0.5243600196742838,881.0975609756098,100445.12195121951,0.03292419533266607,-1,General fitness improvement recommended.
0.07317073170731708,Male,66.9,1.69,197.0,149.0,74.0,0.5800000000000001,0.38628649015614386,Yoga,16.6,2.6,5.0,2.0,33.07,0.30945729885053624,0.156570545812737,0.5873015873015872,0.39204575318616075,0.3374396018613548,636.4963503649634,78289.0510948905,0.02836786575453067,3,"Beginner-friendly workouts focusing on light cardio, mobility, and building consistency."
0.024390243902439046,Female,40.0,1.93,167.0,158.0,74.0,0.4599999999999999,0.6530889341479973,Yoga,24.7,2.6,4.0,3.0,12.32,0.01702587070663844,0.300506614719691,0.11111111111111094,0.8772448301190678,0.6602952713786464,1063.0252100840337,98861.34453781514,0.054621848739495805,6,Balanced cardio and strength training routine for steady and sustainable fitness improvement.
0.43902439024390244,Female,50.1,1.85,199.0,140.0,68.0,0.2733333333333334,0.638153428377461,Strength,30.7,2.8,4.0,2.0,25.82,0.10693100186139892,0.4027259814862757,0.714285714285714,0.25697226211170743,0.5477384151887367,1365.934065934066,178937.36263736265,0.06141563027790572,-1,General fitness improvement recommended.
0.12195121951219517,Male,71.3,1.77,171.0,134.0,50.0,0.56,0.635437881873727,Cardio,35.0,2.5,3.0,3.0,18.17,0.294124931881196,0.25380282625606654,0.5555555555555554,0.46179869091770565,0.2904879306966218,924.6268656716418,111879.85074626865,0.026166502689916476,2,Balanced cardio and strength training routine for steady and sustainable fitness improvement.
0.6585365853658538,,68.3,1.75,185.0,133.0,65.0,0.54,0.8771215207060421,,29.1,2.5,4.0,2.0,13.23,0.28360280522348763,0.35265486709120414,0.5396825396825395,0.29635152498125805,0.3095127231762689,1217.557251908397,146106.87022900762,0.02794139014004225,9,High-intensity interval training with strength conditioning and proper recovery.
0.5121951219512195,Female,66.8,1.61,177.0,127.0,59.0,0.76,0.31704005431093,Yoga,28.0,3.1,4.0,1.0,17.16,0.36356483463844685,0.10022021375957144,0.5079365079365079,0.2927596421176599,0.4306201091860926,469.51219512195127,55402.43902439025,0.028297064407769832,-1,General fitness improvement recommended.
0.6585365853658538,Male,53.9,1.68,169.0,141.0,71.0,0.7266666666666668,0.4942294636795655,Yoga,19.2,2.1,3.0,3.0,20.62,0.20972111704747842,0.1605968798613686,0.19047619047619024,0.5914163393393408,0.3386386098032914,648.4276729559748,63545.91194968553,0.024503798088703753,10,Balanced cardio and strength training routine for steady and sustainable fitness improvement.
0.21951219512195125,Female,40.0,1.57,178.0,169.0,52.0,0.5466666666666666,0.438560760353021,Strength,28.4,3.1,3.0,2.0,21.11,0.1435723224182332,0.18439170569543292,0.6349206349206349,0.8857602888687528,0.8147065116610799,718.9393939393939,90586.36363636363,0.05871212121212121,10,Balanced cardio and strength training routine for steady and sustainable fitness improvement.
0.4634146341463415,Male,62.1,1.85,196.0,151.0,64.0,0.52,0.4344874405974202,HIIT,26.7,3.3,4.0,1.0,20.37,0.18776073555190514,0.19039151218155484,0.7301587301587298,0.42800303554268804,0.5137910801155064,736.71875,97246.875,0.041515700483091784,-1,General fitness improvement recommended.
0.2439024390243903,Male,60.7,1.73,198.0,124.0,70.0,0.56,0.6171079429735233,Cardio,24.8,2.0,2.0,1.0,20.21,0.2370187823508475,0.24700327610274622,0.6666666666666665,0.059441058609677855,0.2643716233134412,904.4776119402984,115773.1343283582,0.024588753104330077,-1,General fitness improvement recommended.
0.0,Male,46.9,1.84,185.0,147.0,65.0,0.5266666666666666,0.5003394433129666,HIIT,21.8,1.7,3.0,1.0,13.0,0.08881953656223668,0.21383911934001157,0.5396825396825395,0.4898446931551006,0.3051164952236586,806.2015503875969,96744.18604651162,0.028098709112246077,-1,General fitness improvement recommended.
0.0,Female,90.8,1.66,182.0,134.0,56.0,0.8466666666666667,0.4663951120162933,Yoga,10.0,1.8,4.0,2.0,22.03,0.5290984784414869,0.1305273661317459,0.6349206349206349,0.34070003762392864,0.10223808403191312,559.3220338983051,70474.57627118644,0.011199880534607631,7,Endurance-focused training with longer cardio sessions and attention to pacing and recovery.
0.14634146341463422,Female,44.0,1.79,193.0,164.0,62.0,0.8933333333333333,0.21656483367277662,Strength,26.3,3.5,4.0,2.0,14.27,0.08604431125649709,0.05585489155912524,0.714285714285714,0.6308469315467717,0.8399738055254781,338.04347826086956,44283.69565217391,0.04323122529644269,8,Endurance-focused training with longer cardio sessions and attention to pacing and recovery.
0.21951219512195125,Female,75.1,1.86,175.0,165.0,70.0,0.5266666666666666,0.31364562118126277,,27.0,3.5,4.0,2.0,14.22,0.2699015537215865,0.1419001520273926,0.3015873015873014,0.8689333491691587,0.4330578509257229,593.0232558139535,62267.441860465115,0.036127540540261564,6,Balanced cardio and strength training routine for steady and sustainable fitness improvement.
0.12195121951219517,Female,74.2,1.71,199.0,150.0,57.0,0.36666666666666664,0.5858791581805838,Cardio,34.5,3.3,,1.0,12.32,0.35445228531010436,0.31651938250268796,0.8888888888888888,0.38545839316756103,0.40674452318441856,1110.4761904761904,157687.61904761902,0.042356565267616476,2,Balanced cardio and strength training routine for steady and sustainable fitness improvement.
0.12195121951219517,Female,58.2,1.85,196.0,130.0,57.0,0.5733333333333335,0.1894093686354379,HIIT,25.7,1.5,4.0,1.0,35.08,0.16149107210249064,0.08619169290150833,0.841269841269841,0.15405224897002867,0.17573051321397873,427.94117647058823,59483.82352941176,0.018950879320800484,3,"Beginner-friendly workouts focusing on light cardio, mobility, and building consistency."
0.12195121951219517,Female,78.7,1.68,191.0,132.0,70.0,0.52,0.6897488119484045,,21.1,3.5,2.0,2.0,20.39,0.41228708148031307,0.28952013918528424,0.5555555555555554,0.22522071558900425,0.4067233692934913,1030.46875,124686.71875,0.03474428208386277,2,Balanced cardio and strength training routine for steady and sustainable fitness improvement.
0.6097560975609757,Male,74.2,1.76,188.0,141.0,68.0,0.32,0.7623896809232857,Cardio,21.2,3.1,2.0,3.0,20.52,0.32168660521947295,0.4328165310106383,0.5396825396825395,0.3758219333383721,0.3734482988647564,1455.1020408163265,174612.24489795917,0.04263160789922438,9,High-intensity interval training with strength conditioning and proper recovery.
0.0,Male,56.1,2.0,180.0,120.0,57.0,0.36000000000000004,0.7861507128309573,HIIT,27.4,2.0,5.0,2.0,12.32,0.09278958735932707,0.41584424262354724,0.5873015873015872,0.16274909933741455,0.29774538599536404,1404.8076923076922,172791.34615384613,0.03427944604415192,2,Balanced cardio and strength training routine for steady and sustainable fitness improvement.
0.6585365853658538,Female,42.1,1.86,194.0,129.0,74.0,0.2733333333333334,0.5926680244399185,Strength,22.1,3.6,5.0,1.0,33.0,0.050003487535225766,0.3778800876008424,0.5396825396825395,0.15835584502811662,0.913661743557043,1292.3076923076922,155076.92307692306,0.09396778992978518,10,Balanced cardio and strength training routine for steady and sustainable fitness improvement.
0.0,Male,40.0,1.73,168.0,121.0,73.0,0.09333333333333332,0.5770536320434487,HIIT,29.9,3.1,2.0,3.0,18.62,0.07757356462433412,0.5497327850700737,0.1428571428571428,0.29972449262374434,0.8147065116610799,1801.5625,171148.4375,0.12109375,-1,General fitness improvement recommended.
0.0,Male,40.0,1.85,175.0,144.0,51.0,1.0,0.689069925322471,,32.7,2.0,4.0,2.0,21.16,0.03889930933855612,0.16416460842003625,0.603174603174603,0.5621084682077804,0.4750017830397262,659.0,81716.0,0.025,7,Endurance-focused training with longer cardio sessions and attention to pacing and recovery.
0.09756097560975613,Female,40.0,1.75,181.0,155.0,50.0,1.0,0.471826205023761,Strength,27.0,1.8,,1.0,12.82,0.07057136825401983,0.11017114349885601,0.714285714285714,0.6477546662346216,0.41323728692675277,499.0,65369.0,0.0225,8,Endurance-focused training with longer cardio sessions and attention to pacing and recovery.
0.2439024390243903,Female,107.7,1.99,188.0,129.0,55.0,1.0,0.5594025797691786,\tYoga,10.0,2.0,2.0,1.0,17.86,0.3964313034684213,0.13193725904520678,0.746031746031746,0.2126172094227452,0.08675142214387663,563.5,74945.5,0.009285051067780872,7,Endurance-focused training with longer cardio sessions and attention to pacing and recovery.
0.0,Female,40.0,1.8,196.0,120.0,70.0,1.0,0.45892735913102506,Cardio,10.0,2.6,4.0,1.0,20.06,0.05407567394608431,0.10696528151916093,0.6349206349206349,0.023599493459238507,0.6602952713786464,489.5,61677.0,0.0325,7,Endurance-focused training with longer cardio sessions and attention to pacing and recovery.
0.9512195121951221,Female,70.0,1.81,167.0,154.0,53.0,0.5333333333333334,0.5743380855397149,Yoga,26.6,1.5,3.0,3.0,12.32,0.2620439993450765,0.24004100167225248,0.4444444444444442,0.8160023389092119,0.1220618052513067,883.8461538461538,100758.46153846153,0.016483516483516484,10,Balanced cardio and strength training routine for steady and sustainable fitness improvement.
0.34146341463414637,Male,57.0,1.76,170.0,160.0,71.0,0.8800000000000001,0.40801086218601496,Strength,30.9,3.3,4.0,3.0,16.01,0.1936787945176653,0.10939609994332533,0.20634920634920628,0.8646360819288033,0.5725246716391579,496.7032967032967,49173.62637362637,0.031810294968189705,-1,General fitness improvement recommended.
0.0,Male,54.7,1.6,167.0,156.0,57.0,0.7533333333333332,0.5641547861507128,Yoga,22.7,3.4,4.0,2.0,15.86,0.26205133852449697,0.17655122270774412,0.38095238095238093,0.8466235845141399,0.6251787114314165,695.7055214723927,76527.6073619632,0.03813326454391494,-1,General fitness improvement recommended.
0.0,Male,97.5,2.0,169.0,159.0,68.0,0.4466666666666666,0.32518669382213167,Strength,24.8,1.8,2.0,1.0,42.88,0.3313913834261681,0.1673286485385477,0.23809523809523792,0.8637461153405641,0.08541034601943243,668.3760683760684,67505.9829059829,0.015779092702169626,6,Balanced cardio and strength training routine for steady and sustainable fitness improvement.
0.3170731707317073,Female,51.0,1.56,193.0,140.0,64.0,0.6066666666666667,0.7087576374745417,Cardio,28.6,3.5,2.0,2.0,25.42,0.25258610890076166,0.2641602182547806,0.6825396825396823,0.31289368702720854,0.705104807774333,955.3191489361702,123236.17021276595,0.04867195104992352,2,Balanced cardio and strength training routine for steady and sustainable fitness improvement.
0.3170731707317073,Female,71.0,1.81,199.0,158.0,68.0,0.9133333333333333,0.6279701289884589,Strength,29.6,2.7,2.0,2.0,14.52,0.26908081556852703,0.1633832190379884,0.714285714285714,0.4882472980122441,0.3271149613607758,656.6844919786096,86025.66844919785,0.020335919258868723,5,Endurance-focused training with longer cardio sessions and attention to pacing and recovery.
0.2439024390243903,Female,70.0,1.74,198.0,169.0,69.0,1.0,0.7909029192124915,Cardio,28.4,2.8,4.0,2.0,21.91,0.3024738507808417,0.1894740451018395,0.6825396825396823,0.6405487877031977,0.35147279081377936,734.0,94686.0,0.02,-1,General fitness improvement recommended.
0.12195121951219517,Male,57.8,1.87,172.0,142.0,54.0,0.6399999999999999,0.9762389680923285,,28.7,3.5,3.0,2.0,13.33,0.15051336997868353,0.344187511196194,0.5079365079365079,0.5690740385950543,0.6053697506138224,1192.4657534246576,140710.9589041096,0.04147509124520075,-1,General fitness improvement recommended.
0.7317073170731709,Male,67.3,1.61,173.0,139.0,59.0,0.23999999999999994,0.24168363883231497,Cardio,20.5,2.7,3.0,,18.23,0.36801167573825905,0.2003669127341939,0.4444444444444442,0.5125334048649979,0.3529411889383077,766.2790697674419,87355.81395348838,0.04664984968381769,10,Balanced cardio and strength training routine for steady and sustainable fitness improvement.
0.8292682926829269,Female,73.5,1.78,181.0,162.0,67.0,1.0,0.6938221317040054,Yoga,21.1,2.3,3.0,3.0,18.08,0.30425368095483424,0.16534571546518706,0.4444444444444442,0.7466392963787123,0.24391013091635624,662.5,75525.0,0.01564625850340136,5,Endurance-focused training with longer cardio sessions and attention to pacing and recovery.
0.0,Male,94.7,1.52,161.0,141.0,66.0,0.5999999999999999,0.7759674134419552,Yoga,16.7,2.6,3.0,2.0,22.4,0.7143893016915552,0.2903261242224726,0.1428571428571428,0.6974163349671461,0.19650717015440786,1032.857142857143,98121.42857142858,0.019610801025795748,6,Balanced cardio and strength training routine for steady and sustainable fitness improvement.
0.7073170731707319,Male,40.0,1.89,177.0,139.0,69.0,0.5333333333333334,0.40665308893414803,HIIT,26.7,3.3,3.0,3.0,26.2,0.02761544442240066,0.17592376207835098,0.3492063492063491,0.4661070324913199,0.8764710077740531,693.8461538461538,74935.38461538461,0.06346153846153846,10,Balanced cardio and strength training routine for steady and sustainable fitness improvement.
0.878048780487805,Female,63.5,1.51,192.0,147.0,70.0,0.48666666666666664,0.1513917175831636,Yoga,28.3,2.2,,3.0,17.05,0.4114937114218595,0.08609082634371379,0.5714285714285712,0.4157730897135514,0.2853312831652409,427.6422764227642,52172.35772357723,0.028167210805966326,10,Balanced cardio and strength training routine for steady and sustainable fitness improvement.
0.09756097560975613,Female,60.1,1.71,198.0,161.0,70.0,0.36000000000000004,0.1561439239646979,HIIT,10.3,3.4,5.0,1.0,26.74,0.24328928740373473,0.1147268421015806,0.6666666666666665,0.5372407469754608,0.5561897230218376,512.5,65600.0,0.054396518622808136,3,"Beginner-friendly workouts focusing on light cardio, mobility, and building consistency."
0.3170731707317073,Male,40.0,1.77,181.0,127.0,51.0,0.17333333333333328,0.7325186693822132,Cardio,15.3,2.6,4.0,,14.09,0.06380519087192837,0.5554218580084176,0.6984126984126982,0.25221614565825856,0.6602952713786464,1818.421052631579,236394.73684210525,0.08552631578947369,-1,General fitness improvement recommended.
0.7317073170731709,Male,55.5,1.5,183.0,133.0,51.0,0.15333333333333332,0.35777325186693826,Cardio,27.3,2.2,3.0,3.0,32.42,0.33811526656814833,0.32546546214390115,0.7301587301587298,0.3164409796004004,0.34702129559843,1136.986301369863,150082.19178082192,0.054300876218684443,-1,General fitness improvement recommended.
0.12195121951219517,Female,95.6,1.5,196.0,152.0,56.0,0.0,0.22810590631364563,Yoga,25.2,3.2,2.0,1.0,13.38,0.748976545034292,0.3730518258338523,0.8571428571428572,0.4410483110937671,0.2708429883566761,1278.0,178920.0,0.06694560669456068,2,Balanced cardio and strength training routine for steady and sustainable fitness improvement.
0.6097560975609757,Male,102.5,1.79,190.0,138.0,69.0,0.6933333333333334,0.36727766463000683,Cardio,19.7,3.7,4.0,2.0,17.07,0.5069484176621395,0.12672417247672108,0.5555555555555554,0.31526439104336323,0.303266354823166,548.051948051948,66314.28571428571,0.023439974659486856,10,Balanced cardio and strength training routine for steady and sustainable fitness improvement.
0.7804878048780488,Male,56.6,1.96,196.0,169.0,74.0,1.0,0.6761710794297353,Strength,24.8,1.6,3.0,2.0,20.69,0.10912157825944702,0.16095874644034117,0.5714285714285712,0.6628179954621105,0.2065553865063082,649.5,79239.0,0.014134275618374558,5,Endurance-focused training with longer cardio sessions and attention to pacing and recovery.
0.2926829268292683,Male,40.0,1.67,176.0,120.0,55.0,0.5933333333333333,0.955193482688391,Cardio,18.2,2.7,3.0,1.0,12.32,0.10011068212149898,0.35692661926881286,0.5555555555555554,0.201489614610316,0.6911775194351331,1230.2158273381297,148856.11510791368,0.048561151079136694,2,Balanced cardio and strength training routine for steady and sustainable fitness improvement.
0.17073170731707316,Female,74.9,1.66,192.0,138.0,58.0,0.8200000000000001,0.9932111337406653,HIIT,28.7,2.3,5.0,1.0,15.98,0.39607928599288106,0.2862604519825881,0.7619047619047619,0.295919620588013,0.2366848354209102,1020.8092485549133,136788.4393063584,0.017750063668706635,7,Endurance-focused training with longer cardio sessions and attention to pacing and recovery.
0.024390243902439046,Female,82.8,1.79,192.0,127.0,74.0,0.4533333333333333,0.5682281059063137,Cardio,10.0,2.4,4.0,3.0,21.95,0.36520806046229065,0.26779888711779737,0.5079365079365079,0.14943204721235492,0.21541187184027275,966.1016949152543,114000.0,0.024563989191844757,2,Balanced cardio and strength training routine for steady and sustainable fitness improvement.
0.5609756097560976,Female,73.3,1.71,196.0,158.0,56.0,0.5733333333333335,0.6320434487440598,Strength,30.1,3.2,4.0,3.0,25.83,0.3473567748054424,0.24797358227930935,0.8571428571428572,0.5193199644002413,0.39663755195505335,907.3529411764705,127029.41176470587,0.032100152475724265,-1,General fitness improvement recommended.
0.853658536585366,Male,55.3,1.98,177.0,169.0,51.0,0.21999999999999992,0.658520027155465,Strength,14.7,2.1,2.0,2.0,20.9,0.0946500704476047,0.4593519227026002,0.6349206349206349,0.8994755084254704,0.32645426074270156,1533.7349397590363,193250.60240963858,0.04575263077626964,10,Balanced cardio and strength training routine for steady and sustainable fitness improvement.
0.4146341463414634,Male,95.9,1.69,175.0,129.0,58.0,0.4799999999999999,0.9307535641547862,Cardio,27.5,2.1,3.0,3.0,24.01,0.5435338701399686,0.4048172434135057,0.49206349206349187,0.34294783894965275,0.1278582647405326,1372.1311475409836,160539.34426229508,0.017949024769654185,0,Balanced cardio and strength training routine for steady and sustainable fitness improvement.
0.3658536585365854,Male,89.6,1.62,175.0,137.0,56.0,0.39333333333333337,0.4093686354378819,Cardio,23.9,1.6,3.0,1.0,25.68,0.5565332031397201,0.22227259827701054,0.5238095238095237,0.4598335078873208,0.07794430802775432,831.1926605504586,98911.92660550457,0.0163826998689384,-1,General fitness improvement recommended.
0.3658536585365854,Male,42.7,1.82,196.0,145.0,68.0,0.49333333333333335,0.7691785471826205,Yoga,26.3,3.7,4.0,1.0,42.84,0.0666460968836779,0.3325784987014031,0.6666666666666665,0.34973138223621403,0.9277485578256904,1158.0645161290322,148232.25806451612,0.06987988214852307,2,Balanced cardio and strength training routine for steady and sustainable fitness improvement.
0.3658536585365854,Female,103.3,1.72,180.0,162.0,58.0,0.10666666666666669,0.5437881873727088,Yoga,22.6,3.2,2.0,1.0,12.42,0.574431472256294,0.5062561580428094,0.5714285714285712,0.7593530345400952,0.24002165745987578,1672.7272727272727,204072.72727272726,0.046935961747191175,6,Balanced cardio and strength training routine for steady and sustainable fitness improvement.
0.3658536585365854,Male,76.8,1.72,193.0,126.0,69.0,0.5066666666666666,0.33061778682959947,HIIT,31.8,3.3,4.0,1.0,25.47,0.3679303868095551,0.15336055894126438,0.603174603174603,0.12742096105746326,0.3881454603808573,626.984126984127,77746.03174603175,0.034102182539682536,-1,General fitness improvement recommended.
0.12195121951219517,Female,69.1,1.63,198.0,138.0,57.0,1.0,0.8458927359131023,Yoga,21.4,3.3,2.0,1.0,31.27,0.3690317595628341,0.20314114091001326,0.873015873015873,0.24023012988321746,0.44729267479801593,774.5,109204.5,0.023878437047756874,7,Endurance-focused training with longer cardio sessions and attention to pacing and recovery.
0.2926829268292683,Male,75.6,1.82,196.0,138.0,74.0,0.54,0.4222674813306178,Cardio,32.4,3.3,3.0,3.0,15.35,0.2956202601536238,0.18006125307788945,0.5714285714285712,0.25841445337866076,0.39657067686452185,706.1068702290077,86145.03816793894,0.033321216527323394,-1,General fitness improvement recommended.
0.0,Female,42.0,1.74,197.0,120.0,57.0,1.0,0.6334012219959266,Cardio,26.6,1.5,3.0,2.0,19.62,0.08927105594991913,0.1503287830339838,0.8571428571428572,0.015653132717464713,0.29853179414551645,618.0,86520.0,0.017857142857142856,7,Endurance-focused training with longer cardio sessions and attention to pacing and recovery.
0.9268292682926831,Male,62.9,1.5,194.0,153.0,74.0,0.9000000000000001,0.4670739986422267,Yoga,23.2,2.4,3.0,2.0,32.25,0.41393505361676336,0.12254768604920085,0.5396825396825395,0.47467015529757894,0.32869160941757924,535.6756756756756,64281.08108108107,0.020624758303613627,5,Endurance-focused training with longer cardio sessions and attention to pacing and recovery.
0.09756097560975613,Female,53.5,1.76,194.0,137.0,66.0,1.0,0.7413441955193483,Strength,13.1,2.3,5.0,2.0,17.16,0.16763069350276255,0.17715678591669523,0.6666666666666665,0.2637939484512708,0.38841604082527736,697.5,89280.0,0.021495327102803736,7,Endurance-focused training with longer cardio sessions and attention to pacing and recovery.
0.07317073170731708,Female,90.7,1.75,190.0,135.0,54.0,0.35333333333333333,0.5784114052953158,Cardio,28.0,2.3,3.0,2.0,12.66,0.452221327771759,0.3201919615718182,0.7936507936507935,0.27489269618002377,0.17060564453367197,1121.3592233009708,152504.85436893202,0.024619732180130804,2,Balanced cardio and strength training routine for steady and sustainable fitness improvement.
0.7804878048780488,Male,82.6,1.71,164.0,160.0,63.0,0.5533333333333335,0.48065173116089616,Yoga,22.4,3.6,5.0,2.0,12.32,0.42067705002028183,0.19829872888923913,0.23809523809523792,0.9526776546580367,0.3957398388753778,760.1503759398496,76775.18796992481,0.032769575269893866,10,Balanced cardio and strength training routine for steady and sustainable fitness improvement.
0.21951219512195125,Female,70.1,1.58,169.0,156.0,63.0,0.21333333333333332,0.33536999321113375,Cardio,28.1,3.4,3.0,1.0,24.04,0.4168139576941687,0.26977286274986306,0.3174603174603172,0.8183578193403602,0.45649886694311503,971.9512195121952,103026.82926829268,0.059148950975957695,6,Balanced cardio and strength training routine for steady and sustainable fitness improvement.
0.26829268292682934,Female,40.2,1.7,184.0,152.0,70.0,0.8800000000000001,0.2993890020366599,Strength,13.2,2.6,3.0,2.0,18.63,0.0901392539844309,0.07972936097564387,0.4444444444444442,0.570366694817507,0.6563005527245734,408.79120879120876,46602.1978021978,0.0355366027007818,8,Endurance-focused training with longer cardio sessions and attention to pacing and recovery.
0.024390243902439046,Female,76.4,1.79,189.0,132.0,57.0,0.6066666666666667,0.7542430414120842,HIIT,33.3,3.5,3.0,2.0,14.21,0.3191604317273144,0.2801955114716205,0.7301587301587298,0.24391970276635067,0.423261891007916,1002.8368794326242,132374.4680851064,0.032490438528090304,2,Balanced cardio and strength training routine for steady and sustainable fitness improvement.
0.5121951219512195,Male,78.5,1.59,197.0,153.0,71.0,0.9199999999999999,0.4792939579090291,Yoga,26.0,3.7,5.0,1.0,16.24,0.4852950033844213,0.12289407166911284,0.6349206349206349,0.4439619766990843,0.4395953839940726,536.7021276595744,67624.46808510637,0.02507114785201247,-1,General fitness improvement recommended.
0.0,,72.1,1.79,194.0,169.0,71.0,0.9266666666666665,0.2803801765105227,\nStrength,16.7,3.2,2.0,2.0,12.32,0.28822218117100223,0.06962069436443391,0.5873015873015872,0.6855463621438873,0.40561309808617774,378.83597883597884,46596.8253968254,0.023482963843574112,8,Endurance-focused training with longer cardio sessions and attention to pacing and recovery.
0.1951219512195122,Male,61.0,1.97,172.0,140.0,74.0,0.9933333333333334,0.6754921928038018,Cardio,21.8,2.6,,2.0,24.27,0.13181892930904815,0.16189057461164105,0.19047619047619024,0.5393429454786416,0.3838738379550114,652.2613065326633,63921.608040201005,0.021418568251091525,8,Endurance-focused training with longer cardio sessions and attention to pacing and recovery.
0.04878048780487804,Female,82.6,1.6,174.0,149.0,63.0,1.0,0.3204344874405974,HIIT,22.9,3.3,2.0,2.0,15.06,0.5132964362850971,0.07254444763190854,0.39682539682539675,0.6476734801671795,0.3508745874615956,387.5,43012.5,0.019975786924939468,8,Endurance-focused training with longer cardio sessions and attention to pacing and recovery.
0.39024390243902446,Male,91.2,1.5,193.0,165.0,61.0,0.4199999999999999,0.40868974881194836,Strength,24.0,3.4,4.0,1.0,24.8,0.7038945094918723,0.2120449858028506,0.7301587301587298,0.6440949834017538,0.3178815736295306,800.8849557522125,105716.81415929204,0.03299177146405838,0,Balanced cardio and strength training routine for steady and sustainable fitness improvement.
0.12195121951219517,Male,46.7,1.65,164.0,159.0,68.0,0.8733333333333333,0.8553971486761709,Yoga,15.8,2.5,4.0,2.0,19.8,0.16490846021574485,0.23318712447138337,0.1587301587301586,0.9370869594872349,0.5186469301859385,863.5359116022099,82899.44751381215,0.0295763483857229,8,Endurance-focused training with longer cardio sessions and attention to pacing and recovery.
0.2439024390243903,Female,74.2,1.5,191.0,129.0,72.0,0.8466666666666667,0.3699932111337407,Strength,17.3,1.5,3.0,2.0,24.11,0.5297139176234325,0.10345437171505242,0.5238095238095237,0.18506039085583947,0.10707850430745872,479.0960451977401,57012.42937853107,0.011421261821005984,7,Endurance-focused training with longer cardio sessions and attention to pacing and recovery.
0.0,Female,64.0,1.51,176.0,129.0,74.0,0.4533333333333333,0.4677528852681602,Strength,26.7,3.4,5.0,3.0,14.98,0.41654904093145256,0.22547350148043152,0.25396825396825395,0.33223885365635786,0.5136045931103345,840.677966101695,85749.15254237289,0.045021186440677964,3,"Beginner-friendly workouts focusing on light cardio, mobility, and building consistency."
0.7073170731707319,Male,40.0,1.73,170.0,160.0,66.0,0.5133333333333334,0.6422267481330617,Cardio,22.8,3.6,2.0,1.0,26.91,0.07757356462433412,0.2736581472491246,0.2857142857142856,0.8646360819288033,0.9691177519435134,983.4645669291339,102280.31496062993,0.07086614173228346,10,Balanced cardio and strength training routine for steady and sustainable fitness improvement.
0.024390243902439046,Male,40.0,1.59,187.0,152.0,73.0,0.6799999999999999,0.4378818737270876,Yoga,27.1,1.6,3.0,,13.85,0.13422005589761732,0.15224697191934156,0.4444444444444442,0.5364811290289335,0.35147279081377936,623.6842105263158,71100.0,0.02631578947368421,-1,General fitness improvement recommended.
0.5121951219512195,Male,70.7,1.58,189.0,163.0,66.0,0.7933333333333332,0.5723014256619143,Yoga,21.9,3.2,3.0,1.0,21.17,0.42235473167982335,0.1706122747747142,0.5873015873015872,0.663301153815854,0.41646965801045854,678.1065088757397,83407.10059171598,0.02678205267694986,5,Endurance-focused training with longer cardio sessions and attention to pacing and recovery.
0.4634146341463415,Female,40.0,1.59,190.0,161.0,70.0,0.4399999999999999,0.24915139171758316,,24.5,3.3,4.0,2.0,,0.13422005589761732,0.13669077853234088,0.5396825396825395,0.6247807183289642,0.8764710077740531,577.5862068965517,69310.3448275862,0.0711206896551724,-1,General fitness improvement recommended.
0.5609756097560976,Male,77.0,1.5,190.0,146.0,56.0,0.5333333333333334,0.5186693822131703,Strength,27.5,3.3,4.0,2.0,26.26,0.5584024856958811,0.21875511646294107,0.7619047619047619,0.42292224401226775,0.38676678859262126,820.7692307692307,109983.07692307692,0.03296703296703297,-1,General fitness improvement recommended.
0.12195121951219517,Male,117.8,1.88,168.0,167.0,55.0,0.5666666666666667,0.6490156143923964,Strength,32.3,1.6,3.0,2.0,14.24,0.5378236839763835,0.2564909337378044,0.4285714285714284,0.9998209471983186,0.02513813562944453,932.5925925925925,105382.96296296295,0.010060994780858958,6,Balanced cardio and strength training routine for steady and sustainable fitness improvement.
0.3170731707317073,Female,76.2,1.64,169.0,137.0,72.0,0.15999999999999998,0.613713509843856,Strength,23.3,2.7,,3.0,40.63,0.42259836971895076,0.49220226936937567,0.17460317460317443,0.5308986113390688,0.2950579754664966,1631.081081081081,158214.86486486485,0.047882528197488824,1,High-intensity interval training with strength conditioning and proper recovery.
0.7804878048780488,Female,57.3,1.72,197.0,133.0,56.0,1.0,0.4392396469789545,Yoga,11.1,3.2,2.0,3.0,22.6,0.2159767578959173,0.10207212376067898,0.873015873015873,0.18438085913446622,0.5472220490007946,475.0,66975.0,0.02792321116928447,5,Endurance-focused training with longer cardio sessions and attention to pacing and recovery.
0.09756097560975613,Female,103.1,1.72,168.0,166.0,59.0,0.38000000000000006,0.45824847250509165,HIIT,23.1,1.9,2.0,2.0,16.79,0.5728729734982052,0.25022300078593845,0.3650793650793649,0.9846014590553929,0.08500481922260023,914.018691588785,99628.03738317757,0.01722309344887914,6,Balanced cardio and strength training routine for steady and sustainable fitness improvement.
0.26829268292682934,Female,77.4,1.69,179.0,132.0,74.0,0.4066666666666667,0.27766463000678887,Yoga,27.0,3.5,2.0,3.0,16.23,0.3942091608691238,0.1582393120725486,0.3015873015873014,0.34368245558403765,0.4159504560066507,641.4414414414414,67351.35135135135,0.04073841283143608,3,"Beginner-friendly workouts focusing on light cardio, mobility, and building consistency."
0.0,Male,84.1,1.78,194.0,145.0,64.0,1.0,0.26001357773251865,Cardio,30.3,3.3,3.0,3.0,14.46,0.38137939881692634,0.057527515200705294,0.6984126984126982,0.369232051874425,0.34207224919373114,343.0,44590.0,0.019619500594530322,7,Endurance-focused training with longer cardio sessions and attention to pacing and recovery.
0.26829268292682934,Male,40.0,1.86,180.0,169.0,63.0,0.5066666666666666,0.46367956551255934,Yoga,25.3,1.5,3.0,1.0,19.92,0.03600997423245739,0.2058542053924118,0.49206349206349187,0.8587870237405419,0.3205905427572926,782.5396825396825,91557.14285714286,0.02976190476190476,6,Balanced cardio and strength training routine for steady and sustainable fitness improvement.
0.5853658536585367,Male,66.0,1.6,196.0,159.0,52.0,0.9533333333333334,0.5016972165648337,Strength,16.4,3.5,4.0,2.0,17.81,0.3638101057178584,0.12397199902420822,0.9206349206349205,0.5323652399513201,0.5124348109869827,539.8963730569949,77745.07772020726,0.02747684094834354,5,Endurance-focused training with longer cardio sessions and attention to pacing and recovery.
0.8048780487804879,Female,84.6,1.77,197.0,141.0,55.0,0.6266666666666667,0.16293279022403256,HIIT,23.4,2.9,5.0,3.0,24.89,0.3919924256646868,0.0690292480927692,0.8888888888888888,0.2882133061603136,0.28080135790910055,377.08333333333337,53545.833333333336,0.023804833201996323,10,Balanced cardio and strength training routine for steady and sustainable fitness improvement.
0.8048780487804879,Male,100.7,1.75,185.0,138.0,73.0,0.6666666666666667,0.2715546503733876,Strength,25.5,1.8,4.0,3.0,15.9,0.5274974539093802,0.09993488244088228,0.41269841269841256,0.3654562279004876,0.07816336213512046,468.6666666666667,52490.66666666667,0.011916583912611717,10,Balanced cardio and strength training routine for steady and sustainable fitness improvement.
0.07317073170731708,Female,57.4,1.74,179.0,161.0,73.0,1.0,0.10454854039375422,HIIT,27.7,2.5,3.0,1.0,24.67,0.20653259310692657,0.018888441866485688,0.3174603174603172,0.7579246133065691,0.39537508073380234,228.5,24221.0,0.02177700348432056,8,Endurance-focused training with longer cardio sessions and attention to pacing and recovery.
0.07317073170731708,Male,69.5,1.54,167.0,158.0,72.0,0.52,0.5030549898167005,Yoga,27.9,2.9,2.0,,14.68,0.44504676641074975,0.21701914869053532,0.1428571428571428,0.8772448301190678,0.37280153767293556,815.625,77484.375,0.03259892086330935,6,Balanced cardio and strength training routine for steady and sustainable fitness improvement.
0.1951219512195122,Female,42.2,1.91,174.0,127.0,72.0,0.7666666666666666,0.1031907671418873,Strength,23.6,2.9,3.0,2.0,24.27,0.036139881211575464,0.034835943484777455,0.25396825396825395,0.3243905596140031,0.7062527400503847,275.75757575757575,28127.272727272728,0.04164871463449662,8,Endurance-focused training with longer cardio sessions and attention to pacing and recovery.
0.0,Male,61.3,1.6,191.0,135.0,67.0,0.39333333333333337,0.20773930753564152,,13.7,1.6,2.0,3.0,14.7,0.3214856627259292,0.13032271822201896,0.603174603174603,0.265381040322169,0.1797815977036543,558.7155963302752,69280.73394495412,0.02394600176601763,3,"Beginner-friendly workouts focusing on light cardio, mobility, and building consistency."
0.0,Male,66.6,1.62,192.0,156.0,58.0,0.5333333333333334,0.6429056347589952,Cardio,21.3,3.2,5.0,1.0,12.58,0.35449608475766375,0.26625898223494104,0.7619047619047619,0.5356265588390898,0.4508895172899168,961.5384615384615,128846.15384615384,0.03696003696003696,2,Balanced cardio and strength training routine for steady and sustainable fitness improvement.
0.4634146341463415,Female,94.4,1.7,193.0,127.0,70.0,0.5133333333333334,0.5974202308214529,HIIT,16.4,3.4,4.0,1.0,19.3,0.5224885961044443,0.256120899784568,0.5873015873015872,0.14066901291244505,0.30227056509666483,931.496062992126,114574.0157480315,0.028359802482316825,-1,General fitness improvement recommended.
0.6585365853658538,Male,111.9,1.73,177.0,129.0,54.0,0.27999999999999997,0.6544467073998641,Strength,18.3,2.6,4.0,1.0,12.32,0.6313953595294701,0.40651897080266,0.5873015873015872,0.32165087384660307,0.1443768217200562,1377.1739130434783,169392.39130434784,0.025255468780355127,10,Balanced cardio and strength training routine for steady and sustainable fitness improvement.
0.8048780487804879,Male,61.1,1.82,165.0,163.0,57.0,0.4599999999999999,0.5892735913102511,Yoga,31.7,2.5,4.0,3.0,45.75,0.19470459549057773,0.27385017720608307,0.3492063492063491,0.9840480231229227,0.36279459697524086,984.0336134453783,106275.63025210085,0.03438363888927093,10,Balanced cardio and strength training routine for steady and sustainable fitness improvement.
0.0,Female,96.0,1.82,198.0,144.0,58.0,0.4599999999999999,0.013577732518669394,Yoga,23.8,1.8,3.0,1.0,12.32,0.4375981607830128,0.033375081338641636,0.8571428571428572,0.31771116042902015,0.08897368233364239,271.42857142857144,38000.0,0.015756302521008403,3,"Beginner-friendly workouts focusing on light cardio, mobility, and building consistency."
0.21951219512195125,Female,89.7,1.67,172.0,130.0,64.0,0.6399999999999999,0.2892057026476578,Yoga,27.7,3.4,4.0,2.0,17.56,0.5109356265058189,0.1102774662465604,0.3492063492063491,0.39068747989657826,0.32558265643420525,499.3150684931507,53926.02739726027,0.02596172935660726,4,"Beginner-friendly workouts focusing on light cardio, mobility, and building consistency."
0.39024390243902446,Female,61.0,1.69,190.0,159.0,63.0,0.3266666666666666,0.5003394433129666,Cardio,23.6,3.6,5.0,3.0,18.07,0.2618348240019965,0.29628157223821966,0.6507936507936507,0.5978662550867382,0.586380382587711,1050.5050505050506,133414.14141414143,0.05961251862891207,-1,General fitness improvement recommended.
0.3170731707317073,Female,75.6,1.57,163.0,152.0,71.0,0.3066666666666666,0.24779361846571624,\tYoga,25.8,2.3,4.0,1.0,26.35,0.47652618067431424,0.17659435399043297,0.09523809523809512,0.8424906556594869,0.23317253899951282,695.8333333333334,64016.66666666667,0.031690917107583774,6,Balanced cardio and strength training routine for steady and sustainable fitness improvement.
0.024390243902439046,Female,90.6,1.85,187.0,131.0,68.0,0.78,0.2063815342837746,HIIT,27.5,3.3,2.0,2.0,19.15,0.3797313530668575,0.06443633468294763,0.5238095238095237,0.24934554524154717,0.30729685981906985,363.4730538922156,43253.293413173655,0.021810683269223145,-1,General fitness improvement recommended.
0.7073170731707319,Female,90.8,1.67,186.0,120.0,74.0,0.6199999999999999,0.13781398506449422,Strength,32.0,2.7,3.0,3.0,18.39,0.5200283315123129,0.06118764912084299,0.41269841269841256,0.10776256153071606,0.2246787150928736,353.84615384615387,39630.769230769234,0.020794183789778507,-1,General fitness improvement recommended.
0.3658536585365854,Female,129.9,1.69,168.0,152.0,74.0,0.74,0.3441955193482688,Strength,27.5,3.5,,2.0,23.37,0.8179684709620618,0.11155661245510212,0.12698412698412698,0.7715286250544358,0.1901909041200104,503.1055900621118,47291.92546583851,0.01673528132007899,-1,General fitness improvement recommended.
0.024390243902439046,Female,40.0,1.77,179.0,139.0,74.0,0.4799999999999999,0.5906313645621182,Yoga,27.7,1.6,3.0,3.0,19.2,0.06380519087192837,0.26623770486068143,0.3015873015873014,0.4436719419308557,0.35147279081377936,961.4754098360656,100954.9180327869,0.03278688524590164,1,High-intensity interval training with strength conditioning and proper recovery.
0.21951219512195125,Male,112.6,1.79,174.0,167.0,60.0,0.12666666666666665,0.6646300067888662,Strength,28.6,1.5,2.0,1.0,22.96,0.5796173317595239,0.5687683547483261,0.4444444444444442,0.9121776878925059,0.021915870168358248,1857.9710144927537,211808.69565217392,0.019306510155224346,6,Balanced cardio and strength training routine for steady and sustainable fitness improvement.
0.7560975609756098,Male,54.2,1.64,182.0,147.0,64.0,0.3,0.41479972844534957,,19.0,3.2,2.0,2.0,23.01,0.23403021837591748,0.26645025463091687,0.5079365079365079,0.523333895339035,0.5866792852366153,962.1052631578948,113528.42105263159,0.06214798990095164,10,Balanced cardio and strength training routine for steady and sustainable fitness improvement.
0.4634146341463415,,69.4,1.61,173.0,169.0,66.0,0.39333333333333337,0.4378818737270876,Strength,28.3,1.5,2.0,1.0,12.32,0.38668840835747037,0.23527561161812047,0.33333333333333326,0.9559219611675678,0.12435032095742757,869.7247706422017,93060.55045871559,0.01982920445231737,6,Balanced cardio and strength training routine for steady and sustainable fitness improvement.
0.1951219512195122,Male,43.2,1.8,185.0,149.0,52.0,0.9133333333333333,0.48608282416836385,Cardio,23.5,2.1,4.0,2.0,27.59,0.07684437876548827,0.1256671957474581,0.746031746031746,0.5174865743227923,0.4578449785639003,544.9197860962566,72474.33155080213,0.025995246583481877,7,Endurance-focused training with longer cardio sessions and attention to pacing and recovery.
0.6585365853658538,,68.7,1.7,179.0,126.0,74.0,0.36666666666666664,0.5824847250509164,Cardio,22.9,3.1,4.0,3.0,24.13,0.3174816202283494,0.3149124341419386,0.3015873015873014,0.2579771815724794,0.41476566601542886,1105.7142857142858,116100.0,0.04297497747279406,9,High-intensity interval training with strength conditioning and proper recovery.
0.0,Female,61.1,1.74,191.0,159.0,69.0,0.5733333333333335,0.6843177189409368,HIIT,15.6,3.4,2.0,2.0,16.61,0.23470581956672704,0.2670797256567491,0.5714285714285712,0.586663638187487,0.5447521959987304,963.970588235294,117604.41176470587,0.0409165302782324,-1,General fitness improvement recommended.
0.48780487804878053,Male,85.5,1.77,175.0,156.0,50.0,0.4199999999999999,0.3143245078071962,HIIT,14.6,3.4,2.0,1.0,16.38,0.3986150380259756,0.17053452328048305,0.6190476190476188,0.7374369716142826,0.3485832237441665,677.8761061946904,84734.51327433629,0.0351912228949956,-1,General fitness improvement recommended.
0.0,Female,50.1,1.8,174.0,125.0,50.0,0.5866666666666667,0.5987780040733197,HIIT,30.8,3.4,3.0,2.0,29.04,0.12593939853232794,0.23155373461106368,0.603174603174603,0.2950012032000777,0.695677328034182,858.6956521739131,106478.26086956523,0.04917700830223611,2,Balanced cardio and strength training routine for steady and sustainable fitness improvement.
0.6585365853658538,Male,129.9,1.75,197.0,154.0,73.0,0.98,0.30821452817379497,Cardio,23.5,2.4,5.0,1.0,36.13,0.7473037422312339,0.07145241609995256,0.603174603174603,0.4569410325773151,0.08558590685400472,384.26395939086296,47648.73096446701,0.009378553592572185,-1,General fitness improvement recommended.
0.7073170731707319,Female,93.3,1.73,184.0,123.0,62.0,0.6333333333333333,0.471826205023761,Yoga,15.1,1.7,4.0,2.0,12.32,0.4881257436012986,0.17404401611789877,0.5714285714285712,0.16738111746787032,0.08243644332918781,688.2758620689656,83969.6551724138,0.012566064234763648,10,Balanced cardio and strength training routine for steady and sustainable fitness improvement.
0.6585365853658538,Female,73.7,1.7,190.0,167.0,67.0,0.4066666666666667,0.5410726408689748,Yoga,29.1,1.8,2.0,1.0,15.88,0.35736624588517724,0.27619800795891086,0.5873015873015872,0.7055241080556427,0.15905585312668716,990.9909909909909,121891.89189189188,0.022003007077633942,-1,General fitness improvement recommended.
0.0,Male,86.1,2.0,180.0,158.0,72.0,0.5133333333333334,0.5906313645621182,HIIT,19.7,3.5,2.0,3.0,13.06,0.26568943958167557,0.253463741077817,0.3492063492063491,0.70253361213984,0.359507196812215,923.6220472440945,99751.1811023622,0.03200819409768901,6,Balanced cardio and strength training routine for steady and sustainable fitness improvement.
0.0,Female,40.0,1.77,189.0,137.0,74.0,0.06666666666666665,0.35709436524100474,Cardio,24.7,2.6,4.0,1.0,16.35,0.06380519087192837,0.408035091647367,0.46031746031746024,0.3115618722904643,0.6602952713786464,1381.6666666666667,158891.6666666667,0.10833333333333334,-1,General fitness improvement recommended.
0.6829268292682928,Female,40.8,1.71,191.0,162.0,52.0,0.2866666666666667,0.40733197556008144,Yoga,14.2,1.9,2.0,,39.04,0.09113000658154086,0.26944097923711974,0.841269841269841,0.6268239629206516,0.4326143837465092,970.9677419354838,134964.51612903224,0.05007379295804343,10,Balanced cardio and strength training routine for steady and sustainable fitness improvement.
0.6097560975609757,Male,56.4,1.8,174.0,161.0,74.0,0.35333333333333333,0.016293279022403268,Strength,10.0,3.2,3.0,1.0,21.21,0.17076528614552938,0.04891411597268449,0.2222222222222221,0.8240096186507304,0.5582305366671372,317.4757281553398,31747.572815533982,0.05508503752668182,10,Balanced cardio and strength training routine for steady and sustainable fitness improvement.
0.6585365853658538,Female,60.7,1.63,170.0,139.0,74.0,0.4533333333333333,0.7148676171079429,\tCardio,10.0,3.3,3.0,3.0,12.32,0.29614688076083556,0.32957107156152055,0.1587301587301586,0.5487869397626786,0.528931244225683,1149.1525423728815,110318.64406779662,0.046072655181079496,-1,General fitness improvement recommended.
0.6097560975609757,Female,40.0,1.69,187.0,162.0,66.0,0.26666666666666666,0.39579090291921243,Strength,28.0,2.2,2.0,1.0,26.48,0.0923310999648213,0.2739888158881869,0.5555555555555554,0.6732123594038795,0.5367662791526996,984.4444444444445,119117.77777777778,0.061111111111111116,-1,General fitness improvement recommended.
0.26829268292682934,Female,84.4,1.67,184.0,160.0,74.0,0.52,0.7956551255940256,Yoga,10.0,2.1,5.0,2.0,17.62,0.4671253205654387,0.3306479737932145,0.38095238095238093,0.6815351299484411,0.16471568882289297,1152.34375,126757.8125,0.019438684834123223,6,Balanced cardio and strength training routine for steady and sustainable fitness improvement.
0.0,Female,67.5,1.71,185.0,166.0,58.0,0.8733333333333333,0.5831636116768499,Cardio,10.6,3.5,3.0,2.0,37.91,0.3016301515531769,0.15842407394171046,0.6507936507936507,0.7524425642481725,0.4978775223408274,641.988950276243,81532.59668508287,0.028647431962349087,8,Endurance-focused training with longer cardio sessions and attention to pacing and recovery.
0.07317073170731708,Female,62.1,1.68,173.0,158.0,71.0,0.48666666666666664,0.5994568906992532,Yoga,26.4,3.5,4.0,1.0,15.6,0.27669857302930273,0.2671664708964524,0.25396825396825395,0.7933461571899589,0.5535749745522044,964.2276422764228,98351.21951219512,0.0458217142557899,6,Balanced cardio and strength training routine for steady and sustainable fitness improvement.
0.1951219512195122,Female,80.6,1.86,195.0,127.0,53.0,1.0,0.17718940936863542,Strength,23.1,1.5,3.0,2.0,29.21,0.30655123141931323,0.03694250669950532,0.8888888888888888,0.123412576137238,0.08724948734289564,282.0,40044.0,0.009305210918114145,7,Endurance-focused training with longer cardio sessions and attention to pacing and recovery.
0.3658536585365854,Male,60.8,1.78,189.0,147.0,73.0,0.36000000000000004,0.4399185336048879,Cardio,27.3,3.3,4.0,2.0,,0.211848339742705,0.2503594643194492,0.47619047619047605,0.44684621133869107,0.527826681031085,914.4230769230769,106073.07692307692,0.052188765182186236,-1,General fitness improvement recommended.
0.07317073170731708,Male,62.3,1.91,198.0,141.0,51.0,0.6466666666666667,0.7406653088934148,Yoga,22.7,1.8,3.0,2.0,17.4,0.16315712414786937,0.2617913126165938,0.9682539682539679,0.2789706451561187,0.2142624174263714,948.2993197278912,139400.0,0.01965473187669932,2,Balanced cardio and strength training routine for steady and sustainable fitness improvement.
0.7560975609756098,Female,97.4,1.67,171.0,132.0,72.0,0.98,0.5349626612355736,Cardio,30.4,3.6,3.0,1.0,12.32,0.574584561551277,0.12866630342125396,0.20634920634920628,0.4318937317596765,0.3139321525192411,553.8071065989848,54826.90355329949,0.018761921637707294,5,Endurance-focused training with longer cardio sessions and attention to pacing and recovery.
0.024390243902439046,Male,51.4,1.78,167.0,154.0,70.0,1.0,0.6211812627291242,Yoga,29.8,2.1,3.0,2.0,13.61,0.1434538352234913,0.14729165063216743,0.17460317460317443,0.8160023389092119,0.36204725707436625,609.0,59073.0,0.020428015564202335,8,Endurance-focused training with longer cardio sessions and attention to pacing and recovery.
0.3170731707317073,Male,79.1,1.74,192.0,167.0,74.0,0.2866666666666667,0.5797691785471826,Cardio,18.7,1.9,2.0,3.0,13.83,0.3717647591008915,0.3616072432826828,0.5079365079365079,0.6821141322147479,0.15407627226308815,1244.0860215053763,146802.15053763438,0.02582820167747373,-1,General fitness improvement recommended.
0.6097560975609757,Male,57.5,2.0,172.0,126.0,64.0,0.5999999999999999,0.29327902240325865,Cardio,16.9,2.1,3.0,1.0,20.98,0.10085824712970332,0.1189450815485478,0.3492063492063491,0.331225293663753,0.30850618482214565,525.0,56700.0,0.026086956521739132,-1,General fitness improvement recommended.
0.6097560975609757,Female,70.6,1.71,193.0,148.0,54.0,0.52,0.286490156143924,Cardio,27.1,3.6,3.0,1.0,22.55,0.3260702432914568,0.13291799971662666,0.841269841269841,0.41887810186706265,0.48724970011595325,566.40625,78730.46875,0.039837110481586405,10,Balanced cardio and strength training routine for steady and sustainable fitness improvement.
0.0,Female,72.5,1.79,173.0,140.0,67.0,0.56,0.9002036659877799,Strength,27.3,2.7,5.0,1.0,19.58,0.29110015796693817,0.35201855069291493,0.3174603174603172,0.5273130234084169,0.3173958274411044,1215.6716417910447,128861.19402985074,0.027792074112197633,1,High-intensity interval training with strength conditioning and proper recovery.
0.6341463414634148,Female,68.0,1.66,182.0,146.0,68.0,0.21333333333333332,0.6619144602851323,HIIT,20.7,3.0,5.0,1.0,16.02,0.3383539760623538,0.4677214650904706,0.4444444444444442,0.5092851370532574,0.4023376699656398,1558.5365853658539,177673.17073170733,0.053802008608321385,9,High-intensity interval training with strength conditioning and proper recovery.
0.07317073170731708,Female,121.6,1.78,182.0,151.0,50.0,0.8733333333333333,0.6374745417515275,Yoga,21.0,3.5,4.0,2.0,16.63,0.6542298157818747,0.17333939574314147,0.7301587301587298,0.5795289284821443,0.21290901992875352,686.1878453038673,90576.79558011048,0.015902151788310556,7,Endurance-focused training with longer cardio sessions and attention to pacing and recovery.
0.6341463414634148,Male,55.1,1.9,196.0,165.0,55.0,0.5066666666666666,0.4059742023082145,,26.9,2.6,3.0,1.0,22.13,0.12133322962971832,0.18308910361512848,0.873015873015873,0.6106368932577944,0.44025224802153795,715.0793650793651,100826.19047619047,0.037449946705845075,10,Balanced cardio and strength training routine for steady and sustainable fitness improvement.
0.9756097560975612,Female,51.2,1.72,165.0,139.0,70.0,0.1933333333333333,0.888662593346911,Yoga,20.6,2.1,3.0,3.0,36.29,0.16844254577421525,0.6303665679162933,0.1428571428571428,0.6121390765030701,0.3640187040867271,2040.506329113924,193848.10126582277,0.05191851265822785,10,Balanced cardio and strength training routine for steady and sustainable fitness improvement.
0.4146341463414634,Female,60.8,1.64,161.0,127.0,74.0,0.7133333333333334,0.5627970128988458,Yoga,20.7,3.7,3.0,3.0,19.54,0.2906006637788275,0.1850935243411163,0.015873015873015817,0.47507946470527784,0.6090957548639448,721.0191082802547,62728.66242038216,0.038761314113308756,-1,General fitness improvement recommended.
0.0,Male,49.8,1.96,199.0,162.0,74.0,0.76,0.47046843177189407,Strength,,2.3,4.0,2.0,14.35,0.06831500477923147,0.14672373156516114,0.6190476190476188,0.5396417504345852,0.42787224785311995,607.3170731707318,75914.63414634147,0.028161426192575178,-1,General fitness improvement recommended.
0.1951219512195122,Female,64.7,1.75,172.0,157.0,52.0,0.5666666666666667,0.6042090970807874,Yoga,23.5,1.6,3.0,2.0,18.21,0.25650339981394404,0.23999293056744378,0.5396825396825395,0.7920572369681489,0.1628381009849765,883.7037037037037,106044.44444444444,0.018318163604098686,6,Balanced cardio and strength training routine for steady and sustainable fitness improvement.
0.14634146341463422,Female,58.5,1.87,183.0,128.0,74.0,0.5733333333333335,0.49626612355736593,HIIT,24.8,3.3,4.0,1.0,24.49,0.15512812005468013,0.1983472358444011,0.3650793650793649,0.24658103402631593,0.5541870344666151,760.2941176470588,82872.05882352941,0.04147812971342382,-1,General fitness improvement recommended.
0.5121951219512195,Female,67.8,1.59,164.0,158.0,74.0,0.7666666666666666,0.7270875763747453,Strength,25.9,2.6,5.0,2.0,25.0,0.3877235244725043,0.2227904672066132,0.06349206349206327,0.9214962643164335,0.3310668215965138,832.7272727272727,74945.45454545454,0.023241262179315277,-1,General fitness improvement recommended.
0.09756097560975613,Male,43.3,1.69,176.0,158.0,53.0,0.54,0.1337406653088934,,23.7,1.5,2.0,2.0,13.83,0.11896739945637741,0.07058022926347343,0.5873015873015872,0.7535419572491597,0.28528635618001574,381.6793893129771,46946.564885496184,0.026444299490506498,6,Balanced cardio and strength training routine for steady and sustainable fitness improvement.
0.0,Male,71.5,1.69,186.0,124.0,60.0,0.6866666666666668,0.31228784792939573,Yoga,16.9,2.5,2.0,1.0,15.8,0.3465866860205841,0.11006747957519197,0.6349206349206349,0.16274909933741455,0.28927637514756843,498.6928104575163,62835.294117647056,0.022852964029434618,3,"Beginner-friendly workouts focusing on light cardio, mobility, and building consistency."
0.7804878048780488,Male,41.1,1.51,169.0,152.0,63.0,1.0,0.5200271554650373,Strength,24.9,1.5,4.0,2.0,31.59,0.18501494939208846,0.12215094352824288,0.3174603174603172,0.7578400913400882,0.3081925599608928,534.5,56657.0,0.01824817518248175,5,Endurance-focused training with longer cardio sessions and attention to pacing and recovery.
0.2439024390243903,Male,73.2,1.76,171.0,159.0,61.0,0.47333333333333333,0.4548540393754243,HIIT,26.4,2.0,4.0,1.0,12.32,0.3142442906437864,0.2131408087031378,0.38095238095238093,0.8356106803930694,0.19486772963115825,804.1322314049587,88454.54545454546,0.02258049948064851,6,Balanced cardio and strength training routine for steady and sustainable fitness improvement.
0.5609756097560976,Female,117.7,1.67,189.0,123.0,58.0,1.0,0.638153428377461,Yoga,26.2,3.2,2.0,1.0,17.26,0.7423862993983934,0.15150989007913462,0.714285714285714,0.1221637976229466,0.1932045492872477,621.5,81416.5,0.013593882752761258,-1,General fitness improvement recommended.
0.3170731707317073,Male,63.8,1.74,199.0,140.0,55.0,0.6666666666666667,0.2973523421588595,HIIT,28.1,1.6,3.0,2.0,25.22,0.2552646604968517,0.10848384772006914,0.9206349206349205,0.25697226211170743,0.16714739802521925,494.0,71136.0,0.01671891327063741,3,"Beginner-friendly workouts focusing on light cardio, mobility, and building consistency."
0.3170731707317073,Male,62.1,1.71,172.0,169.0,55.0,0.6799999999999999,0.37406653088934144,HIIT,27.4,3.7,3.0,3.0,,0.25905708852520554,0.13137778728697747,0.49206349206349187,0.970443795666625,0.5933588689889022,561.8421052631579,65735.52631578948,0.03919823713874057,6,Balanced cardio and strength training routine for steady and sustainable fitness improvement.
0.0,Male,52.0,1.66,199.0,137.0,74.0,1.0,0.6863543788187372,Cardio,26.7,3.3,3.0,1.0,20.41,0.20449818491910238,0.1634896901085215,0.6190476190476188,0.21842642279495128,0.6412908110361929,657.0,82125.0,0.03173076923076923,7,Endurance-focused training with longer cardio sessions and attention to pacing and recovery.
0.17073170731707316,Female,73.3,1.5,185.0,169.0,67.0,0.5866666666666667,0.08825526137135098,Strength,30.6,1.5,4.0,1.0,22.55,0.5204925921715737,0.04766294828530488,0.5079365079365079,0.7939053859997096,0.11014466411861454,313.768115942029,37024.637681159424,0.014828874784981318,8,Endurance-focused training with longer cardio sessions and attention to pacing and recovery.
0.0,Male,50.0,1.83,163.0,140.0,64.0,0.6066666666666667,0.45213849287169044,Yoga,19.0,1.9,3.0,2.0,14.29,0.1136591899845002,0.1736924445836541,0.20634920634920628,0.654254532370298,0.32676699236858997,687.2340425531916,68036.17021276597,0.02695035460992908,-1,General fitness improvement recommended.
0.39024390243902446,Male,90.0,1.74,194.0,167.0,57.0,0.5733333333333335,0.31296673455532925,Cardio,25.0,2.6,4.0,2.0,13.77,0.4547615613743579,0.13135166815727486,0.8095238095238093,0.6591868362880988,0.21421835500717182,561.7647058823529,76961.76470588235,0.021241830065359478,0,Balanced cardio and strength training routine for steady and sustainable fitness improvement.
0.5121951219512195,Male,109.6,1.84,199.0,152.0,74.0,0.5133333333333334,0.33061778682959947,HIIT,26.7,3.5,2.0,2.0,19.77,0.5157579712795197,0.15169456260925382,0.6190476190476188,0.4111556193787318,0.2518380927045303,622.0472440944882,77755.90551181103,0.025145123282947296,-1,General fitness improvement recommended.
0.0,Male,43.5,1.77,161.0,136.0,57.0,1.0,0.10115410726408691,Cardio,24.4,3.3,5.0,1.0,21.96,0.08955979449916285,0.018044793977092237,0.2857142857142856,0.6180103098736218,0.7944733146585541,226.0,23504.0,0.03793103448275862,8,Endurance-focused training with longer cardio sessions and attention to pacing and recovery.
0.04878048780487804,Male,115.4,1.73,187.0,154.0,63.0,0.4133333333333334,0.39035980991174474,Yoga,30.7,3.5,3.0,1.0,27.02,0.6583546958600401,0.206322898664297,0.603174603174603,0.5638273751039224,0.23201147770792432,783.9285714285713,97207.14285714284,0.02707972270363951,-1,General fitness improvement recommended.
0.0,Male,54.6,1.66,189.0,142.0,64.0,0.4599999999999999,0.14935505770536323,HIIT,34.7,2.6,2.0,1.0,18.88,0.22624975097988076,0.09009090583567969,0.6190476190476188,0.37920404181457745,0.4455901182240245,439.4957983193278,54936.97478991597,0.040016006402561026,3,"Beginner-friendly workouts focusing on light cardio, mobility, and building consistency."
0.1951219512195122,Female,71.2,2.0,169.0,159.0,52.0,0.6133333333333333,0.30278343516632716,Strength,29.8,3.5,4.0,2.0,27.16,0.17981584631124253,0.11977684707330188,0.49206349206349187,0.8637461153405641,0.46459203650383174,527.4647887323944,61713.380281690144,0.03461781927520177,-1,General fitness improvement recommended.
0.853658536585366,Female,46.4,1.7,169.0,120.0,72.0,0.6599999999999999,0.7549219280380177,Yoga,21.9,3.4,4.0,2.0,14.08,0.13959618979889737,0.2622519814179975,0.17460317460317443,0.27369826733791314,0.7625261614966712,949.6644295302013,92117.44966442953,0.0491784309187688,10,Balanced cardio and strength training routine for steady and sustainable fitness improvement.
0.0,Female,69.9,1.78,160.0,143.0,74.0,1.0,0.42566191446028506,HIIT,19.6,2.0,3.0,3.0,12.32,0.27806004092619924,0.0986975322031052,0.0,0.7433725719900233,0.21080172098280123,465.0,39990.0,0.014306151645207437,-1,General fitness improvement recommended.
0.04878048780487804,Male,64.9,1.69,187.0,128.0,54.0,0.12000000000000005,0.6788866259334692,Cardio,10.0,3.3,4.0,3.0,14.87,0.2933140870374719,0.5884103188227803,0.746031746031746,0.20832617612906312,0.4854703417029419,1916.1764705882351,254851.47058823527,0.0747756729810568,2,Balanced cardio and strength training routine for steady and sustainable fitness improvement.
0.6097560975609757,Female,47.6,1.65,198.0,140.0,61.0,1.0,0.2640868974881195,Cardio,22.0,3.5,3.0,2.0,22.14,0.1725293903412478,0.05853989266797741,0.8095238095238093,0.26605714006515147,0.7656582353360716,346.0,47402.0,0.03676470588235294,5,Endurance-focused training with longer cardio sessions and attention to pacing and recovery.
0.12195121951219517,Male,48.9,1.7,168.0,156.0,65.0,0.5999999999999999,1.0,Yoga,32.5,2.1,,2.0,21.36,0.15953850262731134,0.3698700680795685,0.26984126984126977,0.8324065776261378,0.3878494265612975,1268.5714285714287,130662.85714285716,0.030674846625766874,6,Balanced cardio and strength training routine for steady and sustainable fitness improvement.
0.48780487804878053,,78.6,1.98,194.0,136.0,69.0,0.5333333333333334,0.8737270875763747,Strength,27.2,2.3,4.0,2.0,25.52,0.23166216298172443,0.3545175306637933,0.6190476190476188,0.25061418552337633,0.21882842766021818,1223.076923076923,152884.61538461538,0.022509297318457622,9,High-intensity interval training with strength conditioning and proper recovery.
0.8048780487804879,Female,72.2,1.91,184.0,140.0,70.0,0.5933333333333333,0.44602851323828924,HIIT,21.0,1.5,3.0,2.0,17.41,0.2257178557433575,0.17484434098245855,0.4444444444444442,0.40361404212110563,0.11399600243481237,690.6474820143885,78733.8129496403,0.014946491560214433,10,Balanced cardio and strength training routine for steady and sustainable fitness improvement.
0.878048780487805,Female,79.8,1.94,163.0,120.0,63.0,0.6866666666666668,0.3557365919891378,Yoga,25.3,3.3,4.0,2.0,12.32,0.25826865657360343,0.12418341811667699,0.2222222222222221,0.34052766022164893,0.3681910002879676,540.5228758169934,54052.28758169934,0.027028355201729814,10,Balanced cardio and strength training routine for steady and sustainable fitness improvement.
0.12195121951219517,Female,52.4,1.86,166.0,130.0,59.0,0.6866666666666668,0.39171758316361166,Yoga,21.6,1.5,4.0,2.0,12.32,0.11863833849642319,0.1358731797213443,0.33333333333333326,0.4605376384230899,0.21097034927434363,575.1633986928105,61542.48366013072,0.01870977398593025,-1,General fitness improvement recommended.
0.5853658536585367,,67.7,1.82,199.0,125.0,55.0,0.17333333333333328,0.635437881873727,Cardio,15.0,3.4,2.0,2.0,21.78,0.24063862216479176,0.49192625370143767,0.9206349206349205,0.06424306552792713,0.4777387621880115,1630.2631578947369,234757.8947368421,0.06608100754100908,-1,General fitness improvement recommended.
0.39024390243902446,Female,88.8,1.56,198.0,160.0,53.0,0.4533333333333333,0.5315682281059062,Cardio,32.6,3.4,4.0,2.0,30.43,0.610662725929294,0.2523558410068666,0.9365079365079363,0.5243272418844938,0.33032818854086954,920.3389830508476,133449.1525423729,0.032447701939227365,0,Balanced cardio and strength training routine for steady and sustainable fitness improvement.
0.26829268292682934,Female,101.5,1.9,175.0,165.0,74.0,0.6399999999999999,0.5600814663951119,Yoga,26.3,2.7,2.0,1.0,25.74,0.41764174830439876,0.2025008930597064,0.23809523809523792,0.8689333491691587,0.18595611157507227,772.6027397260274,78032.87671232877,0.018219852891558135,6,Balanced cardio and strength training routine for steady and sustainable fitness improvement.
0.5609756097560976,Female,66.2,1.83,196.0,126.0,74.0,0.7333333333333334,0.46843177189409363,Yoga,20.2,2.5,5.0,1.0,24.37,0.22517750369953293,0.1512146133178469,0.5714285714285712,0.10187114676571274,0.3238560372647761,620.625,75716.25,0.023602719033232626,-1,General fitness improvement recommended.
0.4634146341463415,Female,77.5,1.5,175.0,142.0,70.0,0.72,0.5689069925322472,Yoga,21.2,1.8,3.0,,12.32,0.5635254442802471,0.185475794851347,0.3015873015873014,0.5328870509733634,0.14426286837025568,722.1518987341772,75825.9493670886,0.014699877501020826,-1,General fitness improvement recommended.
0.2926829268292683,Female,119.6,1.72,191.0,150.0,74.0,0.8466666666666667,0.4772572980312288,Yoga,13.1,2.2,4.0,3.0,13.32,0.7014491210405143,0.13357784437588038,0.49206349206349187,0.4661826639879929,0.08458406513497793,568.361581920904,66498.30508474576,0.010392456965780474,-1,General fitness improvement recommended.
0.48780487804878053,Male,40.0,1.5,172.0,169.0,59.0,0.6799999999999999,0.5458248472505092,HIIT,24.9,2.8,3.0,1.0,36.71,0.17930355045280594,0.18754697571238288,0.4285714285714284,0.970443795666625,0.7220597674916197,728.2894736842105,82296.71052631579,0.046052631578947366,10,Balanced cardio and strength training routine for steady and sustainable fitness improvement.
0.0,Male,82.3,1.74,198.0,155.0,55.0,0.5866666666666667,0.7230142566191446,Strength,26.0,3.3,2.0,3.0,17.15,0.3961307927958542,0.27630375309193317,0.9047619047619047,0.4597597164296583,0.35267355866044714,991.304347826087,141756.52173913043,0.02905594590311163,2,Balanced cardio and strength training routine for steady and sustainable fitness improvement.
0.878048780487805,Male,71.2,1.7,190.0,120.0,58.0,0.47333333333333333,0.27494908350305497,,14.4,3.1,4.0,2.0,12.46,0.3374239330567634,0.13923446467362974,0.7301587301587298,0.07303422186332731,0.39519372626453586,585.1239669421487,77236.36363636363,0.03598291391958399,10,Balanced cardio and strength training routine for steady and sustainable fitness improvement.
0.39024390243902446,Male,53.0,1.92,199.0,134.0,68.0,0.4133333333333334,0.33061778682959947,Strength,19.8,3.5,4.0,3.0,16.18,0.10090827602212876,0.17980825071193174,0.714285714285714,0.17988058347819535,0.6731143177417163,705.3571428571428,92401.78571428571,0.05896226415094339,2,Balanced cardio and strength training routine for steady and sustainable fitness improvement.
0.9268292682926831,Female,45.7,1.96,192.0,153.0,71.0,1.0,0.38357094365241,Yoga,11.4,2.0,4.0,2.0,21.34,0.04371104135733678,0.08823629837462654,0.5555555555555554,0.4956754024639105,0.3979651029863458,434.0,52514.0,0.02188183807439825,5,Endurance-focused training with longer cardio sessions and attention to pacing and recovery.
0.0,Female,79.6,1.75,168.0,125.0,54.0,0.5066666666666666,0.2572980312287848,HIIT,25.1,2.4,3.0,2.0,12.32,0.3686648277589995,0.12443548844777497,0.4444444444444442,0.3606024451954466,0.22980604470179158,541.2698412698413,61704.76190476191,0.023929169657812874,3,"Beginner-friendly workouts focusing on light cardio, mobility, and building consistency."
0.5853658536585367,Female,105.3,1.67,175.0,143.0,74.0,0.4000000000000001,0.5512559402579769,Strength,25.4,3.3,3.0,1.0,12.32,0.6398867156888246,0.2838398962936295,0.23809523809523792,0.5474977595905721,0.24448471777478273,1013.6363636363635,102377.27272727272,0.02849002849002849,-1,General fitness improvement recommended.
0.3170731707317073,Male,84.5,1.56,194.0,124.0,70.0,0.54,0.2926001357773252,Strength,23.6,3.3,2.0,2.0,21.57,0.5699291425107045,0.130859192963646,0.603174603174603,0.09245703038864517,0.3397777382953464,560.3053435114504,69477.86259541985,0.02981164460906093,-1,General fitness improvement recommended.
0.7804878048780488,Male,98.6,1.54,187.0,126.0,57.0,0.14666666666666667,0.4324507807196198,Strength,23.5,1.6,3.0,1.0,12.32,0.7279154738752094,0.3823507003480556,0.6984126984126982,0.1809799300540742,0.057809547631609726,1305.5555555555557,169722.22222222225,0.022537750732476904,10,Balanced cardio and strength training routine for steady and sustainable fitness improvement.
0.21951219512195125,Male,55.4,1.72,186.0,153.0,74.0,1.0,0.6639511201629327,\nStrength,10.9,2.4,4.0,2.0,14.56,0.2011710196940757,0.15792161403852478,0.41269841269841256,0.5614014984359801,0.3925004705422527,640.5,71736.0,0.021660649819494584,8,Endurance-focused training with longer cardio sessions and attention to pacing and recovery.
0.5609756097560976,Female,40.0,1.77,168.0,154.0,74.0,0.4266666666666666,0.22063815342837745,HIIT,19.9,3.4,5.0,1.0,24.52,0.06380519087192837,0.1276775772457782,0.12698412698412698,0.8019676013402863,0.9073532558305398,550.8771929824562,51782.456140350885,0.07456140350877193,10,Balanced cardio and strength training routine for steady and sustainable fitness improvement.
0.1951219512195122,Female,63.9,1.75,199.0,121.0,72.0,1.0,0.22742701968771212,HIIT,23.6,3.4,4.0,2.0,23.96,0.2504813097229343,0.04942849546252825,0.6507936507936507,0.012848613105585382,0.5146315849275495,319.0,40513.0,0.026604068857589983,7,Endurance-focused training with longer cardio sessions and attention to pacing and recovery.
0.3170731707317073,Female,40.0,2.0,192.0,134.0,55.0,0.6266666666666667,0.5519348268839104,Strength,12.0,2.6,2.0,2.0,21.2,0.0,0.20330987048789192,0.8095238095238093,0.24265141208777363,0.6602952713786464,775.0,106175.0,0.045138888888888895,2,Balanced cardio and strength training routine for steady and sustainable fitness improvement.
0.21951219512195125,Male,91.9,1.5,185.0,154.0,60.0,0.38666666666666666,0.3543788187372709,HIIT,28.8,3.2,5.0,2.0,21.07,0.7110666515099846,0.19956032431280993,0.6190476190476188,0.5865912772420216,0.2874904183441921,763.8888888888888,95486.1111111111,0.03224116390601701,-1,General fitness improvement recommended.
0.04878048780487804,Female,42.4,1.69,198.0,129.0,58.0,0.18,0.493550577053632,HIIT,28.1,1.5,,1.0,20.39,0.11170295414049847,0.3931854279318963,0.8571428571428572,0.12400858406451332,0.29436976610555865,1337.6623376623377,187272.72727272726,0.045944621416319525,2,Balanced cardio and strength training routine for steady and sustainable fitness improvement.
0.07317073170731708,Male,76.8,1.52,191.0,140.0,66.0,0.38666666666666666,0.27087576374745415,Cardio,21.0,3.6,3.0,2.0,25.59,0.5357819982070191,0.16112747601821986,0.6190476190476188,0.3323149148774436,0.4363989729691178,650.0,81250.0,0.043402777777777776,3,"Beginner-friendly workouts focusing on light cardio, mobility, and building consistency."
0.7073170731707319,Female,70.7,1.66,195.0,169.0,60.0,0.49999999999999994,0.4955872369314324,\tYoga,16.7,3.5,4.0,2.0,14.61,0.3609421408177775,0.22065527109382108,0.7777777777777777,0.6741239009397124,0.4688864863948773,826.4,111564.0,0.0396039603960396,-1,General fitness improvement recommended.
0.3658536585365854,Male,40.0,1.88,196.0,162.0,58.0,0.7266666666666668,0.5621181262729125,Yoga,30.4,2.6,3.0,1.0,21.91,0.030369009806369973,0.18182072613541747,0.8253968253968251,0.5715010666045575,0.6602952713786464,711.3207547169811,98162.26415094339,0.040880503144654086,2,Balanced cardio and strength training routine for steady and sustainable fitness improvement.
0.6097560975609757,Male,46.8,1.67,178.0,141.0,64.0,0.35333333333333333,0.746775288526816,Cardio,26.1,3.2,3.0,1.0,14.13,0.15632013125255279,0.401444263152235,0.4444444444444442,0.48355538873211446,0.701999503796808,1362.135922330097,155283.49514563105,0.06638453240394988,10,Balanced cardio and strength training routine for steady and sustainable fitness improvement.
0.6341463414634148,Female,73.4,1.59,199.0,152.0,72.0,0.2933333333333333,0.2837746096401901,Cardio,23.0,2.2,4.0,1.0,33.25,0.4387889713796758,0.20061737722387032,0.6507936507936507,0.4111556193787318,0.2276072073283613,767.0212765957448,97411.70212765959,0.03188590642935822,-1,General fitness improvement recommended.
0.09756097560975613,Male,63.4,1.83,196.0,169.0,71.0,0.7733333333333332,0.11065852002715548,Cardio,28.0,3.4,2.0,3.0,24.61,0.2059027334277988,0.036511534765646496,0.6190476190476188,0.6628179954621105,0.5198151398409371,280.72289156626505,35090.36144578313,0.03230587967009996,8,Endurance-focused training with longer cardio sessions and attention to pacing and recovery.
0.14634146341463422,Female,48.3,1.73,193.0,136.0,62.0,0.9866666666666666,0.7474541751527495,Strength,22.0,3.5,3.0,1.0,13.22,0.1415057050653999,0.18106824431297394,0.714285714285714,0.25990147960728116,0.7524944467356937,709.0909090909091,92890.90909090909,0.03659786268481921,7,Endurance-focused training with longer cardio sessions and attention to pacing and recovery.
0.6585365853658538,Female,80.5,1.89,183.0,134.0,74.0,0.3466666666666666,0.6843177189409368,HIIT,24.6,1.9,4.0,1.0,12.32,0.2889908824002518,0.37551329261702376,0.3650793650793649,0.3304129687152173,0.14891593399607775,1285.2941176470588,140097.0588235294,0.023139690658872242,9,High-intensity interval training with strength conditioning and proper recovery.
0.4146341463414634,Female,42.9,1.51,163.0,131.0,74.0,1.0,0.1513917175831636,Cardio,15.3,3.3,5.0,,13.74,0.2032141356266236,0.030530782740115163,0.04761904761904745,0.5130774399034057,0.8075798390326598,263.0,23407.0,0.038461538461538464,8,Endurance-focused training with longer cardio sessions and attention to pacing and recovery.
0.0,Male,74.6,1.88,177.0,166.0,53.0,1.0,0.47997284453496264,Cardio,18.0,2.2,5.0,1.0,30.5,0.256049366185322,0.11219589843340028,0.603174603174603,0.8561386608320554,0.22165143705353504,505.0,62620.0,0.01474530831099196,8,Endurance-focused training with longer cardio sessions and attention to pacing and recovery.
0.07317073170731708,Male,66.7,1.93,175.0,166.0,63.0,0.5066666666666666,0.438560760353021,Yoga,27.8,3.4,2.0,2.0,13.53,0.18227150788120983,0.19594469050112376,0.41269841269841256,0.8835440577863674,0.4870398407528993,753.1746031746031,84355.55555555555,0.040455962494943,6,Balanced cardio and strength training routine for steady and sustainable fitness improvement.
0.3170731707317073,Female,55.0,1.6,172.0,164.0,53.0,0.9000000000000001,0.7182620502376103,Strength,20.6,3.4,4.0,1.0,16.04,0.26475289871547114,0.19003951720067616,0.5238095238095237,0.8961160628755933,0.6209905920340268,735.6756756756756,87545.4054054054,0.03341523341523341,8,Endurance-focused training with longer cardio sessions and attention to pacing and recovery.
0.6829268292682928,Male,65.7,1.75,192.0,135.0,59.0,0.54,0.3923964697895452,Strength,10.0,2.7,2.0,1.0,31.78,0.26403101242770616,0.1687267470829852,0.746031746031746,0.2559684642128335,0.36501021461936256,672.5190839694657,89445.03816793894,0.03137090871065565,10,Balanced cardio and strength training routine for steady and sustainable fitness improvement.
0.853658536585366,Female,84.7,1.61,193.0,158.0,72.0,1.0,0.11880515953835707,Yoga,25.6,2.4,3.0,1.0,18.57,0.5227617460117242,0.02243176300193813,0.5555555555555554,0.551358620416881,0.2073799403778461,239.0,28919.0,0.014167650531286893,10,Balanced cardio and strength training routine for steady and sustainable fitness improvement.
0.0,,80.4,1.97,172.0,137.0,74.0,0.7466666666666668,0.21317040054310932,Strength,22.4,3.4,3.0,1.0,16.91,0.2470587665671949,0.07030513533290123,0.19047619047619024,0.4947463058040227,0.379743107442603,380.86419753086415,37324.691358024684,0.026104047662919964,-1,General fitness improvement recommended.
0.0,Female,63.4,1.85,191.0,148.0,69.0,0.25999999999999995,0.5451459606245757,Strength,21.4,2.3,5.0,3.0,15.64,0.1965172900350433,0.3611383801328447,0.5714285714285712,0.4394091141658829,0.305490389922102,1242.6966292134832,151608.98876404495,0.04076135115017899,2,Balanced cardio and strength training routine for steady and sustainable fitness improvement.
0.7317073170731709,Female,61.8,1.71,172.0,140.0,62.0,0.5800000000000001,0.6537678207739308,Cardio,28.6,3.6,4.0,1.0,23.64,0.2566919183569849,0.2536208431619388,0.38095238095238093,0.5393429454786416,0.5769431843912357,924.0875912408759,101649.63503649634,0.04252001984267592,-1,General fitness improvement recommended.
0.853658536585366,,64.4,1.58,198.0,158.0,74.0,0.8800000000000001,0.5709436524100475,Yoga,27.2,3.0,2.0,1.0,18.33,0.36417660483045106,0.1538962083948475,0.603174603174603,0.49850023170255975,0.43280243786937167,628.5714285714286,77942.85714285714,0.025595522489932427,5,Endurance-focused training with longer cardio sessions and attention to pacing and recovery.
0.17073170731707316,Male,44.2,1.9,174.0,159.0,50.0,0.4000000000000001,0.6720977596741344,Yoga,25.7,2.5,4.0,2.0,19.26,0.05172627157898518,0.33844692331618675,0.603174603174603,0.7946202622368053,0.55605021685313,1175.4545454545453,145756.36363636362,0.05141916906622788,6,Balanced cardio and strength training routine for steady and sustainable fitness improvement.
0.0,Female,43.1,1.75,183.0,138.0,53.0,0.9666666666666666,0.09097080787508488,Cardio,19.1,3.6,2.0,2.0,18.14,0.09390696735668236,0.017404486861039785,0.6984126984126982,0.38630092517448444,0.8891535087160441,224.10256410256412,29133.333333333336,0.042834195966446546,8,Endurance-focused training with longer cardio sessions and attention to pacing and recovery.
0.0,Male,92.1,1.59,171.0,150.0,54.0,0.4466666666666666,0.45145960624575693,Yoga,21.8,2.4,5.0,2.0,25.66,0.6093110887304092,0.22097600150510502,0.49206349206349187,0.7010383641819384,0.17925647591897406,827.3504273504274,96800.0,0.02227233497591804,6,Balanced cardio and strength training routine for steady and sustainable fitness improvement.
0.3170731707317073,Male,58.7,1.66,183.0,149.0,74.0,0.4333333333333333,0.7230142566191446,Cardio,23.1,2.3,4.0,1.0,12.32,0.2605502974603389,0.3432086987551348,0.3650793650793649,0.5399928054374703,0.3413716125738382,1189.5652173913045,129662.60869565219,0.034071550255536626,0,Balanced cardio and strength training routine for steady and sustainable fitness improvement.
1.0,Female,44.5,1.84,183.0,154.0,71.0,0.52,0.32858112695179903,Cardio,26.5,1.7,2.0,2.0,20.22,0.07247739552042681,0.1492636775736246,0.41269841269841256,0.6098527510115548,0.3292653315372046,614.84375,68862.5,0.029845505617977528,-1,General fitness improvement recommended.
0.6341463414634148,Female,84.8,2.0,196.0,155.0,70.0,0.7733333333333332,0.7712152070604208,HIIT,12.1,1.7,2.0,1.0,14.34,0.2581971126520405,0.2343113893150003,0.6349206349206349,0.4801841377470044,0.10499749028747982,866.8674698795181,109225.30120481929,0.012076608320072743,9,High-intensity interval training with strength conditioning and proper recovery.
0.9512195121951221,Female,80.0,1.79,167.0,127.0,54.0,0.34,0.006109979633401236,Yoga,24.3,2.6,4.0,2.0,13.16,0.34506222289073846,0.04602383328711473,0.4285714285714284,0.402615523242684,0.2588260466443193,308.91089108910893,34906.930693069306,0.03217821782178218,10,Balanced cardio and strength training routine for steady and sustainable fitness improvement.
0.04878048780487804,Male,87.1,1.91,186.0,150.0,51.0,0.5933333333333333,0.7657841140529531,Yoga,27.0,2.8,3.0,3.0,21.51,0.31987491642747584,0.289192011746289,0.7777777777777777,0.5201615950809559,0.2544649484687189,1029.4964028776978,138982.01438848922,0.023127307568411404,2,Balanced cardio and strength training routine for steady and sustainable fitness improvement.
0.21951219512195125,Male,56.4,1.76,198.0,129.0,71.0,0.8600000000000001,0.1255940257976918,HIIT,22.9,3.3,4.0,1.0,17.49,0.18921340577225337,0.033779062770114936,0.6507936507936507,0.12400858406451332,0.5801328402532979,272.6256983240223,34623.463687150834,0.03268750742897896,-1,General fitness improvement recommended.
0.34146341463414637,Male,58.4,2.0,179.0,139.0,60.0,0.47333333333333333,0.7304820095044127,Strength,23.3,3.2,4.0,2.0,22.61,0.10604524269637378,0.32637090559362947,0.5238095238095237,0.4436719419308557,0.5342280121891527,1139.6694214876034,135620.6611570248,0.045284727725574556,-1,General fitness improvement recommended.
0.5853658536585367,Female,68.5,1.75,187.0,167.0,54.0,0.5333333333333334,0.27494908350305497,Cardio,15.4,1.6,4.0,1.0,33.91,0.2851083277462401,0.12556447268071172,0.746031746031746,0.741577974591352,0.14589169426256862,544.6153846153846,72433.84615384616,0.017967434025828188,-1,General fitness improvement recommended.
0.902439024390244,Female,67.1,1.58,199.0,122.0,71.0,0.9066666666666667,0.44602851323828924,Strength,21.7,1.5,4.0,2.0,28.07,0.38911008776589623,0.11595149226360332,0.6666666666666665,0.025697226211170765,0.1335021100454917,516.1290322580645,66064.51612903226,0.012018652949377434,10,Balanced cardio and strength training routine for steady and sustainable fitness improvement.
0.3170731707317073,Female,55.7,1.8,168.0,167.0,64.0,0.6866666666666668,0.2016293279022403,HIIT,34.4,2.8,4.0,3.0,25.27,0.16578463196628485,0.0741159486023473,0.2857142857142856,0.9998209471983186,0.47832841658261516,392.156862745098,40784.313725490196,0.03285575151664495,6,Balanced cardio and strength training routine for steady and sustainable fitness improvement.
0.5121951219512195,Female,63.2,1.74,181.0,157.0,54.0,0.7466666666666668,0.405295315682281,Strength,13.9,2.1,5.0,1.0,15.32,0.2506960291790463,0.1292563335300232,0.6507936507936507,0.6760074177043616,0.2678170808886128,555.5555555555555,70555.55555555555,0.02051101734646038,5,Endurance-focused training with longer cardio sessions and attention to pacing and recovery.
0.5365853658536586,Female,64.6,1.55,198.0,133.0,74.0,0.5933333333333333,0.0,Strength,21.4,1.5,2.0,2.0,16.91,0.38933952154959645,0.015340265203612265,0.603174603174603,0.17566260442838177,0.14418884720243827,217.9856115107914,27030.215827338132,0.01670490233200437,-1,General fitness improvement recommended.
0.1951219512195122,Female,56.7,1.73,168.0,144.0,71.0,0.12000000000000005,0.5607603530210454,Strength,25.5,3.4,3.0,1.0,19.65,0.20620811225876762,0.5020604760260399,0.17460317460317443,0.6497727199110312,0.5980950468980328,1660.2941176470588,161048.5294117647,0.08818342151675485,1,High-intensity interval training with strength conditioning and proper recovery.
0.7317073170731709,Male,56.0,1.7,164.0,132.0,50.0,1.0,0.5736591989137814,HIIT,26.6,3.1,2.0,2.0,19.44,0.21617467106000676,0.13548058018065925,0.4444444444444442,0.5161381898755879,0.5411780288750548,574.0,65436.0,0.02767857142857143,5,Endurance-focused training with longer cardio sessions and attention to pacing and recovery.
0.878048780487805,Female,74.9,1.69,195.0,153.0,62.0,0.4000000000000001,0.7372708757637474,Yoga,14.4,3.1,3.0,1.0,18.71,0.37403014610279334,0.367897904182285,0.746031746031746,0.46432911053876946,0.3686250140334034,1262.7272727272725,167942.72727272724,0.03762592547639276,9,High-intensity interval training with strength conditioning and proper recovery.
1.0,Male,70.2,1.77,172.0,124.0,68.0,0.6466666666666667,0.5200271554650373,Cardio,21.4,3.5,4.0,1.0,40.19,0.28603062788406525,0.1871829958675139,0.2857142857142856,0.3014942005473402,0.47324211078579526,727.2108843537416,75629.93197278913,0.03391670058336725,10,Balanced cardio and strength training routine for steady and sustainable fitness improvement.
0.12195121951219517,Male,96.5,1.8,187.0,155.0,68.0,0.27999999999999997,0.7888662593346911,Yoga,29.3,3.2,3.0,1.0,12.32,0.45608561841368483,0.47914604997653004,0.5238095238095237,0.5775004981414171,0.26698664069033384,1592.391304347826,189494.5652173913,0.036044154088758724,-1,General fitness improvement recommended.
0.2926829268292683,Male,56.6,2.0,184.0,125.0,52.0,0.5266666666666666,0.4175152749490835,Cardio,28.9,3.3,2.0,1.0,23.89,0.09567125156303291,0.18192437747768608,0.7301587301587298,0.19517322625060385,0.577578861389894,711.6279069767442,93934.88372093023,0.04519681157038376,2,Balanced cardio and strength training routine for steady and sustainable fitness improvement.
0.48780487804878053,Female,40.0,1.88,164.0,154.0,70.0,0.7533333333333332,0.547182620502376,Yoga,20.7,1.7,2.0,2.0,12.64,0.030369009806369973,0.171375468785085,0.12698412698412698,0.8591334836332263,0.382355038870266,680.3680981595093,63954.60122699387,0.02607361963190184,-1,General fitness improvement recommended.
0.7317073170731709,Female,81.9,1.8,180.0,165.0,67.0,0.49999999999999994,0.7515274949083504,Cardio,24.0,3.5,4.0,2.0,18.28,0.35220340267515443,0.32243295247024584,0.4285714285714284,0.8019676013402863,0.38525849808925194,1128.0,127464.0,0.034188034188034185,10,Balanced cardio and strength training routine for steady and sustainable fitness improvement.
0.7073170731707319,Male,121.4,1.61,164.0,155.0,74.0,0.2933333333333333,0.428377460964019,Strength,24.7,2.5,2.0,1.0,30.03,0.8491598827379405,0.2770841859220844,0.06349206349206327,0.8747241788040281,0.11174107278714782,993.6170212765958,89425.53191489363,0.021907532686038768,10,Balanced cardio and strength training routine for steady and sustainable fitness improvement.
0.07317073170731708,Female,70.5,1.84,173.0,127.0,66.0,0.3133333333333333,0.4820095044127631,Cardio,26.7,1.6,5.0,3.0,25.59,0.2495172568067005,0.2941977101184225,0.33333333333333326,0.3351779823439698,0.13770630781285012,1044.3298969072166,111743.29896907217,0.023396943774219494,1,High-intensity interval training with strength conditioning and proper recovery.
0.12195121951219517,Female,70.5,1.65,192.0,162.0,50.0,0.08666666666666667,0.5994568906992532,Cardio,27.1,2.6,2.0,2.0,20.02,0.366439723534601,0.5770592767255259,0.8888888888888888,0.6155288715894489,0.31292473650213637,1882.5396825396824,267320.6349206349,0.05853878194303727,2,Balanced cardio and strength training routine for steady and sustainable fitness improvement.
0.6829268292682928,Male,54.8,1.69,194.0,148.0,74.0,0.013333333333333364,0.36863543788187375,Yoga,16.5,3.5,3.0,3.0,22.85,0.21179086738149716,0.49079911279658,0.5396825396825395,0.4087713406581075,0.6463193634990685,1626.923076923077,195230.76923076922,0.12282425603593487,10,Balanced cardio and strength training routine for steady and sustainable fitness improvement.
0.5853658536585367,Male,72.0,1.9,184.0,147.0,67.0,0.6533333333333333,0.505091649694501,Yoga,15.6,3.4,3.0,1.0,24.6,0.22925594440562563,0.18050857617996105,0.49206349206349187,0.5008864228606731,0.44068817408807426,707.4324324324324,82769.59459459459,0.03190690690690691,-1,General fitness improvement recommended.
0.26829268292682934,Male,56.3,1.81,189.0,166.0,65.0,0.5933333333333333,0.517990495587237,Strength,14.3,2.9,3.0,1.0,22.34,0.16563961708380343,0.2005786363135966,0.603174603174603,0.7038864555303221,0.4936518085090076,766.9064748201439,95096.40287769784,0.037057387837509746,-1,General fitness improvement recommended.
0.7073170731707319,Female,51.4,1.88,176.0,125.0,58.0,0.25333333333333335,0.5634758995247793,Yoga,24.0,3.3,3.0,3.0,14.3,0.10472612144567783,0.3762576878135474,0.5079365079365079,0.2741280807470059,0.6504417914540085,1287.5,151925.0,0.07295719844357976,10,Balanced cardio and strength training routine for steady and sustainable fitness improvement.
0.6097560975609757,Male,42.6,1.62,189.0,169.0,74.0,0.3333333333333333,0.6177868295994569,Strength,13.6,3.5,2.0,,21.81,0.1436747438372571,0.35111698070962283,0.46031746031746024,0.7444717572447903,0.8722663824518085,1213.0,139495.0,0.08215962441314553,10,Balanced cardio and strength training routine for steady and sustainable fitness improvement.
0.0,Male,73.0,1.78,161.0,131.0,50.0,1.0,0.6897488119484045,Strength,26.1,1.5,5.0,1.0,12.32,0.3006156753953016,0.16433333799791494,0.39682539682539675,0.5386042847800971,0.11118351826467734,659.5,73204.5,0.010273972602739725,8,Endurance-focused training with longer cardio sessions and attention to pacing and recovery.
0.7804878048780488,Male,87.9,1.68,192.0,151.0,71.0,1.0,0.12966734555329262,Strength,15.5,3.1,3.0,3.0,31.28,0.48743251989894537,0.02513143624799715,0.5555555555555554,0.4690412982137908,0.2930108331732857,247.0,29887.0,0.01763367463026166,10,Balanced cardio and strength training routine for steady and sustainable fitness improvement.
0.4146341463414634,Male,53.0,1.67,183.0,128.0,72.0,0.5266666666666666,0.2572980312287848,Yoga,21.9,2.2,3.0,2.0,16.71,0.20756992310733718,0.1201876637112203,0.39682539682539675,0.24658103402631593,0.3701186764327903,528.6821705426356,58683.72093023255,0.03217785578470089,-1,General fitness improvement recommended.
0.6097560975609757,Female,46.3,1.61,190.0,136.0,69.0,1.0,0.5987780040733197,Yoga,21.4,3.5,4.0,1.0,14.14,0.1812443495461461,0.14172357456217072,0.5555555555555554,0.288349927801137,0.7911612987800004,592.5,71692.5,0.03779697624190065,5,Endurance-focused training with longer cardio sessions and attention to pacing and recovery.
0.7804878048780488,Male,82.8,1.9,161.0,130.0,74.0,0.6733333333333333,0.5756958587915817,,16.8,3.3,4.0,3.0,28.59,0.2982243065109392,0.19900782495919692,0.015873015873015817,0.5227230797613922,0.3496825155641279,762.2516556291391,66315.89403973511,0.026394087724349743,10,Balanced cardio and strength training routine for steady and sustainable fitness improvement.
0.853658536585366,Female,82.9,1.6,170.0,148.0,55.0,0.9533333333333334,0.16157501697216564,HIIT,17.8,2.5,3.0,2.0,12.33,0.5159979964760713,0.03637249797009131,0.46031746031746024,0.6841508578338749,0.22988092391827555,280.31088082901556,32235.751295336788,0.015625292974243265,-1,General fitness improvement recommended.
0.0,Female,71.9,1.54,177.0,120.0,73.0,0.4466666666666666,0.3489477257298031,Strength,16.8,2.6,3.0,1.0,29.64,0.46837614434596303,0.1774235805483838,0.2857142857142856,0.19164033106635792,0.3040541512388678,698.2905982905984,72622.22222222223,0.03090712409210323,3,"Beginner-friendly workouts focusing on light cardio, mobility, and building consistency."
0.21951219512195125,Male,41.0,1.82,171.0,138.0,53.0,0.6466666666666667,0.658520027155465,Cardio,29.1,2.4,4.0,1.0,12.35,0.05481460516456216,0.23401406238078246,0.5079365079365079,0.5216086092337635,0.5804533617691929,865.9863945578231,102186.39455782314,0.039820806371329016,-1,General fitness improvement recommended.
0.0,Female,81.9,1.79,178.0,160.0,60.0,0.49333333333333335,0.5899524779361847,,28.5,1.7,3.0,3.0,12.32,0.3587326126714346,0.26073235586273585,0.5079365079365079,0.7564801423962617,0.11376620748277547,945.1612903225806,111529.03225806452,0.016739532868565127,6,Balanced cardio and strength training routine for steady and sustainable fitness improvement.
0.0,Male,67.7,1.69,192.0,123.0,57.0,0.6266666666666667,0.7752885268160217,Cardio,26.8,3.1,3.0,2.0,21.16,0.3159145835757619,0.28040991371301477,0.7777777777777777,0.09616383871211553,0.4229991792223039,1003.4722222222223,135468.75,0.031798785491547674,2,Balanced cardio and strength training routine for steady and sustainable fitness improvement.
0.3170731707317073,Female,47.4,1.73,178.0,150.0,57.0,0.76,0.44738628649015616,Cardio,28.8,2.0,4.0,3.0,20.91,0.1345733042946819,0.13972762711653258,0.5555555555555554,0.6128355352046051,0.37857619839078027,586.5853658536586,70976.82926829268,0.025728105382319646,-1,General fitness improvement recommended.
0.0,Male,71.1,1.84,189.0,127.0,74.0,0.23333333333333334,0.6788866259334692,Strength,15.2,2.8,2.0,3.0,30.36,0.25360279206715297,0.45908406001340935,0.46031746031746024,0.1762775332422375,0.3438282399587278,1532.9411764705883,176288.23529411765,0.04633076859435758,2,Balanced cardio and strength training routine for steady and sustainable fitness improvement.
0.09756097560975613,Male,89.8,1.79,179.0,163.0,59.0,1.0,0.539714867617108,Strength,28.2,1.7,3.0,1.0,12.32,0.4155726543911709,0.12704410128672483,0.5396825396825395,0.7864930379770887,0.09120903436445713,549.0,65880.0,0.009465478841870824,8,Endurance-focused training with longer cardio sessions and attention to pacing and recovery.
0.2439024390243903,Female,81.7,1.81,177.0,130.0,50.0,0.6333333333333333,0.13849287169042768,Cardio,23.2,1.7,3.0,1.0,34.26,0.3443747491594484,0.0597733640648837,0.6507936507936507,0.336096489711075,0.11439389263717645,349.65517241379314,44406.20689655173,0.014350230025746001,3,"Beginner-friendly workouts focusing on light cardio, mobility, and building consistency."
0.5365853658536586,Male,40.4,1.68,171.0,130.0,54.0,1.0,0.15207060420909707,Strength,27.3,3.3,4.0,3.0,20.47,0.09945335415057244,0.03069951231799386,0.49206349206349187,0.40198877260164734,0.8663807683100527,263.5,30829.5,0.04084158415841584,5,Endurance-focused training with longer cardio sessions and attention to pacing and recovery.
0.9268292682926831,Male,40.0,1.63,181.0,133.0,50.0,0.25999999999999995,0.9307535641547862,Yoga,23.4,1.5,3.0,2.0,20.75,0.11653771514162437,0.5765055716723838,0.714285714285714,0.33697440006747925,0.3205905427572926,1880.8988764044943,246397.75280898876,0.042134831460674156,9,High-intensity interval training with strength conditioning and proper recovery.
0.5609756097560976,Male,40.2,1.76,198.0,135.0,56.0,0.9533333333333334,0.4487440597420231,Strength,18.8,3.4,4.0,1.0,19.02,0.06864790964613227,0.11033375335111217,0.8888888888888888,0.201489614610316,0.9021293929752138,499.4818652849741,70926.42487046632,0.0438223390817931,5,Endurance-focused training with longer cardio sessions and attention to pacing and recovery.
0.7073170731707319,Male,49.9,1.74,190.0,120.0,65.0,0.98,0.0699253224711473,HIIT,29.4,1.5,5.0,2.0,16.01,0.14942470163435806,0.011326444693435238,0.6190476190476188,0.07303422186332731,0.22868645785973205,206.09137055837564,25761.421319796955,0.015258944284508105,5,Endurance-focused training with longer cardio sessions and attention to pacing and recovery.
0.5853658536585367,Male,41.9,1.84,168.0,154.0,71.0,0.6599999999999999,0.49287169042769857,,30.6,2.6,4.0,2.0,22.97,0.05477340939179942,0.17482967663789856,0.17460317460317443,0.8019676013402863,0.6238851746246978,690.6040268456376,66988.59060402685,0.0416459771587833,10,Balanced cardio and strength training routine for steady and sustainable fitness improvement.
0.0,Male,47.3,1.75,196.0,169.0,56.0,0.5466666666666666,0.27359131025118805,Cardio,29.0,1.9,2.0,2.0,30.5,0.12552294033448325,0.12226854293100681,0.8571428571428572,0.6628179954621105,0.3535620760945565,534.8484848484849,74878.78787878789,0.030431161509385612,3,"Beginner-friendly workouts focusing on light cardio, mobility, and building consistency."
0.024390243902439046,Female,76.6,1.84,188.0,138.0,71.0,0.8133333333333332,0.26883910386965376,HIIT,28.3,3.5,4.0,1.0,19.76,0.29105353195463396,0.0789208560982543,0.49206349206349187,0.33502075235946527,0.4217843320807674,406.3953488372093,47548.25581395349,0.026565061630942986,7,Endurance-focused training with longer cardio sessions and attention to pacing and recovery.
0.34146341463414637,Female,69.5,1.65,192.0,140.0,52.0,0.8066666666666666,0.5838424983027835,Cardio,29.8,3.5,4.0,1.0,15.8,0.35797202339515327,0.1712907195980473,0.8571428571428572,0.3225537248381325,0.479445271968717,680.1169590643275,95216.37426900584,0.029450124111237326,-1,General fitness improvement recommended.
0.6829268292682928,Female,68.6,1.63,177.0,150.0,58.0,1.0,0.5234215885947047,Strength,25.8,3.6,3.0,3.0,19.42,0.36469337391985807,0.12299459141763633,0.5238095238095237,0.6250088070005084,0.5056139239703544,537.0,63903.0,0.02623906705539359,5,Endurance-focused training with longer cardio sessions and attention to pacing and recovery.
0.6829268292682928,Male,73.0,2.0,184.0,123.0,64.0,0.26666666666666666,0.5811269517990496,Cardio,10.0,3.4,5.0,3.0,14.91,0.1901898374445834,0.37635142646792447,0.5396825396825395,0.16738111746787032,0.4326973336472786,1287.7777777777778,154533.33333333334,0.0517503805175038,10,Balanced cardio and strength training routine for steady and sustainable fitness improvement.
0.8292682926829269,Female,40.8,1.71,181.0,169.0,73.0,0.6266666666666667,0.0,Yoga,28.3,1.6,3.0,1.0,18.31,0.09113000658154086,0.01278605546653979,0.3492063492063491,0.8455239265228025,0.34178424240390126,210.41666666666669,22725.000000000004,0.02723311546840959,-1,General fitness improvement recommended.
0.024390243902439046,Male,42.1,1.6,194.0,148.0,73.0,0.5133333333333334,0.680244399185336,Cardio,12.7,3.3,2.0,2.0,16.65,0.14858581050358072,0.28853823600693007,0.5555555555555554,0.4087713406581075,0.8256363334197889,1027.55905511811,124334.64566929132,0.061720313464379895,2,Balanced cardio and strength training routine for steady and sustainable fitness improvement.
0.39024390243902446,Male,40.0,1.82,176.0,141.0,66.0,0.56,0.9545145960624575,Cardio,24.1,3.0,4.0,1.0,15.3,0.04785490415331756,0.37216536596201205,0.38095238095238093,0.506571172384414,0.7838242636045931,1275.3731343283582,140291.0447761194,0.05597014925373134,-1,General fitness improvement recommended.
0.0,Female,67.1,1.71,174.0,165.0,74.0,0.8933333333333333,0.18601493550577053,\nStrength,27.1,2.7,4.0,3.0,24.9,0.29847659132888277,0.047601814380276365,0.2222222222222221,0.8827883314785807,0.35441834055389143,313.5869565217391,31358.695652173912,0.021868722866584592,8,Endurance-focused training with longer cardio sessions and attention to pacing and recovery.
0.853658536585366,Male,67.2,1.68,190.0,138.0,55.0,0.78,0.4215885947046843,,22.6,1.5,3.0,1.0,13.91,0.31835528345702285,0.1284929528716233,0.7777777777777777,0.31526439104336323,0.13309117955719482,553.2934131736528,74694.61077844312,0.013366124893071001,10,Balanced cardio and strength training routine for steady and sustainable fitness improvement.
0.26829268292682934,Male,72.1,2.0,166.0,124.0,67.0,1.0,0.8682959945689068,Strength,32.7,3.4,3.0,2.0,21.75,0.18500284187791294,0.20870921698000997,0.20634920634920628,0.3681205056033976,0.43987911534718926,791.0,78309.0,0.023578363384188627,8,Endurance-focused training with longer cardio sessions and attention to pacing and recovery.
0.7560975609756098,Female,62.0,1.87,195.0,125.0,74.0,0.36000000000000004,0.3659198913781398,HIIT,20.0,3.5,3.0,1.0,22.02,0.17820187043466318,0.2149911489564165,0.5555555555555554,0.09718822733712029,0.554697907056466,809.6153846153846,97963.46153846155,0.054280397022332505,10,Balanced cardio and strength training routine for steady and sustainable fitness improvement.
0.8292682926829269,Male,71.3,1.84,197.0,126.0,73.0,0.4799999999999999,0.31364562118126277,Cardio,29.2,1.8,2.0,,12.32,0.25496463715397044,0.1533825117877227,0.603174603174603,0.09352746798685008,0.16921122023636556,627.0491803278688,77754.09836065574,0.02069298507805854,10,Balanced cardio and strength training routine for steady and sustainable fitness improvement.
0.2439024390243903,,85.6,1.54,168.0,128.0,59.0,0.6333333333333333,0.3781398506449423,Yoga,14.9,2.4,4.0,1.0,12.32,0.6015480100594712,0.14192721370788638,0.3650793650793649,0.4062609096242229,0.2036997907677869,593.1034482758621,64648.27586206897,0.019336126329358685,4,"Beginner-friendly workouts focusing on light cardio, mobility, and building consistency."
0.07317073170731708,Male,51.9,1.57,170.0,167.0,73.0,0.49999999999999994,0.5288526816021724,Strength,27.5,1.6,3.0,2.0,18.89,0.25486869638585585,0.23388366999951024,0.17460317460317443,0.9699191293175118,0.23817837790520388,865.6,83963.2,0.024662813102119464,6,Balanced cardio and strength training routine for steady and sustainable fitness improvement.
0.3658536585365854,Male,92.8,1.59,161.0,150.0,52.0,0.4599999999999999,0.9076714188730481,Cardio,23.8,2.6,3.0,3.0,15.84,0.6156942695938057,0.4068487856516373,0.3650793650793649,0.84034718013549,0.20345098116372243,1378.1512605042017,150218.48739495798,0.02354390031874819,6,Balanced cardio and strength training routine for steady and sustainable fitness improvement.
0.9756097560975612,Female,40.0,1.7,193.0,120.0,52.0,0.3266666666666666,0.5940257976917855,Yoga,21.2,2.5,5.0,1.0,12.32,0.08854386895815775,0.34332133334379333,0.873015873015873,0.04793264992757229,0.6294130233221596,1189.8989898989898,167775.75757575757,0.06313131313131314,10,Balanced cardio and strength training routine for steady and sustainable fitness improvement.
0.43902439024390244,Female,44.9,1.79,166.0,120.0,74.0,0.7733333333333332,0.3448744059742023,HIIT,16.2,3.3,3.0,1.0,29.4,0.0925197590473531,0.10664611834172777,0.09523809523809512,0.30650908372360264,0.7652536467332092,488.5542168674699,44946.987951807234,0.044275095929374515,8,Endurance-focused training with longer cardio sessions and attention to pacing and recovery.
0.5853658536585367,Female,54.0,1.69,179.0,169.0,53.0,0.4599999999999999,0.10522742701968774,,25.7,3.3,3.0,3.0,14.91,0.20533358265627144,0.07165826287414231,0.6349206349206349,0.8721983119886465,0.6122562188463336,384.87394957983196,48494.117647058825,0.051353874883286646,-1,General fitness improvement recommended.
0.26829268292682934,Male,53.8,1.66,163.0,133.0,64.0,1.0,0.6001357773251867,Strength,34.5,1.5,4.0,1.0,23.95,0.2195569614227182,0.14206103371792808,0.20634920634920628,0.5444501271182705,0.2017685102722974,593.5,58756.5,0.013940520446096656,8,Endurance-focused training with longer cardio sessions and attention to pacing and recovery.
0.1951219512195122,Female,91.7,1.58,167.0,120.0,52.0,0.7666666666666666,0.6999321113374066,Cardio,29.2,2.6,2.0,2.0,,0.6162818211777308,0.21460963918825257,0.46031746031746024,0.29544116362543593,0.20760260139468314,808.4848484848485,92975.75757575758,0.017183833977727107,-1,General fitness improvement recommended.
0.6341463414634148,Male,63.3,1.88,189.0,150.0,74.0,0.3466666666666666,0.5980991174473862,Strength,16.5,3.5,4.0,1.0,13.03,0.1823445099112712,0.33349631930213475,0.46031746031746024,0.487431513053159,0.5403765261608828,1160.7843137254902,133490.19607843136,0.05420809714091007,10,Balanced cardio and strength training routine for steady and sustainable fitness improvement.
0.5853658536585367,Female,98.1,1.73,165.0,120.0,69.0,0.6799999999999999,0.11812627291242361,Yoga,21.7,1.9,2.0,2.0,15.29,0.5250985477117944,0.047679036155049224,0.1587301587301586,0.31771116042902015,0.09660767331600531,313.8157894736842,30126.315789473687,0.0127420998980632,4,"Beginner-friendly workouts focusing on light cardio, mobility, and building consistency."
0.9268292682926831,,40.0,1.85,194.0,158.0,67.0,0.6199999999999999,0.9029192124915137,Yoga,30.6,1.9,4.0,1.0,21.57,0.03889930933855612,0.32714322152543274,0.6507936507936507,0.5405689699370502,0.4441195349832394,1141.958041958042,145028.67132867133,0.033216783216783216,9,High-intensity interval training with strength conditioning and proper recovery.
0.34146341463414637,Male,87.2,1.5,193.0,152.0,58.0,0.52,0.8384249830278343,Cardio,23.2,2.1,3.0,3.0,16.29,0.6629108408169453,0.34725729161564783,0.7777777777777777,0.47187030928699025,0.15484636740825855,1201.5625,162210.9375,0.018814506880733946,0,Balanced cardio and strength training routine for steady and sustainable fitness improvement.
0.3170731707317073,Male,64.8,1.71,174.0,164.0,57.0,0.76,0.3761031907671419,HIIT,26.2,2.7,4.0,,23.64,0.2803436200391913,0.11812201043694445,0.49206349206349187,0.8680936532716181,0.37206095618477053,522.5609756097562,61139.63414634147,0.025406504065040653,-1,General fitness improvement recommended.
0.7317073170731709,Male,51.6,1.8,181.0,161.0,68.0,0.21333333333333332,0.8038017651052274,Cardio,22.5,1.9,4.0,2.0,13.29,0.13661222891642355,0.5537323962530213,0.4285714285714284,0.7325129206438419,0.31221163824584275,1813.4146341463415,204915.8536585366,0.04490451881262998,10,Balanced cardio and strength training routine for steady and sustainable fitness improvement.
0.07317073170731708,Male,69.4,1.85,177.0,153.0,74.0,0.7,0.39103869653767814,Strength,10.0,2.4,3.0,2.0,17.58,0.2369321568802965,0.13315102342801155,0.26984126984126977,0.6683456545939235,0.28454642038588884,567.0967741935484,58410.967741935485,0.02231105326763967,-1,General fitness improvement recommended.
0.48780487804878053,Female,77.4,1.54,169.0,149.0,50.0,1.0,0.3828920570264766,Strength,29.0,3.6,5.0,2.0,13.58,0.5218393021141599,0.08806756879674785,0.5238095238095237,0.7124517953398843,0.4319102741236982,433.5,51586.5,0.023255813953488372,5,Endurance-focused training with longer cardio sessions and attention to pacing and recovery.
0.9756097560975612,Female,76.3,1.56,190.0,145.0,72.0,1.0,0.41412084181941616,Strength,,3.3,3.0,3.0,16.67,0.49225114622409144,0.09582912937916752,0.5079365079365079,0.40946501239115474,0.3916237607640215,456.5,53867.0,0.021625163826998688,-1,General fitness improvement recommended.
0.5853658536585367,Female,82.3,1.94,198.0,132.0,57.0,0.6399999999999999,0.5071283095723014,Yoga,10.0,3.2,3.0,2.0,20.23,0.2735819959492321,0.18447225323157262,0.873015873015873,0.16274909933741455,0.3376639605771,719.1780821917808,101404.1095890411,0.026631601724396214,10,Balanced cardio and strength training routine for steady and sustainable fitness improvement.
0.5365853658536586,Female,95.5,1.84,196.0,144.0,68.0,0.96,0.8587915818058383,Yoga,26.7,3.7,3.0,1.0,17.55,0.41974789265888685,0.21452951767673253,0.6666666666666665,0.336686106685135,0.3359508232042363,808.2474226804123,103455.67010309278,0.019970853349166085,-1,General fitness improvement recommended.
0.024390243902439046,Male,60.7,1.7,183.0,128.0,74.0,0.4799999999999999,0.3489477257298031,Strength,20.9,2.8,4.0,1.0,35.87,0.25366621917742493,0.16776601678721742,0.3650793650793649,0.24658103402631593,0.4271775438748209,669.672131147541,72994.26229508196,0.03781024657682232,3,"Beginner-friendly workouts focusing on light cardio, mobility, and building consistency."
0.39024390243902446,Male,40.0,1.88,188.0,131.0,54.0,0.5266666666666666,0.36456211812627287,Cardio,11.9,1.9,3.0,3.0,18.81,0.030369009806369973,0.1615198703853796,0.7619047619047619,0.2398179967420162,0.4441195349832394,651.1627906976744,87255.81395348837,0.036821705426356585,2,Balanced cardio and strength training routine for steady and sustainable fitness improvement.
0.4634146341463415,Female,63.1,1.84,185.0,158.0,56.0,0.5333333333333334,0.6415478615071284,HIIT,31.9,3.5,3.0,1.0,26.39,0.19912898859445344,0.2657398143030066,0.6825396825396823,0.6418750395774051,0.5425414063645306,960.0,123840.0,0.042667316835304156,-1,General fitness improvement recommended.
0.8048780487804879,Female,55.7,1.5,188.0,143.0,58.0,0.4599999999999999,0.6782077393075356,HIIT,27.7,2.0,3.0,1.0,28.28,0.3401644500018946,0.310999042251643,0.6984126984126982,0.4030227206576431,0.3009079609618658,1094.1176470588236,142235.29411764708,0.03017364935202088,9,High-intensity interval training with strength conditioning and proper recovery.
0.8292682926829269,Male,53.1,1.55,184.0,167.0,50.0,0.9666666666666666,0.6123557365919892,Strength,14.6,3.5,5.0,1.0,12.32,0.27899067379062276,0.15031147743625267,0.7619047619047619,0.7788075106880088,0.6715780512712234,617.948717948718,82805.12820512822,0.033801728716982955,5,Endurance-focused training with longer cardio sessions and attention to pacing and recovery.
0.8292682926829269,Female,65.8,1.82,168.0,167.0,71.0,0.4333333333333333,0.3041412084181942,Strength,17.1,1.5,3.0,1.0,32.86,0.22741519024342716,0.16215452562269886,0.17460317460317443,0.9998209471983186,0.13895786801777357,653.0434782608696,63345.21739130435,0.01982291529007533,10,Balanced cardio and strength training routine for steady and sustainable fitness improvement.
0.4146341463414634,Female,40.4,1.71,176.0,130.0,70.0,0.98,0.5478615071283095,HIIT,17.0,3.6,4.0,3.0,29.32,0.08797644635724672,0.13192098563414234,0.3174603174603172,0.346766546883696,0.9581102179827855,563.4517766497462,59725.8883248731,0.04523294969090818,-1,General fitness improvement recommended.
0.6585365853658538,Male,40.0,1.75,194.0,120.0,50.0,0.78,0.6741344195519348,Yoga,28.8,1.9,3.0,3.0,26.88,0.07057136825401983,0.20366349535170955,0.9206349206349205,0.039737978677068186,0.4441195349832394,776.0479041916168,111750.89820359282,0.028443113772455092,-1,General fitness improvement recommended.
0.3170731707317073,Male,40.0,2.0,176.0,162.0,69.0,0.6333333333333333,0.438560760353021,Cardio,26.9,3.2,3.0,2.0,30.36,0.0,0.16264022395782188,0.33333333333333326,0.8116527301585119,0.8455887597175665,654.4827586206897,70029.6551724138,0.055172413793103454,10,Balanced cardio and strength training routine for steady and sustainable fitness improvement.
0.21951219512195125,Male,40.0,1.68,166.0,128.0,59.0,0.7333333333333334,0.5492192803801765,Yoga,10.0,2.6,4.0,2.0,19.67,0.09618616117584927,0.1763131380273018,0.33333333333333326,0.42973192748319256,0.6602952713786464,695.0,74365.0,0.040625,-1,General fitness improvement recommended.
0.0,Male,73.0,1.89,172.0,153.0,56.0,0.4599999999999999,0.19891378139850646,Cardio,15.6,3.4,5.0,1.0,17.22,0.2405880235154646,0.1107921817770986,0.47619047619047605,0.7325950507353238,0.4326973336472786,500.8403361344538,58097.47899159665,0.03913894324853229,6,Balanced cardio and strength training routine for steady and sustainable fitness improvement.
0.4146341463414634,Female,127.6,1.65,174.0,156.0,56.0,0.9333333333333333,0.5302104548540394,HIIT,20.4,3.4,5.0,1.0,15.36,0.8499454014970671,0.13430835363960733,0.5079365079365079,0.7505362276159175,0.18650930903242094,570.5263157894738,67322.10526315791,0.014024088434251774,-1,General fitness improvement recommended.
0.0,,40.0,1.68,178.0,147.0,71.0,1.0,0.35845213849287166,HIIT,17.3,3.5,4.0,1.0,24.89,0.09618616117584927,0.08199330399311508,0.33333333333333326,0.5697421530471085,0.9382355038870266,415.5,44458.5,0.04375,8,Endurance-focused training with longer cardio sessions and attention to pacing and recovery.
0.024390243902439046,Female,43.6,1.7,168.0,126.0,55.0,0.6133333333333333,0.2593346911065852,HIIT,23.9,1.5,4.0,3.0,19.35,0.11726079943107381,0.10456742033494126,0.4285714285714284,0.3758219333383721,0.2823418869075156,482.3943661971831,54510.56338028169,0.02422793642589482,-1,General fitness improvement recommended.
0.14634146341463422,Male,54.0,1.71,191.0,169.0,71.0,0.48666666666666664,0.2898845892735913,Cardio,29.0,2.7,2.0,2.0,15.39,0.1951974939832486,0.14205966193274208,0.5396825396825395,0.7205313872980357,0.4750017830397262,593.4959349593496,71219.51219512195,0.04065040650406505,6,Balanced cardio and strength training routine for steady and sustainable fitness improvement.
0.07317073170731708,Female,87.8,1.88,195.0,133.0,74.0,0.9666666666666666,0.21588594704684316,HIIT,19.9,3.4,3.0,3.0,20.22,0.34214707439925746,0.049246786686351206,0.5555555555555554,0.20208562253759155,0.33571510615625544,318.46153846153845,38533.846153846156,0.019858653116056307,7,Endurance-focused training with longer cardio sessions and attention to pacing and recovery.
0.48780487804878053,Male,82.7,2.0,178.0,138.0,72.0,0.6399999999999999,0.6218601493550577,Yoga,25.8,3.6,4.0,1.0,24.74,0.24609412299647615,0.2235343061925292,0.3174603174603172,0.4404620065746174,0.3950888315997243,834.931506849315,88502.7397260274,0.029815639959583248,-1,General fitness improvement recommended.
0.3658536585365854,Male,84.0,1.7,194.0,156.0,73.0,0.0,0.1880515953835709,Cardio,20.5,2.5,3.0,3.0,13.38,0.43952857473824253,0.33323164545448186,0.5555555555555554,0.5142094440812617,0.22500263210626234,1160.0,140360.0,0.05952380952380952,-1,General fitness improvement recommended.
0.7317073170731709,Male,63.8,1.79,185.0,135.0,71.0,0.7933333333333332,0.6374745417515275,HIIT,29.7,1.5,4.0,1.0,25.54,0.22850416265532986,0.18978155226152374,0.4444444444444442,0.32399340614895,0.14778548701801755,734.9112426035504,83779.88165680475,0.013911817625345478,-1,General fitness improvement recommended.
0.6585365853658538,Male,94.6,1.69,178.0,147.0,56.0,0.9666666666666666,0.5444670739986421,Yoga,29.9,1.8,2.0,2.0,15.15,0.5330407824614767,0.13300587970510513,0.5714285714285712,0.5697421530471085,0.09240141599741736,566.6666666666666,69133.33333333333,0.009757684176288828,-1,General fitness improvement recommended.
0.07317073170731708,Female,40.0,1.58,165.0,134.0,69.0,0.36666666666666664,0.2179226069246436,Strength,29.2,1.7,3.0,1.0,12.47,0.13885179608050163,0.14232618019745172,0.1587301587301586,0.5346580459572676,0.382355038870266,594.2857142857142,57051.428571428565,0.04047619047619047,6,Balanced cardio and strength training routine for steady and sustainable fitness improvement.
1.0,Female,71.1,1.73,184.0,125.0,66.0,0.38000000000000006,0.263408010862186,Cardio,25.2,2.6,2.0,3.0,34.41,0.3171265245902552,0.1597082552697075,0.5079365079365079,0.19517322625060385,0.3090802815266753,645.7943925233644,76203.738317757,0.03417590073215295,-1,General fitness improvement recommended.
0.024390243902439046,,116.6,1.72,187.0,126.0,70.0,0.4000000000000001,0.32315003394433134,Strength,23.8,2.6,3.0,2.0,16.61,0.6780716396691853,0.18076146326228537,0.49206349206349187,0.1809799300540742,0.13280740491810686,708.1818181818181,82857.27272727272,0.020271323873382194,-1,General fitness improvement recommended.
0.43902439024390244,Female,55.0,1.77,161.0,142.0,74.0,0.36000000000000004,0.8560760353021044,,19.8,3.2,2.0,2.0,21.97,0.17418206356007582,0.4492656782418259,0.015873015873015817,0.713297539985851,0.576070958497319,1503.8461538461538,130834.61538461538,0.055944055944055944,-1,General fitness improvement recommended.
0.09756097560975613,Female,48.6,1.72,177.0,156.0,70.0,0.5933333333333333,0.27494908350305497,Yoga,25.4,3.4,3.0,1.0,20.42,0.14818206191906358,0.11366469547824354,0.33333333333333326,0.7116825021873385,0.721551417729373,509.35251798561154,54500.71942446043,0.050330106285342104,8,Endurance-focused training with longer cardio sessions and attention to pacing and recovery.
0.5853658536585367,Male,57.3,1.73,194.0,153.0,65.0,0.98,0.5627970128988458,Strength,22.2,3.2,4.0,1.0,19.54,0.2108297127725796,0.13568956503853946,0.6825396825396823,0.47467015529757894,0.5472220490007946,574.6192893401015,74125.8883248731,0.028348437735314185,5,Endurance-focused training with longer cardio sessions and attention to pacing and recovery.
0.43902439024390244,Female,55.9,1.76,181.0,169.0,74.0,0.94,0.11608961303462323,Strength,18.2,1.5,5.0,1.0,12.32,0.18549224848441004,0.025525433063357854,0.33333333333333326,0.8455239265228025,0.1888299674178995,248.1675392670157,26553.926701570683,0.01404902171978758,-1,General fitness improvement recommended.
0.5609756097560976,Male,73.2,2.0,179.0,161.0,58.0,0.37333333333333335,0.3088934147997285,HIIT,17.6,1.8,2.0,1.0,18.61,0.19134250312606577,0.18309415691186037,0.5555555555555554,0.7579246133065691,0.16111663885904162,715.0943396226414,86526.41509433961,0.023198267862666253,10,Balanced cardio and strength training routine for steady and sustainable fitness improvement.
0.14634146341463422,Female,91.8,1.82,171.0,140.0,52.0,1.0,0.5173116089613035,Strength,16.1,2.7,4.0,2.0,24.37,0.4083674165357856,0.12147602521672812,0.5238095238095237,0.5515135683917927,0.22067738728042394,532.5,63367.5,0.014705882352941178,8,Endurance-focused training with longer cardio sessions and attention to pacing and recovery.
0.5853658536585367,Female,47.7,1.72,183.0,150.0,57.0,0.9666666666666666,0.32518669382213167,Yoga,31.4,3.1,3.0,,14.27,0.14116881750766486,0.07710879903349871,0.6349206349206349,0.5539647945522872,0.6601657860618476,401.02564102564105,50529.23076923077,0.03332795785625974,5,Endurance-focused training with longer cardio sessions and attention to pacing and recovery.
0.902439024390244,Female,51.9,1.64,171.0,150.0,68.0,0.36666666666666664,0.8934147997284452,Strength,22.8,2.2,5.0,3.0,25.06,0.21431627528096392,0.4621089039865847,0.26984126984126977,0.7010383641819384,0.3809864614034083,1541.904761904762,158816.19047619047,0.0403706762088265,10,Balanced cardio and strength training routine for steady and sustainable fitness improvement.
0.43902439024390244,Male,60.1,1.78,186.0,169.0,51.0,0.6399999999999999,0.5465037338764427,Cardio,35.0,2.0,3.0,1.0,16.06,0.20675513195935935,0.19787816489864649,0.7777777777777777,0.7813476496627745,0.2684349990346071,758.9041095890411,102452.05479452055,0.022793061791990518,-1,General fitness improvement recommended.
0.0,Female,40.0,1.56,196.0,149.0,56.0,0.1933333333333333,0.49151391717583165,Strength,27.6,1.9,2.0,1.0,12.98,0.14838391876018342,0.3804759272605146,0.8571428571428572,0.40191248444052996,0.4441195349832394,1300.0,182000.0,0.060126582278481014,2,Balanced cardio and strength training routine for steady and sustainable fitness improvement.
0.12195121951219517,Female,64.7,2.0,184.0,169.0,55.0,0.6399999999999999,0.3781398506449423,Strength,32.4,2.5,5.0,2.0,20.45,0.142354211663067,0.14055633570150305,0.6825396825396823,0.8065996194707421,0.3346713204646552,589.0410958904109,75986.30136986301,0.026465668734517583,-1,General fitness improvement recommended.
0.14634146341463422,Male,73.0,1.61,188.0,131.0,60.0,0.040000000000000036,0.38085539714867617,Yoga,27.4,3.6,2.0,2.0,12.36,0.4187056642761183,0.4624302936587345,0.6666666666666665,0.2398179967420162,0.4665408931612366,1542.8571428571427,197485.71428571426,0.08806262230919765,2,Balanced cardio and strength training routine for steady and sustainable fitness improvement.
0.7317073170731709,Female,79.1,1.63,168.0,135.0,53.0,0.4333333333333333,0.6782077393075356,Yoga,35.0,3.3,4.0,1.0,27.86,0.45579947242235647,0.3238414776421027,0.46031746031746024,0.5127973266247019,0.37271165673379036,1132.1739130434783,130200.0,0.036277689221129006,9,High-intensity interval training with strength conditioning and proper recovery.
0.7073170731707319,Female,82.2,1.72,174.0,126.0,70.0,0.4333333333333333,0.6164290563475898,Yoga,25.0,3.7,2.0,3.0,12.4,0.4100098532779472,0.2971381879256495,0.2857142857142856,0.3096958814070405,0.4133875655061031,1053.0434782608697,109516.52173913045,0.0391410134348884,9,High-intensity interval training with strength conditioning and proper recovery.
0.3658536585365854,Female,60.7,1.57,179.0,135.0,69.0,0.49333333333333335,0.4487440597420231,HIIT,26.0,2.9,3.0,1.0,15.19,0.33717189730308944,0.2041263039292404,0.38095238095238093,0.3865350925898168,0.44752828394499333,777.4193548387096,85516.12903225806,0.038528989743317206,-1,General fitness improvement recommended.
0.26829268292682934,,48.9,1.7,194.0,145.0,55.0,0.4133333333333334,0.12491513917175834,Cardio,33.9,2.2,5.0,2.0,28.96,0.15953850262731134,0.08851349696685581,0.841269841269841,0.369232051874425,0.4131109791637405,434.82142857142856,60440.17857142857,0.040169442009932804,3,"Beginner-friendly workouts focusing on light cardio, mobility, and building consistency."
0.7804878048780488,Female,76.4,1.54,172.0,133.0,71.0,0.5333333333333334,0.6843177189409368,Strength,25.2,2.1,3.0,1.0,33.64,0.5121187279744877,0.28209360415894097,0.23809523809523792,0.4352841195711974,0.1968998633687464,1008.4615384615385,101854.61538461539,0.021143777688280303,-1,General fitness improvement recommended.
0.7560975609756098,Female,95.6,1.67,164.0,134.0,74.0,0.8066666666666666,0.11065852002715548,Cardio,26.0,1.8,3.0,2.0,14.67,0.5597055897224683,0.03374157833319851,0.06349206349206327,0.5473195802171911,0.08994279053625182,272.51461988304095,24526.315789473687,0.011010790574763268,4,"Beginner-friendly workouts focusing on light cardio, mobility, and building consistency."
0.17073170731707316,Female,85.1,1.98,185.0,148.0,58.0,0.5266666666666666,0.3272233536999321,Yoga,22.5,3.5,4.0,1.0,14.37,0.2698844205556205,0.1471320769228558,0.6507936507936507,0.5036656337389465,0.36540790627052544,608.5271317829457,77282.9457364341,0.031882236128949984,3,"Beginner-friendly workouts focusing on light cardio, mobility, and building consistency."
0.39024390243902446,Female,72.9,1.71,164.0,122.0,73.0,0.8533333333333333,0.08757637474541752,HIIT,27.8,1.5,2.0,2.0,20.67,0.3442032145811483,0.023679224375468204,0.0793650793650793,0.3602312381675703,0.11153170303333945,242.69662921348313,22085.393258426964,0.01155962454339483,4,"Beginner-friendly workouts focusing on light cardio, mobility, and building consistency."
0.2926829268292683,Female,42.2,1.63,177.0,134.0,74.0,1.0,0.2593346911065852,Yoga,26.4,3.7,3.0,2.0,28.27,0.1356266119707193,0.0573587856228266,0.26984126984126977,0.3938789531689617,0.9404309243649759,342.5,35277.5,0.04383886255924171,8,Endurance-focused training with longer cardio sessions and attention to pacing and recovery.
0.7560975609756098,Male,40.0,1.76,193.0,124.0,72.0,0.5333333333333334,0.606245756958588,Cardio,11.2,2.2,4.0,2.0,16.86,0.06715944673099489,0.25224144807271154,0.5555555555555554,0.10092485734749945,0.5367662791526996,920.0,111320.0,0.04230769230769231,10,Balanced cardio and strength training routine for steady and sustainable fitness improvement.
0.09756097560975613,Male,64.6,2.0,196.0,137.0,73.0,0.23333333333333334,0.2722335369993211,HIIT,21.4,2.5,3.0,3.0,22.43,0.1417778788223258,0.22127460789732875,0.5873015873015872,0.24536917782758194,0.3354101973974024,828.2352941176471,101872.94117647059,0.04552904753232563,3,"Beginner-friendly workouts focusing on light cardio, mobility, and building consistency."
0.7073170731707319,Male,66.5,1.79,193.0,155.0,51.0,0.12666666666666665,0.9185336048879835,,24.0,2.8,5.0,1.0,16.95,0.24793050602789796,0.7516809985936287,0.8888888888888888,0.5116144648519354,0.3774788944402945,2400.0,340800.0,0.06102212051868803,9,High-intensity interval training with strength conditioning and proper recovery.
0.878048780487805,Male,55.2,1.8,168.0,137.0,55.0,1.0,0.7936184657162253,HIIT,27.0,3.1,4.0,2.0,23.47,0.162227021838253,0.19014896341335424,0.4285714285714284,0.5432363029105529,0.5510884811499108,736.0,83168.0,0.028079710144927536,5,Endurance-focused training with longer cardio sessions and attention to pacing and recovery.
0.7560975609756098,Female,105.3,1.83,165.0,150.0,70.0,0.6866666666666668,0.26883910386965376,Strength,31.4,3.7,3.0,1.0,39.35,0.49433590285124746,0.09595154103370696,0.1428571428571428,0.782597343703836,0.2914093112129391,456.8627450980392,43401.96078431373,0.02296581817278985,10,Balanced cardio and strength training routine for steady and sustainable fitness improvement.
0.0,Male,74.1,1.76,170.0,135.0,62.0,0.49333333333333335,0.6184657162253904,Cardio,13.7,2.5,3.0,2.0,13.25,0.3209423737619042,0.2721624240416147,0.3492063492063491,0.48862519839770213,0.2741213031041446,979.0322580645161,105735.48387096774,0.027208219058813286,2,Balanced cardio and strength training routine for steady and sustainable fitness improvement.
0.6829268292682928,Female,40.0,1.75,170.0,142.0,63.0,0.3066666666666666,0.41819416157501693,Cardio,22.3,2.4,4.0,2.0,12.41,0.07057136825401983,0.2648258624228304,0.33333333333333326,0.5939082457864107,0.5985307752656729,957.2916666666667,102430.20833333334,0.0625,-1,General fitness improvement recommended.
0.0,Male,91.1,1.76,197.0,162.0,59.0,0.6799999999999999,0.7189409368635438,Cardio,28.8,3.4,3.0,1.0,14.34,0.4474617215485745,0.24416018934273223,0.8253968253968251,0.5607734796031623,0.31838708927356973,896.0526315789474,123655.26315789475,0.024553700387081868,2,Balanced cardio and strength training routine for steady and sustainable fitness improvement.
0.07317073170731708,Female,49.2,1.64,177.0,164.0,53.0,0.05333333333333329,0.5505770536320433,HIIT,23.3,2.9,3.0,1.0,23.08,0.19117382034340985,0.5899333342823345,0.603174603174603,0.827247429103112,0.585474865518215,1920.689655172414,238165.51724137933,0.1016260162601626,-1,General fitness improvement recommended.
0.7317073170731709,Female,40.0,1.77,180.0,127.0,54.0,0.6533333333333333,0.7854718262050238,HIIT,27.2,2.4,5.0,3.0,18.51,0.06380519087192837,0.27467792167171545,0.6349206349206349,0.26218308853786154,0.5985307752656729,986.4864864864865,124297.2972972973,0.04054054054054054,10,Balanced cardio and strength training routine for steady and sustainable fitness improvement.
0.7317073170731709,Female,60.0,1.92,165.0,140.0,72.0,1.0,0.9830278343516632,HIIT,11.1,1.5,2.0,2.0,32.68,0.14468355689439588,0.23722451564150823,0.11111111111111094,0.6276352826122307,0.16617930247485915,875.5,81421.5,0.0125,5,Endurance-focused training with longer cardio sessions and attention to pacing and recovery.
0.8048780487804879,Female,46.2,1.73,192.0,169.0,62.0,0.7,0.7372708757637474,Cardio,32.8,1.7,,3.0,14.87,0.12533010326705796,0.2441859714514064,0.6984126984126982,0.7087482364648681,0.31190073269810803,896.1290322580645,116496.7741935484,0.023739701159055996,-1,General fitness improvement recommended.
0.43902439024390244,Male,68.2,1.91,188.0,131.0,69.0,1.0,0.5831636116768499,Strength,33.1,1.5,3.0,3.0,,0.20044079247245322,0.13784279427096088,0.5238095238095237,0.2398179967420162,0.12904815378524168,581.0,69139.0,0.01099706744868035,7,Endurance-focused training with longer cardio sessions and attention to pacing and recovery.
0.6341463414634148,Male,56.1,1.68,191.0,152.0,69.0,0.8666666666666667,0.6245756958587916,Strength,15.4,2.6,4.0,2.0,17.28,0.2276906784084557,0.17106377338218706,0.5714285714285712,0.49295621381010246,0.4298619552209756,679.4444444444445,82892.22222222222,0.025747672806496338,5,Endurance-focused training with longer cardio sessions and attention to pacing and recovery.
0.8048780487804879,Male,65.8,1.62,191.0,169.0,74.0,0.5733333333333335,0.5227427019687712,HIIT,28.2,3.5,2.0,,21.21,0.34746870672698354,0.20802437339920818,0.49206349206349187,0.7205313872980357,0.5144259294948156,788.970588235294,92309.5588235294,0.03911138923654568,-1,General fitness improvement recommended.
0.6585365853658538,Male,59.5,1.61,194.0,121.0,55.0,0.5333333333333334,0.2973523421588595,Cardio,24.5,2.0,4.0,3.0,21.71,0.2986409545811886,0.13413074355762974,0.841269841269841,0.05291774160496243,0.2725803251904856,570.0,79230.0,0.025856496444731737,10,Balanced cardio and strength training routine for steady and sustainable fitness improvement.
0.9756097560975612,Male,73.5,1.93,175.0,169.0,61.0,0.6333333333333333,0.48608282416836385,HIIT,14.0,2.7,2.0,2.0,14.74,0.22435653907173736,0.17893135561507456,0.4444444444444442,0.927376183637993,0.31113679335224576,702.7586206896552,80114.4827586207,0.02533427163969036,10,Balanced cardio and strength training routine for steady and sustainable fitness improvement.
0.07317073170731708,Male,54.7,1.56,191.0,157.0,55.0,0.4199999999999999,0.2572980312287848,\tCardio,25.2,1.5,4.0,2.0,,0.28763593649350166,0.14544906391444795,0.7936507936507935,0.559890088365377,0.19610177316944402,603.5398230088496,82081.41592920355,0.024267525197780332,3,"Beginner-friendly workouts focusing on light cardio, mobility, and building consistency."
0.0,Female,52.1,1.73,183.0,135.0,74.0,0.5999999999999999,0.5689069925322472,Cardio,23.9,3.1,3.0,1.0,12.32,0.1707758416528758,0.21680823671818697,0.3650793650793649,0.3443849578300342,0.5923661806440326,815.0,88835.0,0.04250068549492734,-1,General fitness improvement recommended.
1.0,Female,60.6,1.92,180.0,168.0,55.0,0.6399999999999999,0.5044127630685675,,24.6,2.0,3.0,3.0,30.51,0.1484357238263045,0.18354770759936062,0.6190476190476188,0.8445821681404779,0.2650432648999156,716.4383561643835,89554.79452054795,0.02260500022605,10,Balanced cardio and strength training routine for steady and sustainable fitness improvement.
0.04878048780487804,Female,104.3,1.79,197.0,158.0,72.0,0.5333333333333334,0.4276985743380855,Strength,23.4,3.2,2.0,3.0,16.4,0.5198993132438514,0.18397086502333454,0.6190476190476188,0.5088572560902387,0.2363527712129929,717.6923076923076,89711.53846153845,0.02360056051331219,-1,General fitness improvement recommended.
0.8292682926829269,Male,47.8,1.79,168.0,144.0,68.0,0.3,0.27970128988458925,Cardio,27.3,2.4,5.0,3.0,17.21,0.11338509081788922,0.19576144200384535,0.2222222222222221,0.6497727199110312,0.47758607158001787,752.6315789473684,75263.15789473684,0.05285179475886369,10,Balanced cardio and strength training routine for steady and sustainable fitness improvement.
0.0,Female,51.1,1.83,180.0,130.0,57.0,0.36666666666666664,0.4317718940936864,Strength,17.0,3.0,3.0,2.0,16.85,0.12123142116268143,0.24356392692466464,0.5873015873015872,0.3047976553380529,0.5825759543519499,894.2857142857142,109997.14285714286,0.055912776069331836,2,Balanced cardio and strength training routine for steady and sustainable fitness improvement.
0.39024390243902446,Male,62.5,1.87,185.0,167.0,73.0,0.3066666666666666,0.7128309572301426,Cardio,29.6,2.3,4.0,1.0,31.91,0.18149812048894648,0.41738552242147764,0.41269841269841256,0.7662635048320179,0.3119435133014764,1409.375,157850.0,0.03833333333333334,6,Balanced cardio and strength training routine for steady and sustainable fitness improvement.
1.0,Female,57.4,1.56,190.0,156.0,72.0,0.4333333333333333,0.34623217922606925,Cardio,18.5,2.7,3.0,2.0,25.59,0.3132128377098253,0.1803479757591835,0.5079365079365079,0.5574945602233989,0.4384165414397071,706.9565217391305,83420.86956521739,0.0409028935009847,9,High-intensity interval training with strength conditioning and proper recovery.
0.4634146341463415,Male,108.7,1.55,163.0,122.0,68.0,0.4599999999999999,0.5437881873727088,Strength,26.9,1.6,4.0,2.0,26.23,0.8125033638253132,0.2548503759995753,0.1428571428571428,0.3719003474365139,0.03918422537044741,927.7310924369748,88134.45378151261,0.012369253129034504,-1,General fitness improvement recommended.
0.5609756097560976,Female,40.0,1.6,164.0,143.0,73.0,0.6799999999999999,0.2878479293957909,Yoga,23.5,3.4,5.0,2.0,15.53,0.12967488916676134,0.10318218677303875,0.0793650793650793,0.6876358367544069,0.9073532558305398,478.2894736842105,43524.34210526316,0.05592105263157894,10,Balanced cardio and strength training routine for steady and sustainable fitness improvement.
0.853658536585366,Female,65.2,1.72,196.0,152.0,50.0,0.9133333333333333,0.5227427019687712,Cardio,24.8,3.7,,1.0,22.39,0.27753745884041675,0.13541200559285826,0.9523809523809521,0.4410483110937671,0.5583649066277884,573.7967914438502,83774.33155080213,0.03034677339982284,5,Endurance-focused training with longer cardio sessions and attention to pacing and recovery.
0.12195121951219517,Male,90.0,1.58,172.0,164.0,60.0,0.1866666666666667,0.2572980312287848,Strength,25.0,3.2,4.0,1.0,12.32,0.6005829615517095,0.23683946609199022,0.41269841269841256,0.8961160628755933,0.29657101649113626,874.3589743589744,97928.20512820513,0.04558404558404558,6,Balanced cardio and strength training routine for steady and sustainable fitness improvement.
0.7317073170731709,Female,84.1,1.69,187.0,136.0,56.0,0.7866666666666666,0.3088934147997285,Strength,22.2,2.3,3.0,3.0,16.11,0.4482889204428891,0.09403738195693193,0.714285714285714,0.31771116042902015,0.19518878638047685,451.1904761904762,59105.95238095238,0.01627880640960308,10,Balanced cardio and strength training routine for steady and sustainable fitness improvement.
0.6097560975609757,Female,57.8,1.57,190.0,142.0,56.0,0.5933333333333333,0.2681602172437203,Strength,21.3,1.6,4.0,1.0,20.73,0.3100492515462738,0.11123693176775881,0.7619047619047619,0.3690933175278155,0.19930558931745737,502.158273381295,67289.20863309353,0.0199148639565856,-1,General fitness improvement recommended.
0.902439024390244,Female,100.0,1.63,183.0,155.0,74.0,1.0,0.6469789545145961,Cardio,10.5,2.4,3.0,2.0,12.32,0.6371439922987581,0.15370337459155758,0.3650793650793649,0.6238247401263717,0.15382640325226446,628.0,68452.0,0.012,5,Endurance-focused training with longer cardio sessions and attention to pacing and recovery.
0.2926829268292683,Female,61.9,1.55,181.0,150.0,72.0,0.9533333333333334,0.5526137135098439,HIIT,27.1,3.6,3.0,2.0,12.32,0.36343153120618515,0.13708569678680058,0.3650793650793649,0.5771227875602709,0.5757806862289073,578.7564766839379,63084.45595854923,0.030133844492621395,-1,General fitness improvement recommended.
0.024390243902439046,Male,58.6,1.64,187.0,135.0,66.0,0.4533333333333333,0.8560760353021044,Yoga,10.0,3.4,3.0,2.0,21.91,0.2717438486445241,0.38905539732214284,0.5555555555555554,0.30403803739152546,0.5740779372141203,1325.4237288135594,160376.2711864407,0.04916989645398276,2,Balanced cardio and strength training routine for steady and sustainable fitness improvement.
0.07317073170731708,Male,80.8,1.8,195.0,137.0,64.0,0.4000000000000001,0.6666666666666667,Cardio,29.8,2.7,3.0,3.0,21.28,0.3443766603934843,0.3359926749106785,0.714285714285714,0.25453432013782695,0.2701393454372897,1168.181818181818,153031.81818181815,0.030378037803780376,2,Balanced cardio and strength training routine for steady and sustainable fitness improvement.
0.07317073170731708,Female,42.7,1.81,166.0,139.0,71.0,0.6133333333333333,0.5030549898167005,Cardio,26.0,3.2,3.0,3.0,12.32,0.06993891644487543,0.18988279844543293,0.1428571428571428,0.5991633376526284,0.7831010259451906,735.2112676056338,69845.07042253521,0.05277567041593825,-1,General fitness improvement recommended.
0.26829268292682934,Male,60.9,1.86,191.0,152.0,60.0,0.8600000000000001,0.5465037338764427,Strength,31.5,1.5,4.0,3.0,42.08,0.17527874948381916,0.15066435694306096,0.714285714285714,0.49295621381010246,0.16161542345173305,618.9944134078212,81088.26815642457,0.013760079258056527,-1,General fitness improvement recommended.
0.5365853658536586,Male,78.8,1.7,176.0,169.0,63.0,0.8533333333333333,0.5947046843177188,Strength,21.1,1.9,2.0,1.0,17.55,0.3980485640551415,0.16529831951634472,0.4285714285714284,0.9133465827498779,0.15520591484057453,662.3595505617977,74846.62921348315,0.013545884902754804,5,Endurance-focused training with longer cardio sessions and attention to pacing and recovery.
0.4634146341463415,Female,85.3,1.69,162.0,136.0,71.0,0.6599999999999999,0.3774609640190088,HIIT,22.8,3.4,4.0,2.0,19.95,0.45797484753072776,0.13632762530987577,0.0793650793650793,0.6046779402282891,0.34973498553041316,576.510067114094,52462.41610738255,0.026751221507982093,-1,General fitness improvement recommended.
0.7073170731707319,Female,84.8,1.58,180.0,157.0,54.0,0.21999999999999992,0.4324507807196198,Cardio,26.3,1.9,5.0,2.0,17.99,0.5525629203427038,0.3239616831035564,0.6349206349206349,0.688328756539776,0.13413168656718424,1132.5301204819277,142698.7951807229,0.026994771538986134,10,Balanced cardio and strength training routine for steady and sustainable fitness improvement.
0.6097560975609757,Male,57.4,1.69,166.0,143.0,66.0,0.4266666666666666,0.3204344874405974,Strength,23.7,3.3,3.0,1.0,13.31,0.23277704273848077,0.17119204733028198,0.2222222222222221,0.6607747595324236,0.5675409235574215,679.8245614035088,67982.45614035089,0.05043095543737393,10,Balanced cardio and strength training routine for steady and sustainable fitness improvement.
0.3658536585365854,Male,40.0,1.81,189.0,157.0,71.0,0.5466666666666666,0.6754921928038018,HIIT,20.1,3.4,2.0,3.0,16.68,0.050939512641558826,0.27361386127067866,0.5079365079365079,0.5821305503869181,0.9073532558305398,983.3333333333333,116033.33333333333,0.06439393939393938,-1,General fitness improvement recommended.
0.3658536585365854,Female,129.9,1.56,189.0,138.0,73.0,1.0,0.46843177189409363,Strength,34.0,2.3,3.0,2.0,24.54,1.0,0.10932749560946256,0.47619047619047605,0.3250903061952868,0.07607636164800419,496.5,57594.0,0.008852963818321785,-1,General fitness improvement recommended.
0.7804878048780488,Male,55.0,1.5,177.0,120.0,69.0,0.38000000000000006,0.27970128988458925,Yoga,27.2,1.7,4.0,2.0,26.53,0.3329923079837824,0.1672774325951066,0.3492063492063491,0.19164033106635792,0.2391737069720095,668.2242990654205,72168.22429906542,0.028887000849617667,10,Balanced cardio and strength training routine for steady and sustainable fitness improvement.
0.0,Male,41.6,1.94,168.0,153.0,57.0,0.23999999999999994,0.5193482688391038,Strength,25.0,3.1,4.0,1.0,19.74,0.02428083091399691,0.3608562089025276,0.39682539682539675,0.786748113197361,0.7778853697475765,1241.860465116279,137846.511627907,0.08665026833631485,6,Balanced cardio and strength training routine for steady and sustainable fitness improvement.
0.6097560975609757,Male,56.9,1.68,161.0,154.0,61.0,1.0,0.2980312287847929,Strength,26.5,2.0,3.0,1.0,21.48,0.23422506435790197,0.06697637156191183,0.2222222222222221,0.9038720002103098,0.29155363114003363,371.0,37100.0,0.01757469244288225,-1,General fitness improvement recommended.
0.04878048780487804,Female,84.8,1.74,165.0,151.0,59.0,0.6599999999999999,0.2810590631364562,HIIT,24.9,3.4,4.0,3.0,14.13,0.4151667566200436,0.10416708831823315,0.3174603174603172,0.7980935498129966,0.3526381586649675,481.20805369127515,51008.05369127516,0.026908952766873495,8,Endurance-focused training with longer cardio sessions and attention to pacing and recovery.
0.14634146341463422,Female,96.9,1.88,181.0,166.0,72.0,0.5733333333333335,0.6225390359809913,Cardio,15.8,3.7,3.0,2.0,30.18,0.4015023126376524,0.2444997380288658,0.3650793650793649,0.8031447993181926,0.32903615239090356,897.0588235294117,97779.41176470587,0.028076245978267467,6,Balanced cardio and strength training routine for steady and sustainable fitness improvement.
0.14634146341463422,Male,81.2,1.56,182.0,166.0,66.0,0.7466666666666668,0.5736591989137814,Yoga,25.5,2.7,4.0,3.0,31.34,0.5386684854685311,0.18091674749781908,0.47619047619047605,0.7902603027688055,0.2681059339913423,708.6419753086419,82202.46913580246,0.020525451559934318,6,Balanced cardio and strength training routine for steady and sustainable fitness improvement.
0.853658536585366,Female,70.5,1.9,198.0,146.0,69.0,0.22666666666666663,0.3143245078071962,Cardio,31.9,2.9,5.0,1.0,16.4,0.2196770052243321,0.2495096358594375,0.6825396825396823,0.34353817061095415,0.36549026510892224,911.9047619047619,117635.71428571429,0.04896994258696386,10,Balanced cardio and strength training routine for steady and sustainable fitness improvement.
0.48780487804878053,Male,58.7,1.72,189.0,152.0,58.0,0.47333333333333333,0.5159538357094364,HIIT,21.2,1.6,3.0,1.0,23.03,0.22688624920253753,0.23824107648674434,0.714285714285714,0.5144883808628045,0.19406276324136332,878.5123966942149,115085.12396694215,0.022526644797049012,0,Balanced cardio and strength training routine for steady and sustainable fitness improvement.
0.1951219512195122,Male,62.0,1.65,199.0,142.0,56.0,0.74,0.7182620502376103,HIIT,35.0,3.5,2.0,3.0,13.96,0.29446427234929523,0.22704729246896202,0.9047619047619047,0.28266948832287797,0.554697907056466,845.3416149068322,120883.850931677,0.03506311360448808,2,Balanced cardio and strength training routine for steady and sustainable fitness improvement.
0.0,Male,100.6,1.74,179.0,138.0,68.0,0.4666666666666666,0.6503733876442634,Cardio,23.2,3.5,2.0,2.0,20.9,0.5354740479889213,0.29639235428430166,0.39682539682539675,0.4293877295955959,0.28712965768614895,1050.8333333333335,116642.50000000001,0.028992710404241222,-1,General fitness improvement recommended.
0.3658536585365854,Female,63.0,1.71,189.0,126.0,57.0,0.49333333333333335,0.591989137813985,Strength,25.6,3.2,3.0,1.0,15.02,0.2661525990298675,0.2615487893040844,0.7301587301587298,0.16274909933741455,0.48480567131162666,947.5806451612904,125080.64516129033,0.0409626216077829,2,Balanced cardio and strength training routine for steady and sustainable fitness improvement.
0.26829268292682934,Male,79.4,1.71,186.0,124.0,74.0,1.0,0.3896809232858112,Yoga,29.6,1.5,3.0,2.0,27.97,0.3954485682259286,0.08975486457553472,0.41269841269841256,0.16274909933741455,0.09072393568696971,438.5,49112.0,0.009445843828715364,7,Endurance-focused training with longer cardio sessions and attention to pacing and recovery.
0.9512195121951221,Female,57.6,1.86,169.0,120.0,73.0,0.9933333333333334,0.42498302783435166,HIIT,22.9,2.4,,2.0,14.02,0.15328894286518308,0.0993164899511024,0.1587301587301586,0.27369826733791314,0.3720609561847704,466.83417085427135,44816.08040201005,0.020938023450586263,-1,General fitness improvement recommended.
0.4634146341463415,Male,108.5,1.97,192.0,120.0,74.0,1.0,0.5349626612355736,Cardio,27.2,1.5,2.0,1.0,23.59,0.41397832465760326,0.12586299424157402,0.5079365079365079,0.05621268233693599,0.028134230517291886,545.5,64369.0,0.0069124423963133645,7,Endurance-focused training with longer cardio sessions and attention to pacing and recovery.
0.39024390243902446,Female,73.9,1.75,192.0,165.0,74.0,0.76,0.3482688391038697,Cardio,35.0,1.5,3.0,2.0,22.1,0.32575743586055556,0.10968553154301003,0.5079365079365079,0.6554800279646282,0.10809225944574338,497.5609756097561,58712.19512195122,0.012376646093930492,-1,General fitness improvement recommended.
0.9512195121951221,Male,67.9,1.78,187.0,163.0,59.0,1.0,0.5872369314324508,Yoga,23.9,3.7,3.0,2.0,,0.26350801868806867,0.138855171738233,0.6666666666666665,0.6868854824413742,0.530489769238421,584.0,74752.0,0.027245949926362298,5,Endurance-focused training with longer cardio sessions and attention to pacing and recovery.
0.43902439024390244,Male,72.8,1.63,184.0,130.0,68.0,0.6266666666666667,0.2484725050916497,HIIT,25.1,1.7,3.0,3.0,12.32,0.4011358133208574,0.09855692422153964,0.47619047619047605,0.2646534982074378,0.14581738067937342,464.58333333333337,53891.66666666667,0.016216422466422468,-1,General fitness improvement recommended.
0.39024390243902446,Female,57.6,1.7,167.0,141.0,68.0,0.25333333333333335,0.2763068567549219,Cardio,14.7,1.5,3.0,2.0,15.66,0.22893775127019172,0.21404720726199025,0.20634920634920628,0.61696424247718,0.17904690583172858,806.8181818181819,79875.0,0.02959280303030303,6,Balanced cardio and strength training routine for steady and sustainable fitness improvement.
0.7317073170731709,Female,49.3,1.74,179.0,142.0,74.0,0.54,0.285132382892057,HIIT,19.2,3.5,4.0,3.0,19.2,0.14485607031655257,0.12802556646491994,0.3015873015873014,0.4865245789366348,0.7343374969420688,551.9083969465648,57950.381679389306,0.05419382809717727,10,Balanced cardio and strength training routine for steady and sustainable fitness improvement.
0.0,Male,41.6,1.85,181.0,169.0,52.0,1.0,0.561439239646979,Yoga,14.5,3.4,5.0,3.0,12.32,0.04967660716395694,0.13244344777884287,0.6825396825396823,0.8455239265228025,0.8669687776028266,565.0,72885.0,0.040865384615384616,8,Endurance-focused training with longer cardio sessions and attention to pacing and recovery.
0.3658536585365854,Male,65.6,1.87,189.0,168.0,56.0,0.4399999999999999,0.769857433808554,Yoga,16.3,3.5,2.0,1.0,17.53,0.20193487082550282,0.3598210996236407,0.746031746031746,0.7309433233399671,0.5164291889691596,1238.793103448276,164759.48275862072,0.04599453322119429,-1,General fitness improvement recommended.
0.024390243902439046,,86.3,1.89,164.0,131.0,74.0,0.3133333333333333,0.591989137813985,HIIT,19.5,2.4,,2.0,28.62,0.32642242660448734,0.350556868090273,0.06349206349206327,0.5005474947047861,0.20089051987322773,1211.340206185567,109020.61855670103,0.028670067255199435,1,High-intensity interval training with strength conditioning and proper recovery.
0.6097560975609757,Female,73.6,1.79,170.0,169.0,72.0,0.4399999999999999,0.7501697216564833,Strength,17.4,1.5,4.0,1.0,14.69,0.2990145941557622,0.35138462072970633,0.19047619047619024,1.0,0.10911427889222067,1213.793103448276,118951.72413793106,0.017569340329835086,10,Balanced cardio and strength training routine for steady and sustainable fitness improvement.
0.7317073170731709,,40.0,2.0,194.0,159.0,70.0,0.6533333333333333,0.07875084860828241,Cardio,13.5,2.5,4.0,2.0,21.29,0.0,0.0373164479261554,0.603174603174603,0.5537487328649444,0.6294130233221596,283.1081081081081,35105.40540540541,0.04222972972972973,10,Balanced cardio and strength training routine for steady and sustainable fitness improvement.
0.7560975609756098,Female,56.0,1.6,183.0,169.0,66.0,0.32,0.6517311608961303,Strength,27.9,1.7,5.0,1.0,20.47,0.2737580993520518,0.3766881204101767,0.49206349206349187,0.8194325877338078,0.23235554831018776,1288.7755102040817,150786.73469387754,0.03097667638483965,10,Balanced cardio and strength training routine for steady and sustainable fitness improvement.
0.7317073170731709,Female,40.0,1.66,189.0,120.0,74.0,0.5733333333333335,0.21113374066530888,Cardio,14.8,2.1,3.0,1.0,12.32,0.10410634156166382,0.09413190833109364,0.46031746031746024,0.08157849590847843,0.5058840310962129,451.4705882352941,51919.11764705882,0.03860294117647059,10,Balanced cardio and strength training routine for steady and sustainable fitness improvement.
0.21951219512195125,Female,55.8,1.67,192.0,167.0,74.0,1.0,0.23014256619144602,Yoga,28.8,3.4,3.0,2.0,28.68,0.23071499039659465,0.050103413774043,0.5079365079365079,0.6821141322147479,0.6100424376236465,321.0,37878.0,0.03046594982078853,8,Endurance-focused training with longer cardio sessions and attention to pacing and recovery.
0.5609756097560976,Male,73.2,1.75,190.0,137.0,58.0,0.49333333333333335,0.5057705363204346,Strength,30.4,3.4,2.0,3.0,23.65,0.32048810703092206,0.2269864402869982,0.7301587301587298,0.30180715942225,0.43112536503597454,845.1612903225806,111561.29032258064,0.03745813502555967,-1,General fitness improvement recommended.
0.6341463414634148,Male,40.0,1.72,179.0,124.0,74.0,0.23333333333333334,0.5023761031907672,Cardio,22.8,2.1,5.0,3.0,20.78,0.08116661532125402,0.35586125942880004,0.3015873015873014,0.22940875690196005,0.5058840310962129,1227.0588235294117,128841.17647058822,0.06176470588235295,10,Balanced cardio and strength training routine for steady and sustainable fitness improvement.
0.878048780487805,Male,58.5,1.96,185.0,133.0,60.0,1.0,0.5621181262729125,Yoga,13.1,2.5,3.0,1.0,18.11,0.1205234149671543,0.13261217735672154,0.6190476190476188,0.29635152498125805,0.38525849808925194,565.5,70687.5,0.021367521367521368,5,Endurance-focused training with longer cardio sessions and attention to pacing and recovery.
0.6585365853658538,Female,57.5,1.55,190.0,123.0,54.0,0.5533333333333335,0.4005431093007467,HIIT,28.8,3.3,3.0,1.0,17.65,0.32121110249840396,0.16835874364159223,0.7936507936507935,0.11340591672666678,0.5663058207719477,671.4285714285714,91314.28571428571,0.04315135665250081,10,Balanced cardio and strength training routine for steady and sustainable fitness improvement.
0.14634146341463422,Female,55.6,1.73,175.0,120.0,71.0,0.39333333333333337,0.3204344874405974,Yoga,17.2,3.0,4.0,2.0,22.74,0.1977351779834457,0.1817155804749772,0.2857142857142856,0.21145146139477644,0.5238801612586259,711.0091743119266,73944.95412844037,0.04950168305722394,3,"Beginner-friendly workouts focusing on light cardio, mobility, and building consistency."
0.34146341463414637,Female,42.4,1.79,176.0,135.0,56.0,0.7533333333333332,0.3665987780040733,Yoga,27.1,1.5,2.0,2.0,18.17,0.07453240407275302,0.11630544704799164,0.5396825396825395,0.41940501302038613,0.29436976610555865,517.1779141104295,62061.34969325153,0.021703900914457692,-1,General fitness improvement recommended.
0.0,,40.0,1.68,163.0,137.0,61.0,0.4000000000000001,0.7922606924643585,Cardio,31.7,1.7,4.0,3.0,19.34,0.09618616117584927,0.39274716928805553,0.25396825396825395,0.6071955015480004,0.382355038870266,1336.3636363636363,136309.0909090909,0.03863636363636363,1,High-intensity interval training with strength conditioning and proper recovery.
0.3658536585365854,Female,77.0,1.69,191.0,154.0,58.0,0.4399999999999999,0.6001357773251867,Cardio,29.1,3.2,4.0,2.0,12.32,0.3909805185065109,0.28709283329661994,0.746031746031746,0.519729763632212,0.3707240623295114,1023.2758620689656,136095.68965517243,0.03582624272279445,0,Balanced cardio and strength training routine for steady and sustainable fitness improvement.
0.2439024390243903,Female,74.7,1.69,163.0,158.0,58.0,0.5800000000000001,0.37406653088934144,HIIT,14.0,3.4,4.0,2.0,13.79,0.372415824921487,0.15213677588307803,0.3015873015873014,0.9366087173040816,0.4196039083466978,623.3576642335765,65452.554744525536,0.03322291599487976,6,Balanced cardio and strength training routine for steady and sustainable fitness improvement.
1.0,Male,65.1,1.68,161.0,144.0,62.0,1.0,0.5071283095723014,Strength,26.1,2.0,5.0,3.0,23.59,0.30120252033972633,0.1189450815485478,0.20634920634920628,0.7450599500232609,0.23686217437065823,525.0,51975.0,0.015360983102918589,5,Endurance-focused training with longer cardio sessions and attention to pacing and recovery.
0.07317073170731708,Female,40.0,1.8,176.0,122.0,73.0,0.5800000000000001,0.5892735913102511,HIIT,10.0,3.7,3.0,1.0,19.84,0.05407567394608431,0.23022039075540532,0.26984126984126977,0.2305450010649921,1.0,854.7445255474452,88038.68613138686,0.06751824817518248,-1,General fitness improvement recommended.
0.12195121951219517,Male,64.3,1.58,160.0,123.0,62.0,0.3466666666666666,0.7175831636116767,Strength,22.0,3.4,4.0,1.0,19.45,0.36325314249950863,0.3917245657857604,0.19047619047619024,0.4237633209885876,0.5105427839134433,1333.3333333333333,130666.66666666666,0.051840331778123375,1,High-intensity interval training with strength conditioning and proper recovery.
0.07317073170731708,Male,100.4,1.62,188.0,128.0,73.0,0.5999999999999999,0.21113374066530888,Strength,29.3,3.3,2.0,1.0,33.21,0.6514028065539033,0.08977896880094599,0.46031746031746024,0.1990168157631096,0.2633784099036419,438.5714285714286,50435.71428571429,0.023477518497438815,-1,General fitness improvement recommended.
0.12195121951219517,Male,52.3,1.74,184.0,122.0,65.0,0.5866666666666667,0.4154786150712831,Yoga,10.0,3.5,4.0,1.0,18.17,0.16769922690557992,0.1655291171802726,0.5238095238095237,0.15348506307650345,0.6840326781065769,663.0434782608696,78902.17391304349,0.04849391747720786,2,Balanced cardio and strength training routine for steady and sustainable fitness improvement.
0.8048780487804879,Male,57.3,1.71,188.0,169.0,50.0,0.39333333333333337,0.7277664630006788,Strength,28.1,3.6,2.0,3.0,19.69,0.22121436583367549,0.3674729139194047,0.8253968253968251,0.7566329558081679,0.6334552023871449,1261.467889908257,174082.56880733944,0.05763965608338537,-1,General fitness improvement recommended.
0.04878048780487804,Male,92.8,2.0,195.0,154.0,58.0,0.6266666666666667,0.253224711473184,Yoga,24.3,1.5,4.0,2.0,16.6,0.30430373991133347,0.10019735067313801,0.8095238095238093,0.4774412849388283,0.05702652917175963,469.44444444444446,64313.88888888889,0.011224856321839081,3,"Beginner-friendly workouts focusing on light cardio, mobility, and building consistency."
0.0,Male,56.2,1.75,164.0,127.0,57.0,0.6333333333333333,0.44059742023082143,Strength,29.6,3.5,4.0,3.0,17.29,0.19251869259696608,0.1633384153145613,0.33333333333333326,0.4381847140215791,0.62666549235628,656.551724137931,70251.03448275862,0.04295005522149957,-1,General fitness improvement recommended.
0.14634146341463422,Female,65.3,1.74,178.0,168.0,63.0,0.4133333333333334,0.4623217922606924,HIIT,25.6,3.3,4.0,2.0,19.87,0.2666862387913654,0.23826099733419157,0.46031746031746024,0.8713958281495873,0.4816227856858336,878.5714285714284,101035.71428571428,0.04512141763290308,6,Balanced cardio and strength training routine for steady and sustainable fitness improvement.
0.4634146341463415,Male,60.2,1.76,194.0,169.0,72.0,0.8,0.5505770536320433,Yoga,31.4,1.8,4.0,2.0,32.81,0.217494201159862,0.16291402448987657,0.5714285714285712,0.6855463621438873,0.22671261261880313,655.2941176470589,79945.88235294119,0.017588430721125658,5,Endurance-focused training with longer cardio sessions and attention to pacing and recovery.
0.878048780487805,Female,56.6,1.67,199.0,123.0,60.0,0.39333333333333337,0.44738628649015616,Strength,25.0,3.1,5.0,2.0,12.32,0.23732786676495388,0.23960994939849042,0.841269841269841,0.03854583931675615,0.5339290408153545,882.5688073394494,122677.06422018347,0.05024799818458845,10,Balanced cardio and strength training routine for steady and sustainable fitness improvement.
0.07317073170731708,,105.4,1.77,188.0,169.0,72.0,0.6333333333333333,0.4725050916496945,Strength,22.5,3.7,3.0,3.0,25.09,0.5450483557922512,0.17427674657014522,0.47619047619047605,0.7566329558081679,0.29099749670695907,688.9655172413793,79920.0,0.024209906431983248,6,Balanced cardio and strength training routine for steady and sustainable fitness improvement.
0.39024390243902446,Male,63.8,1.8,192.0,129.0,54.0,0.9466666666666665,0.6286490156143925,Cardio,13.8,3.1,4.0,2.0,14.24,0.223417916040401,0.1577880364560375,0.8253968253968251,0.17606615146247462,0.4575760631332447,640.1041666666667,88334.37500000001,0.02530694879832811,7,Endurance-focused training with longer cardio sessions and attention to pacing and recovery.
0.5853658536585367,Female,58.4,1.7,164.0,156.0,50.0,0.6199999999999999,0.7630685675492193,Strength,23.6,2.5,,1.0,16.68,0.23531929137528407,0.278530224262482,0.4444444444444442,0.8903148739748299,0.38616243931558636,997.9020979020979,113760.83916083917,0.029935817607050483,10,Balanced cardio and strength training routine for steady and sustainable fitness improvement.
0.6097560975609757,Female,43.9,1.82,173.0,164.0,72.0,0.74,0.17922606924643586,HIIT,16.3,3.2,3.0,1.0,19.29,0.07499773809717136,0.06062333615134904,0.23809523809523792,0.8820238684504726,0.757795945197076,352.17391304347825,35569.565217391304,0.04527511707862308,10,Balanced cardio and strength training routine for steady and sustainable fitness improvement.
0.902439024390244,Female,91.1,1.85,190.0,149.0,74.0,0.6599999999999999,0.2348947725729803,Strength,31.8,3.0,3.0,1.0,29.5,0.38309925863729527,0.08876626778702404,0.47619047619047605,0.4632939388756072,0.2641482342896193,435.5704697986577,50526.17449664429,0.022101238406058685,10,Balanced cardio and strength training routine for steady and sustainable fitness improvement.
0.6097560975609757,Female,40.0,1.55,172.0,159.0,59.0,0.52,0.799049558723693,Yoga,19.9,3.0,3.0,3.0,21.42,0.15328894286518308,0.3319661736203917,0.4285714285714284,0.8217883300845616,0.7838242636045931,1156.25,130656.25,0.05859375,-1,General fitness improvement recommended.
0.7560975609756098,Female,40.0,1.89,192.0,168.0,50.0,0.6733333333333333,0.36252545824847254,Strength,29.4,3.5,3.0,1.0,16.63,0.02761544442240066,0.1288341991924312,0.8888888888888888,0.695431184339808,0.9382355038870266,554.3046357615895,78711.2582781457,0.057947019867549666,10,Balanced cardio and strength training routine for steady and sustainable fitness improvement.
0.21951219512195125,Female,96.8,1.73,174.0,136.0,71.0,0.94,0.39646978954514595,Strength,31.7,2.6,3.0,2.0,19.05,0.5150850799318685,0.09849434998890574,0.26984126984126977,0.45664266347666627,0.1891495696243121,464.3979057591623,47832.98429319372,0.014062567608498118,8,Endurance-focused training with longer cardio sessions and attention to pacing and recovery.
0.43902439024390244,Male,69.0,1.76,191.0,153.0,73.0,0.34,0.6605566870332653,,16.7,2.9,4.0,1.0,13.89,0.2829865694259031,0.36811356214861074,0.5079365079365079,0.5063429887211575,0.376536644308899,1263.3663366336634,149077.22772277228,0.0416128569378677,-1,General fitness improvement recommended.
0.04878048780487804,Male,43.5,1.52,189.0,146.0,63.0,1.0,0.6177868295994569,Strength,24.3,2.5,4.0,2.0,25.35,0.2035125453558992,0.14644800274277398,0.6349206349206349,0.43331777743386835,0.5672935588407209,606.5,76419.0,0.028735632183908046,7,Endurance-focused training with longer cardio sessions and attention to pacing and recovery.
0.902439024390244,Male,54.2,1.62,197.0,127.0,56.0,0.4533333333333333,0.021724372029871014,Strength,28.3,2.4,2.0,1.0,20.94,0.2455717252821204,0.03758310713077357,0.873015873015873,0.10650652386508086,0.4043486694049595,283.8983050847458,40029.66101694916,0.03752579898680343,10,Balanced cardio and strength training routine for steady and sustainable fitness improvement.
0.39024390243902446,Male,59.8,1.77,186.0,151.0,55.0,0.3133333333333333,0.3319755600814664,Yoga,23.0,2.1,3.0,2.0,24.41,0.20950266282028296,0.21731268597163875,0.714285714285714,0.5339082295326305,0.2911542862486014,816.4948453608248,106960.82474226804,0.03620315139813123,0,Balanced cardio and strength training routine for steady and sustainable fitness improvement.
0.0,Female,52.2,1.75,171.0,165.0,72.0,0.6333333333333333,0.18126272912423624,Strength,26.1,3.4,4.0,1.0,12.48,0.16240824214191768,0.07443538255641108,0.20634920634920628,0.9253255578671564,0.6619517904314847,393.1034482758621,38917.24137931035,0.04492006870128154,-1,General fitness improvement recommended.
0.5365853658536586,Male,45.4,1.84,167.0,156.0,50.0,0.4199999999999999,0.31771894093686354,Cardio,11.5,3.5,4.0,2.0,12.32,0.07860569841110554,0.17202770538560416,0.49206349206349187,0.8466235845141399,0.8096728412730182,682.3008849557523,79829.20353982302,0.06822346107364236,10,Balanced cardio and strength training routine for steady and sustainable fitness improvement.
0.2439024390243903,Female,62.1,1.68,191.0,130.0,74.0,0.23333333333333334,0.539714867617108,Strength,13.9,2.8,4.0,2.0,28.14,0.27669857302930273,0.3776968518601597,0.49206349206349187,0.1984471657668947,0.4143313440237619,1291.764705882353,151136.4705882353,0.05304537273846737,2,Balanced cardio and strength training routine for steady and sustainable fitness improvement.
0.1951219512195122,Male,72.8,1.57,196.0,138.0,61.0,0.36000000000000004,0.7325186693822132,Strength,29.8,3.4,2.0,3.0,16.61,0.45033879856428544,0.39021032598428507,0.7777777777777777,0.25841445337866076,0.4342779394487547,1328.8461538461538,179394.23076923075,0.04490701606086221,2,Balanced cardio and strength training routine for steady and sustainable fitness improvement.
0.21951219512195125,Female,73.5,1.92,168.0,155.0,50.0,0.4533333333333333,0.5057705363204346,Strength,14.2,3.4,5.0,2.0,18.37,0.22910731286233949,0.2414885122621375,0.5079365079365079,0.8171870894832121,0.42878345261505213,888.135593220339,104800.00000000001,0.03920212152657673,6,Balanced cardio and strength training routine for steady and sustainable fitness improvement.
0.09756097560975613,Male,78.4,1.66,182.0,168.0,70.0,0.78,0.13034623217922608,Strength,10.0,2.5,3.0,,19.29,0.4253602403054672,0.04180434339862058,0.41269841269841256,0.8183578193403602,0.2512630471202817,296.4071856287425,33197.604790419166,0.019094464132958573,8,Endurance-focused training with longer cardio sessions and attention to pacing and recovery.
0.8048780487804879,Female,87.1,1.77,185.0,126.0,60.0,0.6399999999999999,0.4663951120162933,Cardio,21.1,3.4,2.0,1.0,12.9,0.41038857111271126,0.1706040687483928,0.6190476190476188,0.19960494089433722,0.3395595470170176,678.082191780822,84760.27397260275,0.026736706352326885,10,Balanced cardio and strength training routine for steady and sustainable fitness improvement.
0.6585365853658538,Male,76.3,1.67,177.0,168.0,50.0,0.6066666666666667,0.4820095044127631,Cardio,11.6,3.1,3.0,3.0,14.42,0.40016994733580097,0.1842230849051609,0.6507936507936507,0.8850298925609987,0.3592439462880198,718.4397163120568,91241.84397163121,0.02881496147160797,10,Balanced cardio and strength training routine for steady and sustainable fitness improvement.
0.3658536585365854,Female,75.5,1.85,181.0,147.0,59.0,0.4799999999999999,0.6544467073998641,HIIT,21.8,2.8,3.0,2.0,18.19,0.27802060483963714,0.2922386562059219,0.5714285714285712,0.5347436603556606,0.31547758778105306,1038.5245901639344,126699.99999999999,0.03039843665182933,0,Balanced cardio and strength training routine for steady and sustainable fitness improvement.
0.6341463414634148,Female,49.3,1.55,193.0,168.0,72.0,0.6533333333333333,0.4175152749490835,Cardio,21.5,3.6,5.0,1.0,21.77,0.2425275762702661,0.1510949065227303,0.5555555555555554,0.6838391389666989,0.7593940876572711,620.2702702702703,75052.7027027027,0.049339400252179165,10,Balanced cardio and strength training routine for steady and sustainable fitness improvement.
0.9268292682926831,Female,92.0,1.86,184.0,167.0,71.0,0.7066666666666668,0.4725050916496945,Cardio,24.2,2.1,5.0,3.0,31.52,0.382516017920056,0.1578826764436297,0.4285714285714284,0.7788075106880088,0.1393251737300881,640.3846153846154,72363.46153846153,0.01463210702341137,10,Balanced cardio and strength training routine for steady and sustainable fitness improvement.
0.4146341463414634,Male,44.0,1.59,168.0,144.0,54.0,0.5933333333333333,0.5003394433129666,,29.0,3.4,2.0,2.0,27.49,0.17069537511702548,0.19426645066633633,0.4444444444444442,0.6497727199110312,0.8118990345650355,748.2014388489209,85294.96402877699,0.05559189012426423,10,Balanced cardio and strength training routine for steady and sustainable fitness improvement.
0.6829268292682928,Male,92.6,1.76,197.0,144.0,74.0,0.3066666666666666,0.6707399864222674,HIIT,13.8,3.3,2.0,2.0,12.37,0.4586251934121042,0.39559128527881376,0.5873015873015872,0.32715047379500595,0.29757893243442457,1344.7916666666667,165409.375,0.037122030237581,9,High-intensity interval training with strength conditioning and proper recovery.
0.12195121951219517,Male,83.0,1.74,160.0,120.0,72.0,0.5666666666666667,0.8995247793618464,Yoga,21.0,3.3,5.0,2.0,15.13,0.4014608626666272,0.34872976964482066,0.03174603174603163,0.3758219333383721,0.34849618859146736,1205.9259259259259,106121.48148148147,0.029451137884872823,1,High-intensity interval training with strength conditioning and proper recovery.
0.07317073170731708,Female,78.5,1.8,179.0,169.0,59.0,0.76,0.25797691785471827,Yoga,23.9,2.7,4.0,1.0,22.33,0.32801165380453773,0.08231841708219842,0.5396825396825395,0.8721983119886465,0.28223361045783457,416.4634146341464,49975.60975609756,0.020972502718657762,8,Endurance-focused training with longer cardio sessions and attention to pacing and recovery.
0.9268292682926831,Female,56.2,1.69,198.0,155.0,74.0,0.76,0.8031228784792939,Cardio,24.4,1.8,2.0,1.0,21.59,0.2230911156506422,0.24754994273657235,0.603174603174603,0.4597597164296583,0.25300128099665453,906.0975609756098,112356.09756097561,0.019529554726152247,9,High-intensity interval training with strength conditioning and proper recovery.
0.9756097560975612,Male,87.4,1.64,188.0,148.0,57.0,0.040000000000000036,0.6422267481330617,Strength,10.0,3.5,3.0,3.0,16.94,0.5185967013117678,0.6944334632419308,0.714285714285714,0.47102468895582117,0.35203814089261654,2230.3571428571427,292176.7857142857,0.07151029748283752,-1,General fitness improvement recommended.
0.1951219512195122,Male,92.2,1.59,176.0,143.0,55.0,0.7133333333333334,0.5071283095723014,Strength,24.5,2.4,4.0,2.0,23.0,0.6102229717108945,0.16746826907225973,0.5555555555555554,0.5356265588390898,0.17890734397319422,668.7898089171974,80923.56687898088,0.016579852715641708,-1,General fitness improvement recommended.
0.0,Male,83.1,1.94,188.0,153.0,56.0,0.6066666666666667,0.5953835709436524,Yoga,24.4,3.3,3.0,2.0,17.84,0.2784822645494333,0.2241916515799707,0.7301587301587298,0.539026657253999,0.34790516648956427,836.8794326241135,110468.08510638299,0.02816396548634048,2,Balanced cardio and strength training routine for steady and sustainable fitness improvement.
0.0,Male,53.1,1.7,181.0,169.0,73.0,0.34,0.975560081466395,Strength,23.8,2.3,4.0,1.0,,0.19304158817904665,0.5231443030114054,0.3492063492063491,0.8455239265228025,0.39241648691880116,1722.7722772277227,186059.40594059406,0.042885644496653046,6,Balanced cardio and strength training routine for steady and sustainable fitness improvement.
0.853658536585366,Female,76.2,1.67,185.0,142.0,68.0,0.7,0.34012219959266804,HIIT,25.5,3.4,3.0,1.0,18.46,0.3993433377897561,0.11682235460104173,0.49206349206349187,0.4207399902358713,0.4085360523144792,518.7096774193549,60689.03225806452,0.028786724240115146,10,Balanced cardio and strength training routine for steady and sustainable fitness improvement.
0.14634146341463422,Female,47.3,1.92,189.0,155.0,74.0,0.5999999999999999,0.13713509843856075,HIIT,29.5,3.4,5.0,2.0,12.34,0.065262690168997,0.06350536310269311,0.46031746031746024,0.5550736825772726,0.7453030662402652,360.7142857142857,41482.142857142855,0.05134400483237694,8,Endurance-focused training with longer cardio sessions and attention to pacing and recovery.
0.3170731707317073,Female,71.4,1.68,180.0,143.0,68.0,0.5800000000000001,0.20570264765784113,Yoga,23.8,3.2,2.0,2.0,21.59,0.3526608096916159,0.09104927907444349,0.41269841269841256,0.48946077813888245,0.4109881596173167,442.33576642335765,49541.60583941606,0.03271381545318857,4,"Beginner-friendly workouts focusing on light cardio, mobility, and building consistency."
0.14634146341463422,Male,103.6,1.88,175.0,154.0,60.0,0.7,0.09029192124915136,Yoga,20.9,3.2,3.0,1.0,13.85,0.4452034221098771,0.03670301955670977,0.46031746031746024,0.7082155543798656,0.2389135546542294,281.2903225806452,32348.387096774197,0.019927761863245737,8,Endurance-focused training with longer cardio sessions and attention to pacing and recovery.
0.4146341463414634,Female,81.0,1.78,196.0,151.0,67.0,1.0,0.6401900882552614,HIIT,10.0,3.3,3.0,1.0,19.74,0.358823764347824,0.15201607881277068,0.6825396825396823,0.42800303554268804,0.3606230865342198,623.0,80367.0,0.02037037037037037,5,Endurance-focused training with longer cardio sessions and attention to pacing and recovery.
0.902439024390244,Female,94.9,1.52,196.0,120.0,73.0,1.0,0.6829599456890698,HIIT,27.9,1.5,2.0,,12.32,0.7163849140209912,0.16264604221912804,0.5873015873015872,0.023599493459238507,0.0526081267982115,654.5,80503.5,0.007903055848261327,10,Balanced cardio and strength training routine for steady and sustainable fitness improvement.
0.26829268292682934,Female,40.0,1.77,191.0,169.0,58.0,0.4666666666666666,0.21045485403937542,Strength,22.2,2.2,4.0,2.0,29.56,0.06380519087192837,0.11416441017531831,0.746031746031746,0.7205313872980357,0.5367662791526996,510.83333333333337,67940.83333333334,0.045833333333333344,-1,General fitness improvement recommended.
0.4146341463414634,Male,69.5,1.68,172.0,155.0,59.0,0.8533333333333333,0.7107942973523422,HIIT,23.6,1.6,3.0,,16.62,0.3371416430616809,0.1977171485244972,0.4285714285714284,0.7623261438517366,0.14174011336540923,758.4269662921348,85702.24719101124,0.012933473445962332,5,Endurance-focused training with longer cardio sessions and attention to pacing and recovery.
0.4634146341463415,Male,48.3,1.81,167.0,134.0,69.0,0.98,0.6605566870332653,Yoga,26.1,1.8,3.0,2.0,20.81,0.10934508729619868,0.1603566302309568,0.19047619047619024,0.5097898828599319,0.31771331467749575,647.7157360406092,63476.1421319797,0.018917299870731784,8,Endurance-focused training with longer cardio sessions and attention to pacing and recovery.
0.0,Male,44.8,1.67,193.0,137.0,61.0,0.5333333333333334,0.28241683638832316,Yoga,21.6,2.3,4.0,1.0,12.32,0.1397879403316546,0.12841989630635106,0.7301587301587298,0.27314953146226295,0.4915458444985583,553.0769230769231,73006.15384615384,0.03949175824175824,3,"Beginner-friendly workouts focusing on light cardio, mobility, and building consistency."
0.878048780487805,Male,68.9,1.78,187.0,155.0,60.0,0.6133333333333333,0.41412084181941616,,30.7,3.4,3.0,1.0,17.82,0.27078402980713395,0.158751003090351,0.6507936507936507,0.5775004981414171,0.4669338517622694,642.9577464788732,81655.6338028169,0.03475132361659069,-1,General fitness improvement recommended.
0.21951219512195125,Female,40.0,1.72,178.0,132.0,72.0,0.21999999999999992,0.3761031907671419,Cardio,27.3,3.2,4.0,2.0,17.8,0.08116661532125402,0.29021576752781875,0.3174603174603172,0.3542752422596236,0.8455887597175665,1032.5301204819277,109448.19277108434,0.0963855421686747,-1,General fitness improvement recommended.
0.4146341463414634,Female,66.7,1.72,171.0,153.0,65.0,0.4333333333333333,0.3211133740665309,HIIT,18.7,2.5,4.0,1.0,22.98,0.28922619952608125,0.1694905942261201,0.3174603174603172,0.7458958029189819,0.3203590416474239,674.7826086956522,71526.95652173914,0.03259239945244769,6,Balanced cardio and strength training routine for steady and sustainable fitness improvement.
0.6341463414634148,Male,47.3,1.72,198.0,164.0,70.0,0.6399999999999999,0.5431093007467753,Strength,26.7,1.5,4.0,,23.85,0.13805181999148763,0.19672248285838154,0.6666666666666665,0.5759812622483622,0.2490978120557009,755.4794520547946,96701.36986301371,0.021720872310231985,-1,General fitness improvement recommended.
0.5121951219512195,Female,70.3,1.74,170.0,152.0,59.0,1.0,0.38085539714867617,Cardio,20.4,1.5,3.0,2.0,17.03,0.30475816643974446,0.08756138006311179,0.39682539682539675,0.7443125991988513,0.12093219650305079,432.0,47952.0,0.010668563300142249,-1,General fitness improvement recommended.
0.1951219512195122,Male,57.8,1.61,162.0,135.0,65.0,0.94,0.25865580448065173,Yoga,18.2,3.7,3.0,1.0,12.32,0.28352169484182704,0.06262827217804323,0.17460317460317443,0.5888947673393292,0.6481133465397555,358.1151832460733,34737.17277486911,0.033515099911230285,8,Endurance-focused training with longer cardio sessions and attention to pacing and recovery.
0.0,Male,40.0,1.72,193.0,138.0,74.0,0.6066666666666667,0.28716904276985744,Yoga,28.0,3.7,2.0,3.0,32.62,0.08116661532125402,0.11553459008078709,0.5238095238095237,0.28639758331724474,1.0,514.8936170212767,61272.340425531926,0.06560283687943262,8,Endurance-focused training with longer cardio sessions and attention to pacing and recovery.
0.3658536585365854,Male,79.8,1.53,172.0,148.0,72.0,0.9866666666666666,0.5627970128988458,Yoga,14.7,1.7,3.0,2.0,16.6,0.5553417099788089,0.13471021887559695,0.2222222222222221,0.6582673179442922,0.12051382289258558,571.7171717171717,57171.71717171717,0.010759221285537074,-1,General fitness improvement recommended.
0.0,,75.8,1.99,191.0,167.0,71.0,0.6866666666666668,0.3713509843856076,HIIT,10.0,3.5,4.0,1.0,15.4,0.2107287442437243,0.1292563335300232,0.5396825396825395,0.6937578374759261,0.42774135065776764,555.5555555555555,66666.66666666667,0.03017917809164123,-1,General fitness improvement recommended.
0.7073170731707319,Female,74.7,1.77,195.0,130.0,68.0,0.9533333333333334,0.5112016293279023,HIIT,22.1,3.4,4.0,2.0,24.44,0.3191436896905095,0.12641988927322545,0.6507936507936507,0.16274909933741455,0.4196039083466978,547.1502590673575,69488.0829015544,0.02358310617253123,5,Endurance-focused training with longer cardio sessions and attention to pacing and recovery.
0.5853658536585367,Female,86.7,1.7,196.0,135.0,68.0,0.4799999999999999,0.4209097080787508,Strength,27.2,3.2,3.0,2.0,17.49,0.4610662725929296,0.1970862385169567,0.6666666666666665,0.21927862672542386,0.31328851178661243,756.5573770491803,96839.34426229508,0.030253181311097246,-1,General fitness improvement recommended.
0.0,Male,40.9,1.87,160.0,140.0,50.0,0.52,0.6503733876442634,HIIT,17.1,2.1,4.0,2.0,39.61,0.03910011814390835,0.2742290211900281,0.38095238095238093,0.695431184339808,0.4916132612119195,985.15625,108367.1875,0.040113080684596576,6,Balanced cardio and strength training routine for steady and sustainable fitness improvement.
0.2439024390243903,Male,87.3,1.51,190.0,168.0,56.0,1.0,0.6809232858112695,Yoga,32.0,2.3,4.0,2.0,14.46,0.6521273960784912,0.16213985348549198,0.7619047619047619,0.7189813396767559,0.18280548413184514,653.0,87502.0,0.013172966781214204,7,Endurance-focused training with longer cardio sessions and attention to pacing and recovery.
0.2926829268292683,Male,100.1,1.76,170.0,160.0,55.0,0.6199999999999999,0.9443312966734554,HIIT,25.9,1.8,3.0,2.0,15.73,0.5144425527297529,0.34153833236543274,0.46031746031746024,0.8646360819288033,0.07948687786074565,1184.6153846153848,136230.76923076925,0.012574837749662926,6,Balanced cardio and strength training routine for steady and sustainable fitness improvement.
0.0,Female,80.8,1.85,188.0,141.0,74.0,0.4599999999999999,0.36320434487440595,Yoga,12.1,3.5,2.0,1.0,14.81,0.31372040388627737,0.17941832941851465,0.4444444444444442,0.3758219333383721,0.3924452783342667,704.2016806722689,80278.99159663866,0.03640069889341876,3,"Beginner-friendly workouts focusing on light cardio, mobility, and building consistency."
0.9756097560975612,Female,68.6,1.72,164.0,155.0,72.0,0.48666666666666664,0.33536999321113375,Yoga,27.2,2.5,2.0,1.0,12.32,0.30403193772792286,0.16044158342521708,0.09523809523809512,0.8747241788040281,0.3075353650074659,647.9674796747968,59613.0081300813,0.029628576169143616,10,Balanced cardio and strength training routine for steady and sustainable fitness improvement.
0.6829268292682928,Female,45.7,1.96,168.0,137.0,64.0,0.5866666666666667,0.6788866259334692,Strength,29.8,3.3,2.0,2.0,22.82,0.04371104135733678,0.2604089377845205,0.2857142857142856,0.5432363029105529,0.7493604856859755,944.2028985507247,98197.10144927537,0.052326134525734945,10,Balanced cardio and strength training routine for steady and sustainable fitness improvement.
0.024390243902439046,Female,55.2,1.71,172.0,136.0,74.0,0.9533333333333334,0.24915139171758316,Yoga,10.0,3.1,4.0,1.0,20.85,0.20465817465613112,0.05892805812175015,0.19047619047619024,0.4798807592458161,0.5510884811499108,347.1502590673575,34020.72538860104,0.029098145227904184,8,Endurance-focused training with longer cardio sessions and attention to pacing and recovery.
0.3170731707317073,Female,91.7,1.74,172.0,166.0,56.0,0.52,0.3998642226748133,Yoga,19.8,3.1,4.0,3.0,12.32,0.4677060167748068,0.17694587394434688,0.47619047619047605,0.9258471559920061,0.274957558987893,696.875,80837.5,0.026410850599781897,-1,General fitness improvement recommended.
0.7073170731707319,Male,78.7,1.69,170.0,144.0,57.0,0.3333333333333333,0.36795655125594023,Yoga,24.5,1.9,4.0,1.0,22.0,0.40470224854761555,0.22693201139090827,0.4285714285714284,0.6239891164688989,0.15558437620389162,845.0,95485.0,0.0241423125794155,10,Balanced cardio and strength training routine for steady and sustainable fitness improvement.
0.09756097560975613,Male,47.1,1.87,165.0,132.0,68.0,0.14666666666666667,0.251866938221317,Strength,31.7,3.2,2.0,2.0,34.98,0.07997361881702114,0.2576782900265804,0.17460317460317443,0.5036656337389465,0.6966196141032612,936.1111111111112,90802.77777777778,0.09436187780136825,-1,General fitness improvement recommended.
0.12195121951219517,Male,85.1,1.79,194.0,138.0,55.0,0.4399999999999999,0.35709436524100474,Strength,23.7,2.6,4.0,2.0,19.2,0.3817564270389227,0.18294595591632612,0.841269841269841,0.27697371137916504,0.23476619886353114,714.6551724137931,99337.06896551725,0.026338182260221246,3,"Beginner-friendly workouts focusing on light cardio, mobility, and building consistency."
0.7317073170731709,Female,87.9,1.5,180.0,164.0,68.0,0.6066666666666667,0.4555329260013578,Yoga,22.1,2.6,4.0,1.0,13.04,0.6700829828350576,0.1748891082565526,0.41269841269841256,0.7877627457402228,0.22274405716307713,690.7801418439717,77367.37588652482,0.020978061788460452,10,Balanced cardio and strength training routine for steady and sustainable fitness improvement.
0.14634146341463422,Female,74.2,1.58,177.0,140.0,71.0,0.52,0.32382892057026474,Strength,23.6,1.9,4.0,2.0,30.92,0.45467591326280793,0.14741819781557644,0.3174603174603172,0.4805526483557916,0.1736709529467831,609.375,64593.75,0.020005053908355795,3,"Beginner-friendly workouts focusing on light cardio, mobility, and building consistency."
0.09756097560975613,Male,49.6,1.87,190.0,137.0,54.0,0.7333333333333334,0.6945010183299389,HIIT,30.5,1.9,5.0,1.0,14.25,0.09645486908843759,0.22144830010985092,0.7936507936507935,0.30180715942225,0.330552558259385,828.75,112710.0,0.023941532258064512,2,Balanced cardio and strength training routine for steady and sustainable fitness improvement.
0.0,Male,63.9,1.86,161.0,147.0,51.0,0.8866666666666667,0.5940257976917855,Strength,24.0,3.3,2.0,1.0,24.05,0.19526948277348832,0.1590068310503456,0.38095238095238093,0.7927035650793752,0.4952999742505624,643.7158469945355,70808.7431693989,0.02822032376407809,8,Endurance-focused training with longer cardio sessions and attention to pacing and recovery.
0.6097560975609757,Male,75.0,1.8,170.0,141.0,61.0,0.39333333333333337,0.33061778682959947,Yoga,32.8,2.4,3.0,2.0,,0.3031083829083147,0.1863595138110879,0.3650793650793649,0.5788678104451668,0.2526495970330219,724.7706422018348,78999.99999999999,0.029357798165137613,10,Balanced cardio and strength training routine for steady and sustainable fitness improvement.
0.878048780487805,Male,69.8,1.75,170.0,131.0,72.0,0.5266666666666666,0.44195519348268836,Strength,32.0,3.2,2.0,1.0,21.66,0.29489422414413086,0.19134184228951984,0.19047619047619024,0.42846345703272615,0.42367884930688304,739.5348837209302,72474.41860465116,0.03553897070256103,10,Balanced cardio and strength training routine for steady and sustainable fitness improvement.
0.5853658536585367,Female,40.5,1.64,196.0,137.0,59.0,0.4133333333333334,0.5750169721656484,Yoga,13.4,3.7,5.0,2.0,12.32,0.11660368776684665,0.28827726506251705,0.8095238095238093,0.24536917782758194,0.9858932940976542,1026.7857142857142,140669.64285714284,0.08156966490299823,10,Balanced cardio and strength training routine for steady and sustainable fitness improvement.
0.0,Female,43.8,1.96,193.0,142.0,50.0,0.35333333333333333,0.8737270875763747,Strength,29.7,3.6,2.0,3.0,21.88,0.0323092046496295,0.4627111195858558,0.9047619047619047,0.3393897907371719,0.8726636073287332,1543.6893203883494,220747.57281553396,0.07979784545817263,2,Balanced cardio and strength training routine for steady and sustainable fitness improvement.
0.14634146341463422,Female,45.7,1.63,199.0,144.0,71.0,0.2933333333333333,0.5661914460285131,Yoga,19.6,1.8,2.0,3.0,12.32,0.16599531147155216,0.3499610036016029,0.6666666666666665,0.30836671453404896,0.34390427487871034,1209.5744680851064,154825.53191489363,0.04190139205735835,2,Balanced cardio and strength training routine for steady and sustainable fitness improvement.
0.17073170731707316,Male,40.8,1.69,194.0,145.0,54.0,0.7666666666666666,0.7128309572301426,HIIT,24.4,2.5,4.0,1.0,22.31,0.09878838469004703,0.21849553249697387,0.8571428571428572,0.369232051874425,0.614274666431725,820.0,114800.0,0.03713606654783126,2,Balanced cardio and strength training routine for steady and sustainable fitness improvement.
1.0,Male,82.0,1.51,185.0,121.0,70.0,0.8800000000000001,0.21860149355057706,Strength,28.5,2.2,4.0,3.0,24.72,0.5985409032768043,0.05766472386843081,0.46031746031746024,0.13050023797510768,0.18877606934545918,343.4065934065934,39491.75824175824,0.01474135620477084,10,Balanced cardio and strength training routine for steady and sustainable fitness improvement.
0.26829268292682934,Female,60.9,1.92,192.0,151.0,67.0,0.6666666666666667,0.7494908350305498,Cardio,18.0,3.5,5.0,1.0,43.3,0.1503118072922588,0.2583157128763443,0.6190476190476188,0.4690412982137908,0.5672935588407209,938.0,117250.0,0.038314176245210725,-1,General fitness improvement recommended.
0.21951219512195125,Male,55.0,1.68,169.0,136.0,64.0,0.38000000000000006,0.7372708757637474,Cardio,24.6,2.1,4.0,2.0,18.54,0.21870589772796706,0.37984516248339795,0.3015873015873014,0.5157691793390007,0.3290129740454254,1298.1308411214952,136303.738317757,0.0356839422259983,1,High-intensity interval training with strength conditioning and proper recovery.
0.39024390243902446,Female,80.0,2.0,173.0,125.0,56.0,0.8800000000000001,0.31907671418873046,Strength,22.3,2.8,4.0,2.0,14.62,0.2305331362964647,0.08510645741353615,0.49206349206349187,0.30561874525713173,0.28970829470080595,424.7252747252747,49692.85714285714,0.01923076923076923,7,Endurance-focused training with longer cardio sessions and attention to pacing and recovery.
0.14634146341463422,Male,44.3,1.65,189.0,129.0,56.0,0.9333333333333333,0.4541751527494908,Yoga,27.8,3.3,2.0,1.0,15.86,0.1445859798810702,0.11441602445811988,0.746031746031746,0.20333440105188272,0.7775502177240429,511.5789473684211,68040.0,0.039206368064631104,7,Endurance-focused training with longer cardio sessions and attention to pacing and recovery.
0.14634146341463422,Male,63.6,1.74,199.0,135.0,61.0,0.54,0.12423625254582482,HIIT,26.1,2.2,2.0,3.0,25.85,0.2537417833909166,0.06697379553782207,0.8253968253968251,0.19272919658378074,0.2846583673456572,370.9923664122137,51196.94656488549,0.02640549234240722,3,"Beginner-friendly workouts focusing on light cardio, mobility, and building consistency."
0.26829268292682934,Female,50.2,1.89,197.0,125.0,51.0,0.6399999999999999,0.6673455532926,Strength,27.6,3.3,2.0,3.0,15.27,0.0934433325057113,0.23902044553208004,0.9523809523809521,0.08054841210861907,0.6693999978972918,880.8219178082192,128600.0,0.04502537794029362,2,Balanced cardio and strength training routine for steady and sustainable fitness improvement.
0.9756097560975612,Male,43.6,1.67,176.0,142.0,74.0,0.4199999999999999,0.5336048879837068,HIIT,26.7,3.4,4.0,2.0,28.29,0.12986862577911573,0.26699408727130836,0.25396825396825395,0.5210988656117519,0.820656302571045,963.7168141592921,98299.1150442478,0.0690103109523423,10,Balanced cardio and strength training routine for steady and sustainable fitness improvement.
0.48780487804878053,Male,60.5,1.72,187.0,139.0,50.0,0.56,0.5383570943652409,Yoga,20.9,3.7,4.0,2.0,25.58,0.2409127380253348,0.21779039396255542,0.8095238095238093,0.35873052954150375,0.6128233859364437,817.910447761194,112053.73134328357,0.04563957074133465,-1,General fitness improvement recommended.
0.5121951219512195,Female,76.7,1.86,193.0,122.0,65.0,0.5266666666666666,0.9959266802443991,\tYoga,23.1,3.2,3.0,1.0,17.75,0.28056327814274334,0.4048043780244185,0.6666666666666665,0.0744287536375361,0.3727320176375407,1372.093023255814,175627.90697674418,0.03234185339033585,9,High-intensity interval training with strength conditioning and proper recovery.
0.0,Male,71.9,1.88,177.0,159.0,57.0,1.0,0.8608282416836388,Yoga,10.0,2.4,3.0,2.0,15.96,0.2384384713233807,0.2068531916233444,0.5396825396825395,0.7550193497807536,0.2696928182135697,785.5,94260.0,0.01668984700973574,8,Endurance-focused training with longer cardio sessions and attention to pacing and recovery.
0.17073170731707316,Female,59.2,1.84,168.0,160.0,51.0,0.6866666666666668,0.7963340122199591,Yoga,25.1,3.7,4.0,2.0,13.81,0.17257300940151232,0.2673278573889236,0.49206349206349187,0.8932845301978394,0.6294130233221596,964.7058823529411,112870.58823529411,0.04084967320261438,-1,General fitness improvement recommended.
0.21951219512195125,Male,57.4,1.89,193.0,128.0,51.0,0.27999999999999997,0.5553292600135777,Yoga,22.4,3.5,4.0,2.0,16.0,0.1399100770351071,0.352965669997685,0.8888888888888888,0.15391706476742684,0.6105823842633262,1218.4782608695652,173023.91304347827,0.0662778366914104,2,Balanced cardio and strength training routine for steady and sustainable fitness improvement.
0.3658536585365854,Male,69.5,1.75,178.0,131.0,74.0,0.6733333333333333,0.9151391717583162,Strength,32.4,1.6,3.0,3.0,21.58,0.2926359403600021,0.3107492672629639,0.2857142857142856,0.33991078154045784,0.14174011336540923,1093.3774834437086,113711.25827814569,0.015246081280670828,-1,General fitness improvement recommended.
0.12195121951219517,Male,47.4,1.96,161.0,142.0,65.0,0.4533333333333333,0.09368635437881873,Cardio,18.7,1.6,3.0,1.0,21.34,0.05391268472739069,0.06789723468185993,0.1587301587301586,0.713297539985851,0.27433232309462274,373.7288135593221,35877.96610169492,0.028606164628477444,6,Balanced cardio and strength training routine for steady and sustainable fitness improvement.
0.3658536585365854,Male,76.5,1.75,198.0,139.0,57.0,0.4799999999999999,0.4623217922606924,Strength,12.5,3.4,3.0,1.0,32.82,0.34532922865633703,0.21395919630482554,0.873015873015873,0.25314363497418446,0.40637456513642245,806.5573770491803,113724.59016393442,0.03642987249544627,-1,General fitness improvement recommended.
0.0,Female,53.5,1.68,198.0,134.0,74.0,0.9333333333333333,0.04412763068567549,HIIT,28.1,3.1,5.0,2.0,23.57,0.20645392407275526,0.007139534943669666,0.603174603174603,0.188576109519349,0.573132290882768,193.6842105263158,24016.84210526316,0.03049680275454993,7,Endurance-focused training with longer cardio sessions and attention to pacing and recovery.
0.17073170731707316,Female,83.1,1.72,182.0,167.0,67.0,0.25999999999999995,0.31771894093686354,Strength,23.8,2.3,4.0,1.0,12.32,0.4170230976893458,0.2341172372354052,0.46031746031746024,0.8043090610545827,0.19925415298060303,866.2921348314607,99623.59550561798,0.03109831122649035,6,Balanced cardio and strength training routine for steady and sustainable fitness improvement.
0.7073170731707319,Female,70.4,1.93,177.0,153.0,74.0,0.52,0.36863543788187375,Strength,23.5,1.6,3.0,2.0,12.32,0.20517071602899684,0.16481843553431616,0.26984126984126977,0.6683456545939235,0.13810453151441668,660.9375,68076.5625,0.01775568181818182,10,Balanced cardio and strength training routine for steady and sustainable fitness improvement.
0.5121951219512195,Female,50.3,1.94,164.0,160.0,66.0,0.05333333333333329,0.4677528852681602,Cardio,10.0,2.9,4.0,1.0,14.72,0.07757125194118475,0.5189505463471622,0.19047619047619024,0.9526776546580367,0.5695518069104807,1710.344827586207,167613.7931034483,0.09940357852882704,-1,General fitness improvement recommended.
0.2439024390243903,Female,65.3,1.68,161.0,145.0,73.0,0.14666666666666667,0.07128309572301428,HIIT,32.4,1.7,5.0,,25.26,0.30283611682708783,0.1330058797051052,0.03174603174603163,0.7609411550419658,0.1789483790066377,566.6666666666667,49866.66666666667,0.03615790369236005,6,Balanced cardio and strength training routine for steady and sustainable fitness improvement.
0.04878048780487804,Male,66.2,1.85,196.0,120.0,58.0,0.22666666666666663,0.07942973523421587,HIIT,24.9,1.5,4.0,1.0,12.32,0.2153775612294948,0.11050860265461337,0.8253968253968251,0.023599493459238507,0.13725635112286252,500.0,69000.0,0.026974536037980147,3,"Beginner-friendly workouts focusing on light cardio, mobility, and building consistency."
0.024390243902439046,Female,51.4,1.84,169.0,152.0,58.0,0.4266666666666666,0.591989137813985,\tCardio,20.9,3.5,5.0,3.0,16.95,0.1194610510156302,0.2895987686486597,0.39682539682539675,0.7578400913400882,0.698507547183949,1030.701754385965,114407.8947368421,0.05973103966141035,6,Balanced cardio and strength training routine for steady and sustainable fitness improvement.
0.9756097560975612,Female,78.3,1.52,176.0,123.0,74.0,0.6599999999999999,0.5159538357094364,Cardio,30.5,3.4,3.0,2.0,25.33,0.5507490906777903,0.1825300869035031,0.25396825396825395,0.24507269429233003,0.39375346759098717,713.4228187919463,72769.12751677852,0.02914277387778892,10,Balanced cardio and strength training routine for steady and sustainable fitness improvement.
0.3170731707317073,Female,79.4,1.56,171.0,126.0,69.0,0.6133333333333333,0.44806517311608957,Cardio,21.3,3.1,3.0,3.0,26.3,0.5216172179909817,0.17063336772969528,0.25396825396825395,0.34217885428558925,0.3396488570490791,678.1690140845071,69173.23943661973,0.027494944477950832,4,"Beginner-friendly workouts focusing on light cardio, mobility, and building consistency."
0.17073170731707316,Male,72.5,1.78,177.0,142.0,67.0,0.9933333333333334,0.505091649694501,HIIT,27.4,3.0,4.0,3.0,12.32,0.29697766983576895,0.11932663084525841,0.38095238095238093,0.509443880084735,0.36851127250011684,526.1306532663317,57874.37185929649,0.020793623288858084,8,Endurance-focused training with longer cardio sessions and attention to pacing and recovery.
0.07317073170731708,Male,92.1,1.77,175.0,167.0,74.0,0.7733333333333332,0.2946367956551256,Cardio,25.3,3.3,4.0,2.0,17.16,0.44718086200876045,0.09160275838627846,0.23809523809523792,0.898154766403576,0.2999688461723422,443.9759036144579,44841.566265060246,0.021584710176209727,8,Endurance-focused training with longer cardio sessions and attention to pacing and recovery.
0.902439024390244,Female,72.6,1.55,191.0,137.0,50.0,1.0,0.5302104548540394,Cardio,24.1,2.5,3.0,2.0,19.76,0.46610393738192596,0.1246818871964232,0.873015873015873,0.2921545901442788,0.28273213949245357,542.0,76422.0,0.01721763085399449,5,Endurance-focused training with longer cardio sessions and attention to pacing and recovery.
0.5365853658536586,Male,76.7,1.68,177.0,133.0,57.0,0.25999999999999995,0.4623217922606924,Cardio,27.3,3.1,2.0,3.0,23.76,0.3959511166066974,0.3148799340627324,0.5396825396825395,0.3794333373044898,0.35662654277105477,1105.6179775280898,132674.15730337077,0.04541259540307341,-1,General fitness improvement recommended.
0.1951219512195122,Female,78.3,1.58,184.0,141.0,68.0,0.6666666666666667,0.7691785471826205,Yoga,15.0,3.7,3.0,1.0,28.61,0.49253786883144685,0.26483992322098693,0.47619047619047605,0.4175100965124723,0.4410825833863692,957.3333333333334,111050.66666666667,0.031502767134951044,2,Balanced cardio and strength training routine for steady and sustainable fitness improvement.
0.1951219512195122,Female,54.2,1.64,190.0,151.0,65.0,0.21333333333333332,0.5980991174473862,Yoga,16.7,3.3,2.0,1.0,19.39,0.23403021837591748,0.4290371228451127,0.6190476190476188,0.49020840211783323,0.6094706122155722,1443.9024390243903,180487.8048780488,0.07425074250742507,2,Balanced cardio and strength training routine for steady and sustainable fitness improvement.
0.0,Male,83.2,1.62,169.0,156.0,57.0,0.5800000000000001,0.38560760353021045,Cardio,10.0,2.5,4.0,,18.69,0.5003141788942784,0.1563242252610893,0.41269841269841256,0.8183578193403602,0.22853768797353416,635.7664233576642,71205.83941605838,0.021932902863559794,-1,General fitness improvement recommended.
0.024390243902439046,Female,64.8,1.6,189.0,149.0,59.0,0.0,0.39171758316361166,\tYoga,22.3,1.9,4.0,2.0,21.61,0.35300386495396147,0.5357071389089078,0.6984126984126982,0.4739030791483363,0.21955602751076206,1760.0,228800.0,0.05864197530864197,2,Balanced cardio and strength training routine for steady and sustainable fitness improvement.
0.17073170731707316,Female,45.5,1.58,182.0,136.0,69.0,1.0,0.5661914460285131,Yoga,17.4,1.7,2.0,2.0,15.04,0.18964222428233446,0.13362455482399369,0.4285714285714284,0.3687975541954833,0.31889371594100213,568.5,64240.5,0.01868131868131868,8,Endurance-focused training with longer cardio sessions and attention to pacing and recovery.
0.5853658536585367,Female,59.0,1.89,175.0,142.0,63.0,0.49999999999999994,0.5356415478615071,HIIT,27.7,3.5,5.0,1.0,17.68,0.15023602026386174,0.23658334324556926,0.41269841269841256,0.5328870509733634,0.5901559283351003,873.6,97843.2,0.04745762711864407,10,Balanced cardio and strength training routine for steady and sustainable fitness improvement.
0.6097560975609757,Female,89.2,1.73,163.0,135.0,67.0,0.6733333333333333,0.7223353699932111,Yoga,14.5,3.5,3.0,1.0,25.4,0.4565448067569167,0.24728012803442426,0.1587301587301586,0.5758228143331356,0.3420557824378102,905.2980132450331,86908.60927152318,0.025985210702937068,10,Balanced cardio and strength training routine for steady and sustainable fitness improvement.
0.7073170731707319,Female,108.3,1.67,176.0,169.0,69.0,0.38000000000000006,0.6116768499660556,Yoga,27.6,3.7,2.0,2.0,13.44,0.6646850020701718,0.3214994206001133,0.33333333333333326,0.9133465827498779,0.2793856965508076,1125.233644859813,120399.99999999999,0.03192930678886099,10,Balanced cardio and strength training routine for steady and sustainable fitness improvement.
0.2926829268292683,Male,87.9,1.62,178.0,138.0,65.0,0.7866666666666666,0.6123557365919892,Yoga,20.9,2.6,4.0,,34.99,0.5416000248245247,0.1838256216138053,0.4285714285714284,0.4404620065746174,0.22274405716307713,717.2619047619048,81050.59523809525,0.01760658757245788,-1,General fitness improvement recommended.
0.7317073170731709,Female,45.9,1.94,169.0,141.0,74.0,0.4199999999999999,0.8173794976238966,Cardio,29.1,3.2,5.0,2.0,12.32,0.050619774640078274,0.3918241112594353,0.1428571428571428,0.5914163393393408,0.7185611250102749,1333.628318584071,126694.69026548674,0.061696261592149165,10,Balanced cardio and strength training routine for steady and sustainable fitness improvement.
0.0,Male,107.0,1.75,177.0,155.0,71.0,1.0,0.2321792260692464,Strength,27.0,3.2,5.0,2.0,27.94,0.5749214133760814,0.050609602507679076,0.3174603174603172,0.6972368863228668,0.22678932202497323,322.5,34185.0,0.014953271028037384,8,Endurance-focused training with longer cardio sessions and attention to pacing and recovery.
0.5121951219512195,Male,40.7,1.84,197.0,145.0,55.0,0.6533333333333333,0.5600814663951119,Strength,25.3,1.5,4.0,1.0,22.28,0.046602338870894544,0.1989776245693851,0.8888888888888888,0.34012952967323695,0.3126233780252752,762.1621621621622,108227.02702702703,0.024902051929078958,-1,General fitness improvement recommended.
0.7804878048780488,Female,88.5,2.0,181.0,146.0,72.0,0.5533333333333335,0.5329260013577732,Cardio,11.9,2.3,4.0,1.0,17.26,0.2795214277594635,0.21783583790677144,0.3650793650793649,0.5206172846207906,0.1783926209152776,818.0451127819548,89166.91729323307,0.019540376364640413,-1,General fitness improvement recommended.
0.6097560975609757,Female,79.0,1.73,186.0,158.0,55.0,0.4666666666666666,0.5723014256619143,Cardio,25.2,3.6,4.0,2.0,19.64,0.377977598022113,0.26405251852421974,0.714285714285714,0.6301346706943534,0.42027374850924337,955.0,125105.0,0.0379746835443038,-1,General fitness improvement recommended.
0.21951219512195125,Female,40.0,1.85,177.0,156.0,65.0,0.72,0.4826883910386965,Cardio,24.0,3.7,5.0,3.0,22.49,0.03889930933855612,0.15835091334426674,0.41269841269841256,0.7116825021873385,1.0,641.7721518987341,71878.48101265822,0.058544303797468354,-1,General fitness improvement recommended.
0.024390243902439046,Male,51.8,1.6,176.0,159.0,72.0,0.4266666666666666,0.18397827562797014,Cardio,25.3,2.0,4.0,2.0,16.69,0.23593625667841306,0.11169266986779719,0.2857142857142856,0.7680696504764981,0.33430273784028863,503.5087719298246,52364.912280701756,0.033868454921086505,6,Balanced cardio and strength training routine for steady and sustainable fitness improvement.
0.48780487804878053,Female,89.3,1.58,184.0,135.0,58.0,0.72,0.46978954514596055,HIIT,24.0,2.9,4.0,3.0,19.02,0.5941187252351126,0.15429286020541225,0.6349206349206349,0.3341337701642717,0.2585148033828317,629.746835443038,79348.10126582278,0.020553673437566446,-1,General fitness improvement recommended.
0.21951219512195125,,80.0,1.86,177.0,153.0,74.0,0.26666666666666666,0.39579090291921243,Strength,25.1,1.6,2.0,1.0,19.41,0.3025530847613795,0.2739888158881869,0.26984126984126977,0.6683456545939235,0.10441480636188574,984.4444444444445,101397.77777777778,0.022222222222222223,6,Balanced cardio and strength training routine for steady and sustainable fitness improvement.
0.3658536585365854,Male,40.0,1.75,185.0,125.0,54.0,1.0,0.38492871690427694,Yoga,18.7,1.8,3.0,1.0,17.77,0.07057136825401983,0.0885737575303839,0.714285714285714,0.18578400031049114,0.41323728692675277,435.0,56985.0,0.0225,7,Endurance-focused training with longer cardio sessions and attention to pacing and recovery.
0.7804878048780488,Female,102.6,1.62,198.0,138.0,66.0,0.6533333333333333,0.5743380855397149,HIIT,10.0,2.7,5.0,2.0,18.48,0.6707280961382736,0.20376589637405054,0.7301587301587298,0.24023012988321746,0.1824331172414311,776.3513513513514,102478.37837837837,0.017780938833570414,10,Balanced cardio and strength training routine for steady and sustainable fitness improvement.
0.024390243902439046,Male,75.3,1.67,166.0,130.0,58.0,0.4799999999999999,0.42430414120841814,HIIT,27.4,3.2,3.0,2.0,23.17,0.39190385187535187,0.1984692678438312,0.3492063492063491,0.4605376384230899,0.38231402658865055,760.655737704918,82150.81967213114,0.034833344218753406,3,"Beginner-friendly workouts focusing on light cardio, mobility, and building consistency."
0.6585365853658538,Male,45.9,1.51,195.0,142.0,57.0,0.76,0.0,Cardio,29.8,2.7,3.0,1.0,12.32,0.23354611268418218,0.004126661479879473,0.8253968253968251,0.32009519213812143,0.5839979526508557,184.75609756097563,25496.341463414636,0.03586800573888092,-1,General fitness improvement recommended.
1.0,Male,66.9,1.57,178.0,120.0,71.0,0.6266666666666667,0.5770536320434487,Yoga,27.5,3.3,2.0,2.0,20.4,0.39515824340386757,0.21198069601776895,0.33333333333333326,0.18190171362963548,0.46669265800210624,800.6944444444445,85674.30555555556,0.03425510712506227,10,Balanced cardio and strength training routine for steady and sustainable fitness improvement.
0.5853658536585367,Female,50.3,1.69,199.0,159.0,69.0,0.3,0.6720977596741344,Yoga,14.8,3.2,3.0,2.0,,0.17546864080210245,0.40107869676991237,0.6984126984126982,0.5010959111178295,0.6432271501863933,1361.0526315789475,176936.84210526317,0.06696662132468349,10,Balanced cardio and strength training routine for steady and sustainable fitness improvement.
0.4634146341463415,Male,44.2,1.5,194.0,154.0,74.0,0.4066666666666667,0.20977596741344195,Cardio,24.0,3.5,2.0,2.0,20.62,0.22233640256147935,0.12783758632864084,0.5396825396825395,0.4878499182254732,0.8355275748303853,551.3513513513514,66162.16216216216,0.07133830663242427,-1,General fitness improvement recommended.
0.0,Female,46.0,1.79,177.0,140.0,68.0,1.0,0.7352342158859471,Cardio,23.6,3.2,3.0,2.0,18.0,0.10043419523617714,0.17563821971578705,0.3650793650793649,0.4805526483557916,0.7166889417426655,693.0,75537.0,0.034782608695652174,8,Endurance-focused training with longer cardio sessions and attention to pacing and recovery.
0.878048780487805,Male,46.3,1.62,161.0,138.0,60.0,0.35333333333333333,0.591989137813985,HIIT,32.2,2.5,4.0,2.0,19.44,0.17617636722915309,0.32674456653798084,0.23809523809523792,0.6497727199110312,0.5243600196742838,1140.7766990291261,115218.44660194175,0.05242299062676928,10,Balanced cardio and strength training routine for steady and sustainable fitness improvement.
0.14634146341463422,Male,87.1,1.9,196.0,122.0,51.0,0.6133333333333333,0.5770536320434487,Yoga,27.6,3.3,3.0,1.0,36.55,0.32568393216398067,0.2157863533592034,0.9365079365079363,0.049690044561396585,0.3253771139256344,811.9718309859155,117735.91549295775,0.026681327921605408,2,Balanced cardio and strength training routine for steady and sustainable fitness improvement.
0.6097560975609757,Female,40.0,1.89,169.0,134.0,54.0,0.046666666666666634,0.6544467073998641,HIIT,21.4,1.5,4.0,2.0,12.32,0.02761544442240066,0.691885604327848,0.46031746031746024,0.4855103153388649,0.3205905427572926,2222.8070175438597,255622.80701754388,0.06578947368421052,-1,General fitness improvement recommended.
0.0,Female,49.3,1.71,162.0,160.0,52.0,0.48666666666666664,0.048879837067209775,Yoga,29.4,3.4,5.0,,14.06,0.158143161347792,0.04466291372634481,0.38095238095238093,0.983474089563324,0.7092809062268666,304.8780487804878,33536.58536585366,0.0560695262125035,-1,General fitness improvement recommended.
0.0,Female,67.9,1.81,194.0,137.0,73.0,0.4599999999999999,0.748133061778683,Cardio,33.8,3.2,2.0,1.0,12.32,0.24726668527583023,0.34020769186761757,0.5555555555555554,0.2637939484512708,0.4395258574372819,1180.672268907563,142861.3445378151,0.039603470254081015,2,Balanced cardio and strength training routine for steady and sustainable fitness improvement.
0.3658536585365854,Male,49.7,1.82,179.0,169.0,71.0,0.7,0.45145960624575693,Cardio,32.2,3.6,4.0,3.0,21.87,0.11536400396238977,0.15252771043601573,0.3492063492063491,0.8721983119886465,0.7521342303876752,624.516129032258,67447.74193548386,0.04673200493282274,10,Balanced cardio and strength training routine for steady and sustainable fitness improvement.
0.7560975609756098,Male,88.4,1.75,192.0,145.0,74.0,0.5133333333333334,0.1289884589273591,Yoga,23.5,2.2,3.0,1.0,12.42,0.43490781876010615,0.07277694901874926,0.5079365079365079,0.38913898546343195,0.16478191568497288,388.18897637795277,45806.299212598424,0.019595966793743543,10,Balanced cardio and strength training routine for steady and sustainable fitness improvement.
0.024390243902439046,Male,129.9,1.82,182.0,158.0,70.0,0.6266666666666667,0.5784114052953158,Cardio,20.2,3.6,,1.0,17.37,0.6735320250642034,0.2124493892896542,0.41269841269841256,0.6778702364825864,0.19970044932601097,802.0833333333334,89833.33333333334,0.01924557351809084,6,Balanced cardio and strength training routine for steady and sustainable fitness improvement.
0.4146341463414634,Male,40.3,1.79,183.0,120.0,68.0,0.49333333333333335,0.7583163611676849,Strength,14.5,1.7,5.0,1.0,13.37,0.05942302589408888,0.3282241870142112,0.46031746031746024,0.13480512110778076,0.3784468635579067,1145.1612903225807,131693.5483870968,0.03401905066837429,-1,General fitness improvement recommended.
0.39024390243902446,Male,72.1,1.78,167.0,163.0,58.0,0.22666666666666663,0.15818058384249828,HIIT,12.1,2.9,3.0,2.0,12.32,0.2940672653881428,0.15711010511634632,0.3650793650793649,0.953797944131388,0.3542140721946603,638.0952380952381,69552.38095238095,0.04788323096228783,6,Balanced cardio and strength training routine for steady and sustainable fitness improvement.
0.7804878048780488,Female,103.8,1.54,185.0,169.0,56.0,1.0,0.3143245078071962,HIIT,27.3,3.1,3.0,1.0,12.32,0.7784624594015046,0.07102588143100033,0.6825396825396823,0.7939053859997096,0.22627770428035351,383.0,49407.0,0.014932562620423893,-1,General fitness improvement recommended.
0.0,Male,41.0,1.97,189.0,149.0,63.0,0.76,0.19891378139850646,Strength,,1.8,2.0,2.0,12.32,0.013014973372814403,0.0644166204048254,0.6349206349206349,0.4739030791483363,0.39967922680439283,363.4146341463415,45790.243902439026,0.026769779892920884,-1,General fitness improvement recommended.
0.43902439024390244,Female,85.1,1.73,194.0,156.0,74.0,0.6066666666666667,0.4894772572980312,Cardio,28.9,3.5,4.0,3.0,13.22,0.4249638699125348,0.1868557449855376,0.5396825396825395,0.5142094440812617,0.36540790627052544,726.2411347517731,87148.93617021276,0.029168854330741473,-1,General fitness improvement recommended.
0.0,Male,81.0,1.64,175.0,169.0,74.0,0.9933333333333334,0.39035980991174474,Yoga,21.7,1.5,2.0,3.0,13.42,0.463740511830158,0.0906680392256621,0.23809523809523792,0.927376183637993,0.08611421492100474,441.20603015075375,44561.80904522613,0.009305788200260562,8,Endurance-focused training with longer cardio sessions and attention to pacing and recovery.
0.7073170731707319,Female,74.1,1.87,168.0,123.0,70.0,0.3,0.493550577053632,Yoga,14.8,1.5,3.0,1.0,21.54,0.25797112174831877,0.30765579364971235,0.19047619047619024,0.33016346890959536,0.10741551062648366,1084.2105263157896,106252.63157894737,0.02130833155763904,-1,General fitness improvement recommended.
0.34146341463414637,,72.1,1.71,173.0,156.0,72.0,0.74,0.20570264765784113,HIIT,12.0,2.7,2.0,2.0,17.91,0.3378960941325599,0.06879781259516127,0.23809523809523792,0.7637869201031209,0.31994805493364875,376.3975155279503,38016.14906832298,0.02325962043745316,8,Endurance-focused training with longer cardio sessions and attention to pacing and recovery.
0.6585365853658538,Female,47.9,1.71,194.0,169.0,70.0,0.1866666666666667,0.31839782756279705,HIIT,23.5,2.8,3.0,2.0,20.37,0.14710570056276245,0.27577706098707216,0.603174603174603,0.6855463621438873,0.5794469643581154,989.7435897435897,122728.20512820513,0.07494245490070124,10,Balanced cardio and strength training routine for steady and sustainable fitness improvement.
0.17073170731707316,Male,113.3,1.75,187.0,155.0,74.0,0.6266666666666667,0.17718940936863542,Strength,22.1,1.6,3.0,2.0,21.36,0.6223453728427828,0.07395052744756428,0.4285714285714284,0.5775004981414171,0.03180200069332392,391.6666666666667,44258.333333333336,0.009806805923310779,8,Endurance-focused training with longer cardio sessions and attention to pacing and recovery.
0.12195121951219517,Male,56.8,1.83,197.0,152.0,56.0,0.4799999999999999,0.6042090970807874,Cardio,23.2,1.6,4.0,2.0,,0.16046934635871146,0.2717698221681794,0.873015873015873,0.4309829208208533,0.2053258140957578,977.8688524590165,137879.50819672132,0.02308935580697299,2,Balanced cardio and strength training routine for steady and sustainable fitness improvement.
0.12195121951219517,Female,78.2,1.9,180.0,131.0,55.0,0.23333333333333334,0.39714867617107946,Strength,16.2,2.3,3.0,1.0,29.89,0.26884889302163895,0.2943245898495138,0.6190476190476188,0.3190025109381167,0.22067738728042388,1044.7058823529412,130588.23529411765,0.03460207612456747,2,Balanced cardio and strength training routine for steady and sustainable fitness improvement.
1.0,Male,40.0,1.78,179.0,139.0,59.0,0.4399999999999999,0.12219959266802444,HIIT,19.7,3.7,,1.0,19.22,0.06050730846614699,0.08229003531972934,0.5396825396825395,0.4436719419308557,1.0,416.3793103448276,49965.51724137931,0.07974137931034483,10,Balanced cardio and strength training routine for steady and sustainable fitness improvement.
0.12195121951219517,Female,69.2,1.73,180.0,165.0,70.0,1.0,0.31364562118126277,HIIT,23.3,1.8,4.0,2.0,21.96,0.30249145629651736,0.07085715185312166,0.38095238095238093,0.8019676013402863,0.17867500978095205,382.5,42075.0,0.01300578034682081,8,Endurance-focused training with longer cardio sessions and attention to pacing and recovery.
0.7317073170731709,Female,91.3,1.58,175.0,152.0,72.0,0.49999999999999994,0.8642226748133062,Yoga,28.9,3.4,2.0,2.0,19.62,0.6125879718539611,0.36724752835482544,0.26984126984126977,0.6789941371454482,0.3173771653582058,1260.8,129862.4,0.029791894852135813,10,Balanced cardio and strength training routine for steady and sustainable fitness improvement.
0.6829268292682928,Male,68.2,1.88,172.0,167.0,70.0,0.6066666666666667,0.285132382892057,Strength,17.2,2.6,5.0,1.0,32.75,0.21430502280886848,0.11481659187704799,0.25396825396825395,0.9407127025502122,0.3282884638270914,512.7659574468086,52302.12765957447,0.027037707202429238,10,Balanced cardio and strength training routine for steady and sustainable fitness improvement.
0.0,Female,45.1,1.86,182.0,169.0,64.0,0.27999999999999997,0.80040733197556,Strength,25.5,3.7,2.0,3.0,18.99,0.06999422082489493,0.4853817082894381,0.5079365079365079,0.8324065776261378,0.8707875785308418,1610.8695652173913,190082.60869565216,0.08917381663935217,6,Balanced cardio and strength training routine for steady and sustainable fitness improvement.
0.04878048780487804,Male,70.5,1.65,179.0,144.0,74.0,0.06666666666666665,0.5756958587915817,Yoga,15.5,3.5,2.0,2.0,12.32,0.366439723534601,0.5891381719038257,0.3015873015873014,0.5150930036071544,0.470621322322494,1918.3333333333335,201425.00000000003,0.08274231678486998,1,High-intensity interval training with strength conditioning and proper recovery.
0.0,Female,54.2,1.68,199.0,137.0,74.0,0.78,0.4541751527494908,HIIT,14.1,3.4,2.0,,15.66,0.21217151177852078,0.13819237770776344,0.6190476190476188,0.21842642279495128,0.6322619391945292,582.0359281437126,72754.49101796407,0.03756324988399585,-1,General fitness improvement recommended.
0.0,Female,83.6,1.86,170.0,162.0,74.0,0.21999999999999992,0.29124236252545826,HIIT,22.7,2.8,2.0,3.0,24.77,0.3265419647089824,0.23939360551616565,0.1587301587301586,0.8947169526112915,0.2710902886954599,881.9277108433736,84665.06024096387,0.040352798754827925,6,Balanced cardio and strength training routine for steady and sustainable fitness improvement.
0.4634146341463415,Female,58.0,1.6,168.0,143.0,52.0,0.52,0.3604887983706721,Strength,21.0,3.6,4.0,2.0,22.2,0.29176850062521315,0.16165475594909076,0.47619047619047605,0.634553231768106,0.6240884977951792,651.5625,75581.25,0.04849137931034483,10,Balanced cardio and strength training routine for steady and sustainable fitness improvement.
0.8292682926829269,Female,40.0,1.91,194.0,151.0,59.0,0.9733333333333334,0.15750169721656482,HIIT,23.4,1.5,4.0,2.0,23.62,0.02223749641257805,0.033891600454596806,0.7777777777777777,0.44831062944179045,0.3205905427572926,272.9591836734694,36849.489795918365,0.01913265306122449,5,Endurance-focused training with longer cardio sessions and attention to pacing and recovery.
0.2926829268292683,Female,40.0,1.62,166.0,164.0,73.0,0.48666666666666664,0.5044127630685675,Yoga,25.2,3.7,5.0,3.0,14.53,0.12083576523754636,0.22875648568829568,0.11111111111111094,0.9842347244013463,1.0,850.4065040650406,79087.80487804877,0.07520325203252033,10,Balanced cardio and strength training routine for steady and sustainable fitness improvement.
0.12195121951219517,Female,83.5,1.5,194.0,142.0,63.0,1.0,0.3150033944331297,Yoga,25.8,2.9,4.0,2.0,12.32,0.6250009472926379,0.07119461100887903,0.714285714285714,0.329692763090742,0.2863796691617835,383.5,50238.5,0.017365269461077845,7,Endurance-focused training with longer cardio sessions and attention to pacing and recovery.
0.09756097560975613,Female,81.9,1.8,163.0,146.0,74.0,0.4333333333333333,0.45349626612355737,HIIT,22.4,2.5,5.0,,28.26,0.35220340267515443,0.22671192933280568,0.04761904761904745,0.7483725940148926,0.23442944775232058,844.3478260869566,75146.95652173914,0.02654350480437437,6,Balanced cardio and strength training routine for steady and sustainable fitness improvement.
0.5365853658536586,Male,45.2,1.74,180.0,136.0,74.0,0.38666666666666666,0.5125594025797691,\tYoga,26.0,3.3,,3.0,18.36,0.11363708964488178,0.27236401254565135,0.3174603174603172,0.3900267889384357,0.7592277828516389,979.6296296296296,103840.74074074073,0.06760078662733529,10,Balanced cardio and strength training routine for steady and sustainable fitness improvement.
0.7560975609756098,Male,60.2,1.62,162.0,155.0,72.0,0.4066666666666667,0.5444670739986421,\nStrength,23.4,3.1,3.0,1.0,16.85,0.29827706051222197,0.2777180942461063,0.06349206349206327,0.9045582251185253,0.49346957257516666,995.4954954954954,89594.59459459459,0.04639190685702313,10,Balanced cardio and strength training routine for steady and sustainable fitness improvement.
0.8048780487804879,,47.3,1.74,194.0,148.0,55.0,1.0,0.6490156143923964,Strength,28.8,3.1,3.0,1.0,24.75,0.1296272992572009,0.15420956332519364,0.841269841269841,0.4087713406581075,0.6669548682111235,629.5,87500.5,0.03276955602536998,5,Endurance-focused training with longer cardio sessions and attention to pacing and recovery.
0.2439024390243903,Male,69.3,1.61,187.0,140.0,53.0,0.4133333333333334,0.471826205023761,HIIT,17.6,2.8,,3.0,32.49,0.3857990401375078,0.24247923678115876,0.7619047619047619,0.37240365257899843,0.3564638612067469,891.0714285714284,119403.5714285714,0.036075036075036065,-1,General fitness improvement recommended.
0.3658536585365854,Female,40.0,1.79,189.0,144.0,67.0,1.0,0.6666666666666667,HIIT,27.2,2.6,3.0,2.0,15.69,0.05726454329713687,0.15859653235003954,0.5714285714285712,0.4062609096242229,0.6602952713786464,642.5,78385.0,0.0325,5,Endurance-focused training with longer cardio sessions and attention to pacing and recovery.
0.7317073170731709,Male,87.3,2.0,190.0,159.0,61.0,0.98,0.40325865580448067,Yoga,10.7,3.5,5.0,3.0,18.2,0.2726054336705695,0.095434285037025,0.6825396825396823,0.5978662550867382,0.35260478616063795,455.3299492385787,58737.56345177665,0.02035108529430577,5,Endurance-focused training with longer cardio sessions and attention to pacing and recovery.
0.7560975609756098,Male,40.0,1.77,175.0,127.0,73.0,0.4666666666666666,0.547182620502376,Yoga,24.7,2.4,3.0,3.0,25.41,0.06380519087192837,0.2536475278883673,0.25396825396825395,0.313726421715236,0.5985307752656729,924.1666666666667,94265.00000000001,0.05,10,Balanced cardio and strength training routine for steady and sustainable fitness improvement.
0.0,Male,50.9,1.73,170.0,137.0,58.0,0.6199999999999999,0.34012219959266804,Strength,23.5,3.7,2.0,2.0,17.61,0.16153264062525174,0.13151130535559696,0.41269841269841256,0.5187060690801903,0.7553082388765995,562.2377622377622,62970.62937062937,0.050833253190817045,8,Endurance-focused training with longer cardio sessions and attention to pacing and recovery.
0.902439024390244,Female,59.9,1.53,178.0,157.0,54.0,0.48666666666666664,0.5030549898167005,HIIT,26.9,3.4,4.0,1.0,31.33,0.3593654011958774,0.22820777161389347,0.603174603174603,0.7133867602387651,0.5585230549120275,848.780487804878,105248.78048780488,0.0461473729929286,9,High-intensity interval training with strength conditioning and proper recovery.
0.6341463414634148,Male,66.8,1.97,194.0,126.0,65.0,0.7733333333333332,0.7325186693822132,HIIT,18.5,1.6,4.0,2.0,23.14,0.16627207653055587,0.22272393637634338,0.6825396825396823,0.11881655624443388,0.1532346476008827,832.5301204819277,107396.38554216867,0.014428973378544117,-1,General fitness improvement recommended.
0.7804878048780488,Male,97.0,1.65,191.0,133.0,70.0,0.6199999999999999,0.6469789545145961,Cardio,27.1,1.5,5.0,,27.51,0.5908337772299661,0.23817671682576072,0.5555555555555554,0.23860749050005925,0.04838103669238411,878.3216783216784,106276.92307692309,0.010813928339701536,10,Balanced cardio and strength training routine for steady and sustainable fitness improvement.
0.4634146341463415,Male,75.8,1.63,192.0,131.0,64.0,0.32,0.41955193482688385,Strength,26.5,1.5,4.0,1.0,14.0,0.4271661271787142,0.2589217619723984,0.6666666666666665,0.2027002557125941,0.10180733423046737,939.795918367347,120293.87755102041,0.020192773679392602,-1,General fitness improvement recommended.
0.07317073170731708,Female,51.6,1.5,175.0,149.0,66.0,1.0,0.38017651052274265,Yoga,25.2,2.0,3.0,1.0,24.7,0.29815618961009444,0.08739265048523309,0.3650793650793649,0.635162011293823,0.3361513654214139,431.5,47033.5,0.01937984496124031,8,Endurance-focused training with longer cardio sessions and attention to pacing and recovery.
0.21951219512195125,Female,55.4,1.88,187.0,134.0,53.0,1.0,0.37474541751527496,Strength,16.3,2.6,5.0,1.0,14.33,0.13081633605596132,0.08604281386220358,0.7619047619047619,0.2903649143540308,0.4370957745949411,427.5,57285.0,0.023465703971119134,7,Endurance-focused training with longer cardio sessions and attention to pacing and recovery.
0.12195121951219517,Male,72.9,1.51,190.0,164.0,57.0,0.5266666666666666,0.4222674813306178,Strength,22.3,1.5,2.0,1.0,40.08,0.5065339062022098,0.1837555511910982,0.746031746031746,0.6651524131923034,0.11153170303333945,717.0542635658915,95368.21705426356,0.015950489680033177,-1,General fitness improvement recommended.
0.2926829268292683,Female,80.2,1.91,192.0,135.0,62.0,0.6466666666666667,0.7861507128309573,Strength,16.5,3.7,2.0,3.0,28.49,0.2762719822851661,0.277172104069481,0.6984126984126982,0.2559684642128335,0.4272536688376769,993.8775510204082,129204.08163265306,0.031384124722208084,-1,General fitness improvement recommended.
0.6585365853658538,Male,121.2,1.67,186.0,133.0,55.0,1.0,0.11065852002715548,Cardio,16.7,3.4,4.0,1.0,30.69,0.7713176335099652,0.02040700806739388,0.714285714285714,0.28646880940248676,0.20389029845142706,233.0,30523.0,0.014026402640264026,10,Balanced cardio and strength training routine for steady and sustainable fitness improvement.
0.43902439024390244,Female,100.2,1.93,199.0,166.0,60.0,0.32,0.5247793618465717,HIIT,24.6,2.7,4.0,2.0,16.49,0.3896021762463087,0.3122954039544324,0.841269841269841,0.5910362028569267,0.190219375812244,1097.9591836734694,152616.32653061225,0.027496028351460346,0,Balanced cardio and strength training routine for steady and sustainable fitness improvement.
0.8048780487804879,Male,52.0,1.92,173.0,164.0,74.0,0.54,0.27359131025118805,Cardio,25.7,1.5,2.0,1.0,14.05,0.09465466446894777,0.12364632551234331,0.20634920634920628,0.8820238684504726,0.21369045333099254,538.9312977099237,53354.19847328244,0.02201996476805637,10,Balanced cardio and strength training routine for steady and sustainable fitness improvement.
0.17073170731707316,Male,70.7,1.7,165.0,160.0,53.0,0.3266666666666666,0.3428377460964019,HIIT,23.5,2.1,3.0,1.0,18.29,0.33343547049108063,0.2172002347274001,0.41269841269841256,0.9375594047954414,0.2242746206009232,816.1616161616162,91410.101010101,0.030003000300030003,6,Balanced cardio and strength training routine for steady and sustainable fitness improvement.
0.8292682926829269,Female,50.8,1.8,199.0,159.0,63.0,0.6733333333333333,0.5770536320434487,HIIT,24.9,2.4,4.0,2.0,16.16,0.13092005271157253,0.19945479072841196,0.7936507936507935,0.5010959111178295,0.4409583599853314,763.5761589403974,103846.35761589404,0.03128747979350263,-1,General fitness improvement recommended.
0.2439024390243903,,48.7,1.6,175.0,133.0,59.0,0.5866666666666667,0.47046843177189407,HIIT,23.5,1.5,2.0,2.0,21.98,0.20802013470501302,0.1853365024095099,0.47619047619047605,0.4013906734184869,0.23783626408436623,721.7391304347826,83721.73913043478,0.02231943576466387,3,"Beginner-friendly workouts focusing on light cardio, mobility, and building consistency."
0.14634146341463422,,51.3,1.69,174.0,153.0,74.0,0.4533333333333333,0.3564154786150712,Yoga,16.1,2.6,3.0,2.0,21.88,0.18354024670863456,0.1785723984768639,0.2222222222222221,0.7064521929950298,0.48342968699276356,701.6949152542373,70169.49152542373,0.04295106882082797,6,Balanced cardio and strength training routine for steady and sustainable fitness improvement.
0.5853658536585367,Female,77.0,1.63,185.0,136.0,68.0,0.38000000000000006,0.49287169042769857,Cardio,29.2,1.5,5.0,1.0,15.93,0.43757825272185685,0.2663075026024115,0.49206349206349187,0.33781434673279587,0.09799771585664174,961.6822429906541,112516.82242990653,0.01820609297244811,10,Balanced cardio and strength training routine for steady and sustainable fitness improvement.
0.3170731707317073,Female,50.1,1.69,185.0,169.0,64.0,0.7866666666666666,0.47386286490156143,Strength,27.4,1.6,4.0,1.0,22.3,0.17385431962079606,0.1428484384146953,0.5555555555555554,0.7939053859997096,0.2518605894978463,595.8333333333334,72095.83333333334,0.019009599847923206,-1,General fitness improvement recommended.
0.6585365853658538,Female,99.3,1.93,182.0,137.0,50.0,0.48666666666666664,0.26001357773251865,Strength,,2.4,3.0,3.0,33.26,0.3840320985887388,0.12998795229589286,0.7301587301587298,0.38284631248126066,0.15591631973705392,557.7235772357724,73619.51219512195,0.019649743325227814,10,Balanced cardio and strength training routine for steady and sustainable fitness improvement.
0.0,Male,89.2,1.88,189.0,167.0,58.0,1.0,0.5587236931432451,Cardio,29.7,3.5,4.0,2.0,13.63,0.35127864951285676,0.13176852946732812,0.714285714285714,0.7174148894351449,0.3420557824378102,563.0,73753.0,0.019618834080717486,8,Endurance-focused training with longer cardio sessions and attention to pacing and recovery.
0.0,Female,70.8,1.96,196.0,130.0,61.0,0.6399999999999999,0.27494908350305497,,25.2,2.2,3.0,2.0,12.32,0.19433530523283826,0.10542360167744744,0.7777777777777777,0.15405224897002867,0.24120397289457265,484.9315068493151,65465.75342465754,0.02128318241622166,3,"Beginner-friendly workouts focusing on light cardio, mobility, and building consistency."
0.7804878048780488,Male,59.1,1.74,181.0,156.0,51.0,0.34,0.46300067888662594,Yoga,30.1,3.5,2.0,3.0,24.07,0.21947704850737543,0.2708852311333666,0.6984126984126982,0.6618810419694916,0.5889159975289664,975.2475247524752,126782.17821782178,0.05863530515488097,10,Balanced cardio and strength training routine for steady and sustainable fitness improvement.
0.6829268292682928,Female,67.5,1.76,160.0,150.0,74.0,0.6199999999999999,0.18601493550577053,Yoga,20.0,2.6,4.0,2.0,17.39,0.2718230975623734,0.07794261419690854,0.0,0.8552358098405257,0.3331721993728983,403.4965034965035,34700.6993006993,0.02693602693602694,10,Balanced cardio and strength training routine for steady and sustainable fitness improvement.
0.21951219512195125,Female,41.4,1.69,191.0,169.0,56.0,0.9933333333333334,0.23353699932111338,Yoga,23.2,2.8,5.0,2.0,16.26,0.10363134823396636,0.051495644763373684,0.7777777777777777,0.7205313872980357,0.6928186050806467,325.1256281407035,43891.95979899497,0.03398635690529944,8,Endurance-focused training with longer cardio sessions and attention to pacing and recovery.
0.14634146341463422,Female,80.0,1.59,198.0,125.0,70.0,0.7866666666666666,0.6517311608961303,,15.3,3.6,3.0,2.0,14.62,0.49897324809169935,0.19547599722923856,0.6666666666666665,0.07235456370064486,0.41323728692675277,751.7857142857143,96228.57142857143,0.026785714285714284,2,Balanced cardio and strength training routine for steady and sustainable fitness improvement.
0.14634146341463422,Male,95.5,1.57,181.0,158.0,67.0,0.6466666666666667,0.8866259334691107,Cardio,32.5,2.0,4.0,2.0,26.3,0.6626436463848766,0.31114758369675427,0.4444444444444442,0.6901337934392315,0.11605628206904303,1094.5578231292518,124779.5918367347,0.014246536310859424,6,Balanced cardio and strength training routine for steady and sustainable fitness improvement.
0.0,Male,82.8,1.5,197.0,134.0,74.0,0.8600000000000001,0.4792939579090291,Cardio,30.5,3.3,3.0,3.0,19.41,0.6178288052745253,0.1320004148089938,0.5873015873015872,0.19735991501269723,0.3496825155641279,563.6871508379888,69333.51955307263,0.02226540361104364,7,Endurance-focused training with longer cardio sessions and attention to pacing and recovery.
0.1951219512195122,Male,79.7,1.64,194.0,148.0,55.0,1.0,0.7868295994568906,Yoga,21.8,3.2,4.0,2.0,26.9,0.4525978483417062,0.18846166763456734,0.841269841269841,0.4087713406581075,0.3533327003579593,731.0,101609.0,0.020075282308657467,7,Endurance-focused training with longer cardio sessions and attention to pacing and recovery.
0.3658536585365854,Female,71.8,1.51,190.0,167.0,59.0,0.8933333333333333,0.6911065852002716,HIIT,26.6,3.2,4.0,3.0,12.97,0.4954121812811049,0.18405269040391117,0.714285714285714,0.7055241080556427,0.40790386247131505,717.9347826086956,94049.45652173912,0.024221872350732716,-1,General fitness improvement recommended.
0.4146341463414634,Male,73.4,1.57,169.0,138.0,67.0,0.4266666666666666,0.45756958587915814,Strength,32.4,3.0,4.0,3.0,25.05,0.45595038044500596,0.23098744159606274,0.25396825396825395,0.5460280433391365,0.36224371111685916,857.0175438596492,87415.78947368421,0.035852574214828625,4,"Beginner-friendly workouts focusing on light cardio, mobility, and building consistency."
0.878048780487805,Female,45.8,1.62,163.0,135.0,66.0,0.5066666666666666,0.9504412763068566,Strength,15.2,1.6,4.0,2.0,17.99,0.17178425595997793,0.3978845345019666,0.17460317460317443,0.5758228143331356,0.2888991528303304,1351.5873015873017,131103.96825396825,0.02772579191793166,10,Balanced cardio and strength training routine for steady and sustainable fitness improvement.
0.6341463414634148,Female,106.8,1.65,171.0,143.0,71.0,0.6933333333333334,0.6734555329260012,Cardio,17.1,3.5,3.0,3.0,25.4,0.673817238596554,0.2255514966628099,0.2222222222222221,0.5963710071288366,0.2621802983058853,840.9090909090909,84090.90909090909,0.021280217909431395,-1,General fitness improvement recommended.
0.024390243902439046,Male,59.8,1.7,181.0,120.0,73.0,0.6933333333333334,0.561439239646979,Cardio,29.6,3.5,3.0,1.0,22.56,0.24648698655919593,0.18939515854594816,0.3492063492063491,0.1533315155141679,0.5803525958076742,733.7662337662338,79246.75324675324,0.03800547278808149,-1,General fitness improvement recommended.
0.9756097560975612,Male,56.5,1.76,180.0,139.0,74.0,1.0,0.7420230821452818,Yoga,24.1,3.4,2.0,2.0,28.26,0.189957637229822,0.17732551549457393,0.3174603174603172,0.4326413557386273,0.60071712911038,698.0,73988.0,0.03008849557522124,5,Endurance-focused training with longer cardio sessions and attention to pacing and recovery.
0.0,Male,49.9,1.74,177.0,161.0,70.0,1.0,0.4392396469789545,HIIT,23.0,3.4,4.0,2.0,17.53,0.14942470163435806,0.10207212376067898,0.33333333333333326,0.783910581509697,0.6990373300627358,475.0,50825.0,0.03406813627254509,8,Endurance-focused training with longer cardio sessions and attention to pacing and recovery.
0.2926829268292683,,62.3,1.82,174.0,160.0,64.0,0.48666666666666664,0.5274949083503055,Cardio,15.9,2.5,3.0,3.0,22.26,0.2030562367040712,0.2380846249531338,0.38095238095238093,0.8093149404437678,0.3530590379049633,878.048780487805,96585.36585365854,0.03262472432107949,6,Balanced cardio and strength training routine for steady and sustainable fitness improvement.
0.0,Female,76.1,1.64,196.0,169.0,63.0,0.6199999999999999,0.26001357773251865,Cardio,34.8,1.5,3.0,3.0,33.24,0.4217412417583006,0.10366502537002323,0.746031746031746,0.6628179954621105,0.1008436659821606,479.72027972027973,63802.79720279721,0.01378385084035544,-1,General fitness improvement recommended.
0.0,Female,40.0,1.74,160.0,145.0,74.0,0.020000000000000018,0.4100475220638153,Strength,24.8,3.6,,3.0,24.44,0.07404228489056752,0.519279881892794,0.0,0.7753334970901671,0.9691177519435134,1711.3207547169811,147173.5849056604,0.16981132075471697,-1,General fitness improvement recommended.
0.2439024390243903,Female,67.1,1.9,184.0,169.0,59.0,0.74,0.1928038017651052,Yoga,20.8,2.7,3.0,1.0,12.32,0.19796474308006667,0.06481537535330403,0.6190476190476188,0.8065996194707421,0.35441834055389143,364.59627329192546,45574.53416149068,0.024992826133239533,-1,General fitness improvement recommended.
0.0,Female,53.9,1.69,187.0,169.0,56.0,0.56,0.3048200950441276,Yoga,13.6,3.3,3.0,2.0,15.23,0.20452642206561816,0.1311590883054379,0.714285714285714,0.7689242206663414,0.6136567743137481,561.1940298507462,73516.41791044775,0.045689917758148034,-1,General fitness improvement recommended.
0.39024390243902446,Female,79.3,1.65,181.0,149.0,64.0,0.5999999999999999,0.13441955193482685,HIIT,12.0,2.3,2.0,1.0,24.84,0.4409554847617411,0.06254119408624345,0.49206349206349187,0.5629964118254009,0.21563763164476848,357.8571428571429,41869.28571428572,0.020716987930102685,-1,General fitness improvement recommended.
0.0,Female,40.0,1.88,165.0,145.0,71.0,0.7266666666666668,0.5553292600135777,\nStrength,22.6,3.4,2.0,1.0,14.1,0.030369009806369973,0.17969834150801256,0.12698412698412698,0.7051163131580331,0.9073532558305398,705.0314465408804,66272.95597484276,0.05345911949685534,-1,General fitness improvement recommended.
0.4146341463414634,Male,75.7,1.74,189.0,136.0,74.0,0.8,0.37406653088934144,HIIT,24.0,1.5,2.0,2.0,12.47,0.3458758482999939,0.11130262419757192,0.46031746031746024,0.29803343838564156,0.10213025432600298,502.3529411764706,57770.58823529412,0.011655917320693139,7,Endurance-focused training with longer cardio sessions and attention to pacing and recovery.
0.26829268292682934,Male,82.5,1.79,190.0,132.0,69.0,0.26666666666666666,0.24507807196198234,Yoga,10.0,2.3,2.0,1.0,34.85,0.3630495778653386,0.19074889080136734,0.5555555555555554,0.23452100131668474,0.20174067902475293,737.7777777777777,89271.11111111111,0.030976430976430974,2,Balanced cardio and strength training routine for steady and sustainable fitness improvement.
0.024390243902439046,Male,40.0,1.84,199.0,123.0,74.0,0.56,0.40801086218601496,,30.2,3.1,3.0,1.0,16.34,0.04183588106703329,0.1694380373167224,0.6190476190476188,0.03854583931675615,0.8147065116610799,674.6268656716418,84328.35820895522,0.05783582089552238,-1,General fitness improvement recommended.
0.04878048780487804,Female,73.0,1.59,175.0,165.0,70.0,0.3066666666666666,0.38424983027834353,,30.1,3.0,5.0,1.0,15.01,0.43514143945773504,0.24724986472713364,0.3015873015873014,0.8689333491691587,0.36501021461936256,905.2083333333334,95046.875,0.04280821917808219,6,Balanced cardio and strength training routine for steady and sustainable fitness improvement.
0.12195121951219517,Female,56.5,1.97,169.0,151.0,56.0,1.0,0.7311608961303462,Strength,28.6,2.6,3.0,2.0,13.2,0.10508803922339555,0.1746258422485149,0.4285714285714284,0.7427106593400206,0.42580882153381816,690.0,77970.0,0.023008849557522124,8,Endurance-focused training with longer cardio sessions and attention to pacing and recovery.
0.3658536585365854,Male,78.7,1.61,193.0,137.0,55.0,0.2866666666666667,0.9266802443991853,Strength,24.5,2.3,,2.0,19.47,0.4693996528139775,0.5470283492956067,0.8253968253968251,0.27314953146226295,0.2183691244762915,1793.5483870967741,247509.67741935482,0.03142462871118033,-1,General fitness improvement recommended.
0.21951219512195125,Male,75.4,1.58,192.0,169.0,63.0,0.5333333333333334,0.7352342158859471,Strength,16.9,3.6,3.0,1.0,15.63,0.46575746123411693,0.30156240160648196,0.6825396825396823,0.7087482364648681,0.44715041874475137,1066.1538461538462,137533.84615384616,0.03672719853091205,6,Balanced cardio and strength training routine for steady and sustainable fitness improvement.
0.7317073170731709,Male,59.6,1.78,181.0,152.0,53.0,0.7666666666666666,0.9762389680923285,Strength,23.2,3.3,4.0,1.0,12.32,0.20311712639982665,0.29784956427507214,0.6666666666666665,0.6053755390300108,0.5413260741677512,1055.1515151515152,135059.39393939395,0.03355704697986577,9,High-intensity interval training with strength conditioning and proper recovery.
0.26829268292682934,Female,57.2,1.84,168.0,141.0,74.0,0.7066666666666668,0.0,Yoga,16.8,2.4,5.0,3.0,29.68,0.1589545585333375,0.007323976182646359,0.12698412698412698,0.604114255482255,0.3756602857950836,194.23076923076923,18257.69230769231,0.026896180742334585,4,"Beginner-friendly workouts focusing on light cardio, mobility, and building consistency."
0.5121951219512195,Female,74.3,1.63,178.0,169.0,57.0,0.5666666666666667,0.7284453496266123,Yoga,25.9,3.2,3.0,3.0,20.29,0.4141509702497858,0.2857373939034437,0.5555555555555554,0.8857602888687528,0.38937939946454103,1019.2592592592592,123330.37037037036,0.03190269677483675,10,Balanced cardio and strength training routine for steady and sustainable fitness improvement.
0.878048780487805,Male,63.8,1.92,188.0,131.0,57.0,0.32,0.5526137135098439,HIIT,20.7,1.6,5.0,2.0,26.75,0.1684472807964837,0.3264135931238737,0.714285714285714,0.2398179967420162,0.16714739802521925,1139.795918367347,149313.26530612246,0.025590173373424608,9,High-intensity interval training with strength conditioning and proper recovery.
0.07317073170731708,Female,45.1,1.87,192.0,138.0,69.0,0.9266666666666665,0.5213849287169043,,25.8,2.3,5.0,2.0,19.64,0.066788618599888,0.1330058797051052,0.5873015873015872,0.295919620588013,0.48732729224187155,566.6666666666667,69700.00000000001,0.026982953812222106,7,Endurance-focused training with longer cardio sessions and attention to pacing and recovery.
0.9756097560975612,,59.0,1.78,166.0,144.0,74.0,0.6466666666666667,0.5763747454175152,Strength,28.9,3.4,5.0,2.0,22.67,0.1987515197283875,0.20623681214497117,0.09523809523809512,0.6761776150023722,0.5692188110086687,783.6734693877551,72097.95918367346,0.03920212152657673,10,Balanced cardio and strength training routine for steady and sustainable fitness improvement.
0.04878048780487804,Male,57.1,1.66,168.0,146.0,74.0,0.4466666666666666,0.5003394433129666,Cardio,24.6,3.5,2.0,2.0,17.57,0.24716471834601372,0.24174271878248202,0.12698412698412698,0.6802116961968823,0.6145397865173718,888.8888888888889,83555.55555555556,0.05238971964015747,6,Balanced cardio and strength training routine for steady and sustainable fitness improvement.
0.6097560975609757,Male,68.8,1.79,188.0,122.0,73.0,0.7066666666666668,0.031907671418873046,HIIT,23.4,1.5,4.0,1.0,14.27,0.26447887260453,0.01749101484969553,0.46031746031746024,0.11741445380529614,0.12667875263516684,224.35897435897436,25801.28205128205,0.013975849731663685,-1,General fitness improvement recommended.
0.902439024390244,Female,98.6,1.6,197.0,167.0,74.0,0.4399999999999999,0.3387644263408011,HIIT,22.1,2.9,4.0,2.0,14.29,0.6573796464703876,0.1750913031530079,0.5873015873015872,0.6256687589943168,0.22067738728042388,691.3793103448277,85039.6551724138,0.025354969574036514,-1,General fitness improvement recommended.
0.43902439024390244,Male,45.8,1.59,177.0,126.0,74.0,0.27999999999999997,0.6232179226069245,Strength,32.9,3.0,3.0,3.0,30.03,0.18710926876575917,0.3896460130147911,0.26984126984126977,0.278314026253188,0.6664986923856262,1327.1739130434783,136698.91304347827,0.07119802544142775,10,Balanced cardio and strength training routine for steady and sustainable fitness improvement.
0.853658536585366,Female,47.5,1.66,166.0,156.0,55.0,0.4000000000000001,0.9932111337406653,HIIT,22.5,1.6,3.0,1.0,32.14,0.16685124366006288,0.48355436029185866,0.39682539682539675,0.8610118806417568,0.273454479934234,1605.4545454545453,178205.45454545453,0.030622009569377988,10,Balanced cardio and strength training routine for steady and sustainable fitness improvement.
0.8292682926829269,Male,88.0,1.87,180.0,128.0,74.0,0.6266666666666667,0.5125594025797691,Strength,32.2,1.7,4.0,2.0,27.54,0.3496068732573942,0.18971776560321982,0.3174603174603172,0.27638794413792533,0.095992375073753,734.7222222222223,77880.55555555556,0.01341540404040404,-1,General fitness improvement recommended.
0.6097560975609757,Male,76.3,1.66,188.0,164.0,58.0,0.22666666666666663,0.20570264765784113,Strength,25.7,1.8,3.0,1.0,28.19,0.4077916677179155,0.18523170142946105,0.6984126984126982,0.6886309875099901,0.1487751521940082,721.4285714285714,93785.71428571429,0.028084628346751548,10,Balanced cardio and strength training routine for steady and sustainable fitness improvement.
0.3170731707317073,Female,85.9,1.7,162.0,143.0,56.0,1.0,0.7820773930753564,Yoga,28.0,3.3,3.0,3.0,12.78,0.4546847324878372,0.18728056058941653,0.3174603174603172,0.7151601504510077,0.33191523209116136,727.5,77115.0,0.019208381839348077,-1,General fitness improvement recommended.
0.2439024390243903,Male,93.7,1.77,192.0,142.0,57.0,0.6333333333333333,0.6293279022403258,Cardio,14.8,3.6,2.0,2.0,23.62,0.45895439509549624,0.22803748103907903,0.7777777777777777,0.3491878290882524,0.3319612744323064,848.2758620689656,114517.24137931035,0.02649689029551393,-1,General fitness improvement recommended.
0.1951219512195122,Male,83.6,1.79,171.0,128.0,72.0,0.1333333333333333,0.6408689748811949,Strength,25.4,3.2,3.0,1.0,27.91,0.3709640140541626,0.5429384065322801,0.20634920634920628,0.3720838134436182,0.3301950696648125,1781.4285714285716,176361.42857142858,0.05468215994531785,1,High-intensity interval training with strength conditioning and proper recovery.
0.43902439024390244,,77.6,1.6,183.0,165.0,72.0,0.10666666666666669,0.6143923964697895,Cardio,25.6,1.7,3.0,1.0,12.44,0.4682704331021938,0.5594315401621536,0.39682539682539675,0.7635446312745402,0.1279744595183808,1830.3030303030303,203163.63636363635,0.03319275226491721,6,Balanced cardio and strength training routine for steady and sustainable fitness improvement.
0.2439024390243903,,44.7,1.68,166.0,160.0,62.0,0.3266666666666666,0.9293957909029191,Yoga,28.6,1.5,2.0,3.0,17.59,0.13457567862884623,0.5117100433883832,0.2857142857142856,0.9226233025215516,0.2718836414601492,1688.888888888889,175644.44444444444,0.033896007050369464,6,Balanced cardio and strength training routine for steady and sustainable fitness improvement.
0.5365853658536586,Male,79.9,1.51,175.0,169.0,64.0,0.6266666666666667,0.6612355736591988,Yoga,26.2,1.5,5.0,3.0,14.09,0.5773085193365133,0.24103967887465413,0.39682539682539675,0.927376183637993,0.0892635657634592,886.8055555555555,98435.41666666667,0.013037129745515227,-1,General fitness improvement recommended.
0.6585365853658538,Female,70.2,1.82,167.0,139.0,67.0,0.5466666666666666,0.44127630685675495,Strength,10.0,1.5,4.0,2.0,13.6,0.25803787469290324,0.18541430919772797,0.2222222222222221,0.586342996872252,0.12130765999962204,721.9696969696969,72196.96969696968,0.016187516187516186,-1,General fitness improvement recommended.
0.5365853658536586,Female,44.2,1.7,161.0,160.0,64.0,0.8066666666666666,0.45892735913102506,Yoga,23.7,3.4,3.0,2.0,24.1,0.12204695450989317,0.13497932506041146,0.17460317460317443,0.999159230322539,0.8075798390326597,572.514619883041,55533.91812865497,0.044984255510571294,10,Balanced cardio and strength training routine for steady and sustainable fitness improvement.
0.7560975609756098,Male,90.6,1.78,181.0,130.0,63.0,0.5133333333333334,0.47454175152749484,Strength,28.2,2.3,3.0,2.0,15.66,0.4286734710908507,0.20802632719237493,0.5079365079365079,0.29459527286286913,0.17095139378601606,788.9763779527559,93099.21259842519,0.01998922320140446,10,Balanced cardio and strength training routine for steady and sustainable fitness improvement.
0.8048780487804879,Female,48.7,1.5,168.0,140.0,58.0,0.2866666666666667,0.5465037338764427,Cardio,27.3,3.2,2.0,2.0,12.32,0.2684430298207723,0.3438271372266489,0.38095238095238093,0.5888947673393292,0.6690462985486569,1191.3978494623655,131053.7634408602,0.07065421386147358,-1,General fitness improvement recommended.
0.5609756097560976,Female,72.3,1.66,165.0,142.0,74.0,0.5999999999999999,0.3088934147997285,Cardio,25.6,3.6,4.0,1.0,23.85,0.3743277199321026,0.12448905339313326,0.0793650793650793,0.6586276948305518,0.47243894087736216,541.4285714285714,49270.0,0.03556609365737997,-1,General fitness improvement recommended.
0.6097560975609757,Female,68.0,1.78,183.0,120.0,58.0,1.0,0.493550577053632,HIIT,22.8,1.5,4.0,2.0,17.25,0.2642356197999752,0.11557048999097402,0.6190476190476188,0.13480512110778076,0.12984724593781596,515.0,64375.0,0.011029411764705883,-1,General fitness improvement recommended.
0.6341463414634148,Male,46.7,1.81,191.0,132.0,58.0,0.6333333333333333,0.54989816700611,Cardio,10.0,3.5,4.0,3.0,23.21,0.0980861813386778,0.2008080181262424,0.746031746031746,0.22522071558900425,0.7831629734963171,767.5862068965517,102088.96551724138,0.05168721848925644,10,Balanced cardio and strength training routine for steady and sustainable fitness improvement.
0.2926829268292683,Male,59.4,1.87,190.0,122.0,50.0,0.8466666666666667,0.701968771215207,Yoga,25.5,2.8,4.0,1.0,23.2,0.16106137015239008,0.19668461305141235,0.8571428571428572,0.09994868510555355,0.4396483677562061,755.367231638418,105751.41242937853,0.026631665049744145,7,Endurance-focused training with longer cardio sessions and attention to pacing and recovery.
0.0,Female,75.9,1.7,183.0,151.0,51.0,0.34,0.6693822131704006,HIIT,30.1,3.2,2.0,1.0,24.94,0.37491548117418155,0.37245709583657693,0.7301587301587298,0.5679367836671041,0.3781641672631275,1276.2376237623762,168463.36633663366,0.041743304765259136,2,Balanced cardio and strength training routine for steady and sustainable fitness improvement.
0.7073170731707319,Female,45.1,1.73,193.0,152.0,57.0,0.49999999999999994,0.4175152749490835,,29.7,2.8,3.0,3.0,14.58,0.11685716899173598,0.18960902876414243,0.7936507936507935,0.47187030928699025,0.6242773944879323,734.4,99878.4,0.04966740576496674,10,Balanced cardio and strength training routine for steady and sustainable fitness improvement.
0.17073170731707316,Female,64.6,1.51,194.0,127.0,55.0,0.5999999999999999,0.5784114052953158,Cardio,26.9,3.5,2.0,3.0,17.74,0.42261543634296433,0.22018282827576072,0.841269841269841,0.13199631917232812,0.5266315475923665,825.0,114675.0,0.03869969040247679,2,Balanced cardio and strength training routine for steady and sustainable fitness improvement.
0.0,Female,68.7,1.6,163.0,135.0,61.0,0.36666666666666664,0.04344874405974203,Yoga,23.1,3.6,3.0,,33.26,0.3881241474366261,0.059729034454931974,0.25396825396825395,0.5758228143331356,0.5046703182904994,349.5238095238095,35651.42857142857,0.04990642545227698,6,Balanced cardio and strength training routine for steady and sustainable fitness improvement.
0.6585365853658538,Female,61.1,1.74,171.0,164.0,69.0,0.4399999999999999,0.48608282416836385,Yoga,19.6,2.8,3.0,1.0,16.37,0.23470581956672704,0.23821943832486195,0.25396825396825395,0.9103730782881421,0.42344712998307077,878.4482758620691,89601.72413793104,0.03950561544105198,10,Balanced cardio and strength training routine for steady and sustainable fitness improvement.
0.7073170731707319,Female,70.1,1.71,199.0,139.0,74.0,0.4333333333333333,0.6347589952477937,Cardio,25.1,2.5,4.0,1.0,19.95,0.322128293011089,0.30506114201734436,0.6190476190476188,0.24412364900612205,0.2979024432578766,1076.5217391304348,134565.21739130435,0.031011598337778334,9,High-intensity interval training with strength conditioning and proper recovery.
0.2439024390243903,Male,50.3,1.81,176.0,156.0,70.0,0.6399999999999999,0.570264765784114,Strength,31.8,1.9,3.0,1.0,26.47,0.12341871974309987,0.2059679391805014,0.3174603174603172,0.7244865707944839,0.3239673293241053,782.8767123287671,82984.93150684932,0.025872164274626217,6,Balanced cardio and strength training routine for steady and sustainable fitness improvement.
0.2439024390243903,Male,59.9,1.7,169.0,163.0,65.0,0.5066666666666666,0.7949762389680923,Yoga,11.7,2.9,4.0,1.0,33.85,0.24728467907233248,0.33655267206669737,0.2857142857142856,0.9242638433408361,0.4554103735881987,1169.8412698412699,121663.49206349207,0.038423828073243765,6,Balanced cardio and strength training routine for steady and sustainable fitness improvement.
0.5609756097560976,Male,52.8,1.68,192.0,132.0,59.0,0.6466666666666667,0.9545145960624575,Cardio,29.6,3.5,4.0,1.0,12.32,0.2007363363669898,0.33410398885031733,0.746031746031746,0.21601730783765394,0.6762043082562303,1162.5850340136055,154623.80952380953,0.045093795093795096,-1,General fitness improvement recommended.
0.8048780487804879,Female,62.7,1.73,198.0,140.0,50.0,0.9866666666666666,0.9185336048879835,Strength,18.2,3.6,4.0,2.0,33.87,0.2524241173968875,0.2240175914093673,0.9841269841269837,0.26605714006515147,0.5666141935422226,836.3636363636364,123781.81818181818,0.028998115122517036,5,Endurance-focused training with longer cardio sessions and attention to pacing and recovery.
0.39024390243902446,Male,76.4,1.84,164.0,161.0,69.0,0.4666666666666666,0.45824847250509165,Cardio,17.0,3.0,3.0,1.0,21.69,0.2896916868678165,0.21680823671818697,0.1428571428571428,0.9682683498288385,0.3424183097082125,815.0,77425.0,0.032722513089005235,6,Balanced cardio and strength training routine for steady and sustainable fitness improvement.
0.8292682926829269,Male,54.7,1.93,193.0,135.0,62.0,1.0,0.07671418873048202,Cardio,31.9,3.2,2.0,2.0,34.32,0.10800380578027885,0.01197052917345947,0.714285714285714,0.2466534277522996,0.5800127179301563,208.0,27248.0,0.029250457038391225,5,Endurance-focused training with longer cardio sessions and attention to pacing and recovery.
0.0,Female,49.0,1.72,190.0,153.0,60.0,0.14666666666666667,0.37949762389680924,HIIT,24.4,2.8,4.0,3.0,17.26,0.15129905943524063,0.34579262514100645,0.6984126984126982,0.5171228653600592,0.563236777486831,1197.2222222222222,155638.88888888888,0.07936507936507936,2,Balanced cardio and strength training routine for steady and sustainable fitness improvement.
0.2926829268292683,Male,46.3,1.59,166.0,133.0,54.0,0.5533333333333335,0.47386286490156143,Strength,23.8,2.2,2.0,2.0,17.74,0.19166868366818518,0.1957614420038453,0.41269841269841256,0.5067462048329361,0.44431963594256885,752.6315789473683,84294.73684210525,0.0357264651910554,3,"Beginner-friendly workouts focusing on light cardio, mobility, and building consistency."
0.4146341463414634,Female,68.2,1.7,178.0,137.0,52.0,1.0,0.5960624575695859,HIIT,23.5,3.3,3.0,2.0,31.92,0.31349315766266667,0.14104865625065596,0.6349206349206349,0.4260975458554517,0.4550777520355411,590.5,74403.0,0.024193548387096774,5,Endurance-focused training with longer cardio sessions and attention to pacing and recovery.
0.43902439024390244,Female,85.1,1.67,184.0,131.0,53.0,0.35333333333333333,0.20706042090970805,Yoga,19.7,2.1,4.0,2.0,20.8,0.472911587387753,0.1409782157472697,0.714285714285714,0.27854955259880465,0.16218747252631213,590.2912621359224,77328.15533980583,0.02395810753767698,-1,General fitness improvement recommended.
0.9268292682926831,Female,63.7,1.74,161.0,158.0,65.0,0.96,0.6748133061778683,Yoga,28.6,3.2,3.0,3.0,14.53,0.25450322194388414,0.16738960468175879,0.1587301587301586,0.9673968202851291,0.47791062901050985,668.5567010309278,64181.44329896907,0.025894576704591433,5,Endurance-focused training with longer cardio sessions and attention to pacing and recovery.
0.39024390243902446,Male,40.0,1.68,183.0,167.0,64.0,0.6333333333333333,0.909029192124915,Yoga,28.2,2.3,3.0,2.0,17.03,0.09618616117584927,0.32392242736462323,0.5238095238095237,0.791488609504174,0.5676485272091862,1132.4137931034484,134757.24137931035,0.0396551724137931,-1,General fitness improvement recommended.
0.9268292682926831,Male,64.7,1.78,199.0,129.0,62.0,0.4000000000000001,0.4331296673455533,HIIT,11.5,2.4,3.0,2.0,13.72,0.24022478310705975,0.23045999347382626,0.8095238095238093,0.11563751795026844,0.3155787405224686,855.4545454545454,117197.27272727272,0.03372207390754531,10,Balanced cardio and strength training routine for steady and sustainable fitness improvement.
0.2439024390243903,Male,56.5,1.73,198.0,136.0,74.0,0.48666666666666664,0.4670739986422267,Strength,14.5,3.6,5.0,1.0,13.82,0.20466757875416364,0.2136668486422342,0.603174603174603,0.214403119701283,0.6444442060045205,805.6910569105692,99905.69105691058,0.05180228793438377,2,Balanced cardio and strength training routine for steady and sustainable fitness improvement.
0.0,Male,56.9,1.74,180.0,149.0,59.0,0.25999999999999995,0.7725729803122878,Cardio,22.0,3.2,2.0,2.0,19.82,0.2027254003420887,0.48815952303028415,0.5555555555555554,0.5746899117392652,0.5520717166780585,1619.1011235955057,195911.23595505618,0.06318990541261034,2,Balanced cardio and strength training routine for steady and sustainable fitness improvement.
0.0,Male,115.8,1.68,177.0,150.0,74.0,0.4066666666666667,0.2213170400543109,Strength,24.2,3.6,5.0,2.0,20.56,0.7153192298858844,0.13300587970510513,0.26984126984126977,0.6250088070005084,0.24138477701656255,566.6666666666666,58366.666666666664,0.028007281893292255,-1,General fitness improvement recommended.
0.6585365853658538,Male,46.0,1.76,165.0,135.0,69.0,0.36666666666666664,0.5553292600135777,Yoga,24.0,1.5,5.0,2.0,28.92,0.11181333418511386,0.30205684725594323,0.1587301587301586,0.5501542520664282,0.26016875308155774,1067.6190476190475,102491.42857142855,0.03105590062111801,10,Balanced cardio and strength training routine for steady and sustainable fitness improvement.
0.7073170731707319,Female,46.9,1.91,162.0,145.0,53.0,0.4466666666666666,0.2919212491513917,HIIT,23.8,1.5,3.0,2.0,14.88,0.06584043055488792,0.15319574372477726,0.3650793650793649,0.7467264962289271,0.2524388865985213,626.4957264957266,68288.03418803419,0.027335848231370623,10,Balanced cardio and strength training routine for steady and sustainable fitness improvement.
0.024390243902439046,Male,97.4,1.75,173.0,144.0,56.0,0.5133333333333334,0.41683638832315,HIIT,27.1,3.2,4.0,2.0,28.45,0.5026563322839652,0.18544047818499146,0.49206349206349187,0.586431497582093,0.2632015602293245,722.0472440944882,84479.52755905512,0.025869456256366313,-1,General fitness improvement recommended.
0.5853658536585367,Male,117.7,1.71,198.0,149.0,74.0,0.25999999999999995,0.4344874405974202,Cardio,23.7,1.8,4.0,1.0,26.89,0.6974019597020955,0.2993340628424488,0.603174603174603,0.3822786858838554,0.0462711685596984,1059.5505617977528,131384.26966292135,0.017183278760512826,10,Balanced cardio and strength training routine for steady and sustainable fitness improvement.
0.14634146341463422,,91.2,1.66,167.0,129.0,60.0,0.5133333333333334,0.0074677528852681585,HIIT,30.8,3.4,5.0,1.0,21.76,0.5324448732200684,0.025213808167906422,0.33333333333333326,0.433236768847612,0.3178815736295306,247.24409448818898,26455.11811023622,0.02935488327117005,4,"Beginner-friendly workouts focusing on light cardio, mobility, and building consistency."
0.0,Female,100.3,1.83,168.0,125.0,74.0,0.47333333333333333,0.30074677528852684,Yoga,23.3,3.4,5.0,1.0,,0.4599166702231509,0.14983235551559693,0.12698412698412698,0.3606024451954466,0.27609916843862536,616.5289256198347,57953.71900826446,0.028015128169211374,3,"Beginner-friendly workouts focusing on light cardio, mobility, and building consistency."
0.2439024390243903,Male,51.1,1.66,161.0,154.0,65.0,0.23999999999999994,0.43516632722335363,HIIT,31.1,3.3,5.0,2.0,19.67,0.1969687966672945,0.31219930737471985,0.1587301587301586,0.9038720002103098,0.6550978675961456,1097.6744186046512,105376.74418604652,0.07509215855823055,-1,General fitness improvement recommended.
0.0,Male,79.0,1.64,191.0,150.0,74.0,0.5800000000000001,0.9762389680923285,Yoga,16.9,1.9,4.0,,30.73,0.446597952617155,0.3706231051946058,0.49206349206349187,0.4661826639879929,0.15445186650404139,1270.802919708029,148683.9416058394,0.017555206504665986,-1,General fitness improvement recommended.
0.14634146341463422,Male,86.3,1.71,191.0,150.0,50.0,0.5533333333333335,0.5858791581805838,Yoga,33.3,1.8,3.0,1.0,18.7,0.4498474820950031,0.23762667561284315,0.873015873015873,0.4661826639879929,0.11500709538241885,876.6917293233082,123613.53383458646,0.01568231122417864,-1,General fitness improvement recommended.
0.5121951219512195,Male,43.3,1.68,184.0,128.0,51.0,0.6666666666666667,0.27766463000678887,Cardio,13.2,1.5,2.0,2.0,17.06,0.12314050321731518,0.10195963737542652,0.746031746031746,0.23686138942470425,0.28528635618001574,474.6666666666667,63130.66666666667,0.02309468822170901,-1,General fitness improvement recommended.
0.8292682926829269,Male,40.0,1.71,165.0,157.0,74.0,0.76,0.47386286490156143,HIIT,18.6,2.8,4.0,2.0,17.27,0.08482288613295252,0.1477525704546653,0.0793650793650793,0.8910707864679597,0.7220597674916197,610.3658536585366,55543.29268292683,0.04268292682926829,10,Balanced cardio and strength training routine for steady and sustainable fitness improvement.
0.0,Female,59.9,1.76,179.0,169.0,66.0,0.5066666666666666,0.4894772572980312,Cardio,,2.1,3.0,1.0,18.69,0.21526150678715605,0.2160315450104914,0.4285714285714284,0.8721983119886465,0.2904300834700728,812.6984126984127,91834.92063492064,0.027824151363383422,6,Balanced cardio and strength training routine for steady and sustainable fitness improvement.
0.14634146341463422,,62.8,1.68,177.0,163.0,53.0,1.0,0.4765784114052953,HIIT,25.9,2.9,4.0,1.0,19.91,0.2824161607350683,0.11135225054400683,0.603174603174603,0.8128018132386403,0.4277932509788548,502.5,62310.0,0.023089171974522295,8,Endurance-focused training with longer cardio sessions and attention to pacing and recovery.
1.0,Female,72.8,1.65,172.0,165.0,55.0,0.4466666666666666,0.5437881873727088,HIIT,15.4,3.4,3.0,1.0,14.86,0.38591543385533084,0.2602020230290394,0.49206349206349187,0.9109816094337999,0.4342779394487547,943.5897435897436,110400.0,0.039917347609655304,10,Balanced cardio and strength training routine for steady and sustainable fitness improvement.
0.26829268292682934,Female,65.0,1.77,194.0,152.0,66.0,0.56,0.27970128988458925,HIIT,25.2,1.8,2.0,1.0,23.25,0.24776664535217413,0.1218411862434805,0.6666666666666665,0.4614903923696847,0.19943710807415252,533.5820895522388,68298.50746268657,0.02066590126291619,3,"Beginner-friendly workouts focusing on light cardio, mobility, and building consistency."
0.0,Female,74.2,1.85,177.0,151.0,66.0,1.0,0.5437881873727088,HIIT,28.0,1.5,3.0,1.0,,0.2692640503564989,0.12805647875399698,0.39682539682539675,0.6394544228649801,0.10707850430745872,552.0,61272.0,0.010107816711590296,8,Endurance-focused training with longer cardio sessions and attention to pacing and recovery.
0.6829268292682928,Female,61.2,1.79,190.0,157.0,72.0,0.36666666666666664,0.4372029871011541,Strength,22.6,2.5,3.0,1.0,17.28,0.2097973134817458,0.2461350443018637,0.5079365079365079,0.5709517918445117,0.36196871825781407,901.9047619047618,106424.7619047619,0.03890445066915655,-1,General fitness improvement recommended.
0.21951219512195125,Female,63.3,1.9,183.0,148.0,67.0,0.05333333333333329,0.4276985743380855,HIIT,20.0,3.2,4.0,2.0,22.45,0.173698097154123,0.48462280464080837,0.47619047619047605,0.5260208163226534,0.48183198008223516,1608.6206896551726,186600.00000000003,0.08716021136351257,-1,General fitness improvement recommended.
0.5365853658536586,Female,95.3,1.86,171.0,130.0,67.0,0.6399999999999999,0.33469110658520024,\nStrength,10.0,2.0,4.0,1.0,22.23,0.40450582453869216,0.12576360558611122,0.2857142857142856,0.40198877260164734,0.11659919803999594,545.2054794520548,56701.36986301369,0.0143742184018744,4,"Beginner-friendly workouts focusing on light cardio, mobility, and building consistency."
0.5853658536585367,,73.6,1.73,182.0,159.0,66.0,0.7666666666666666,0.6530889341479973,Cardio,23.2,2.4,2.0,2.0,,0.33638319339780515,0.2004977108565805,0.47619047619047605,0.6919189947683635,0.26016875308155774,766.6666666666667,88933.33333333334,0.019762845849802372,5,Endurance-focused training with longer cardio sessions and attention to pacing and recovery.
0.4146341463414634,Male,124.8,1.75,176.0,161.0,59.0,0.4666666666666666,0.6361167684996605,Yoga,10.0,3.3,3.0,2.0,28.03,0.7089129179010469,0.29048681905854756,0.49206349206349187,0.797125036931174,0.18399598404590914,1033.3333333333335,120900.00000000001,0.022035256410256412,-1,General fitness improvement recommended.
0.0,Male,75.4,1.97,177.0,136.0,67.0,0.17333333333333328,0.725050916496945,HIIT,29.7,3.1,2.0,1.0,15.43,0.21735777758313646,0.5505375807540346,0.38095238095238093,0.4227701848979051,0.36523464140659034,1803.9473684210527,198434.2105263158,0.05409744520452324,1,High-intensity interval training with strength conditioning and proper recovery.
0.6829268292682928,Male,49.8,1.91,160.0,146.0,65.0,1.0,0.4792939579090291,HIIT,29.4,3.0,3.0,3.0,12.84,0.0841663014262935,0.11202716885552158,0.1428571428571428,0.7913139596402385,0.601507377487985,504.5,47927.5,0.030120481927710847,5,Endurance-focused training with longer cardio sessions and attention to pacing and recovery.
0.0,Male,61.0,1.67,163.0,139.0,70.0,0.4799999999999999,0.039375424304141204,Strength,27.4,3.4,2.0,3.0,17.17,0.27369868679092985,0.04163374217626361,0.11111111111111094,0.6385681887628651,0.545879073661171,295.9016393442623,27518.852459016394,0.045686643375436715,6,Balanced cardio and strength training routine for steady and sustainable fitness improvement.
0.7073170731707319,Male,100.2,1.67,196.0,151.0,73.0,0.6533333333333333,0.44127630685675495,,24.5,3.2,3.0,,26.79,0.5977296288405343,0.1590753595305061,0.5873015873015872,0.42800303554268804,0.2518605894978463,643.918918918919,79202.02702702703,0.02157846469223715,10,Balanced cardio and strength training routine for steady and sustainable fitness improvement.
0.3658536585365854,Female,73.0,1.69,196.0,135.0,67.0,0.9533333333333334,0.3923964697895452,Yoga,10.0,2.2,2.0,2.0,23.54,0.35869409488038223,0.09582126116050996,0.6825396825396823,0.21927862672542386,0.22963597656353044,456.47668393782385,58885.49222797927,0.015615018808999931,7,Endurance-focused training with longer cardio sessions and attention to pacing and recovery.
0.2926829268292683,Male,88.2,1.72,191.0,155.0,54.0,0.52,0.41276306856754924,Strength,27.2,2.2,4.0,3.0,15.42,0.4567648160206051,0.18195503328762044,0.8095238095238093,0.533116538543267,0.16547902474115198,711.71875,97505.46875,0.019486961451247165,0,Balanced cardio and strength training routine for steady and sustainable fitness improvement.
0.39024390243902446,Female,61.7,1.81,183.0,141.0,72.0,0.32,0.7739307535641549,HIIT,31.4,2.6,4.0,3.0,20.6,0.20363842469043664,0.4386704143247969,0.39682539682539675,0.42821689251893513,0.37790038720571606,1472.4489795918369,163441.8367346939,0.04299937154764661,-1,General fitness improvement recommended.
0.2926829268292683,Male,120.0,1.79,187.0,141.0,51.0,1.0,0.8180583842498301,Yoga,,2.5,4.0,1.0,21.36,0.63285990248434,0.19622322821698704,0.7936507936507935,0.3860767756164929,0.11470888904738127,754.0,102544.0,0.010416666666666666,7,Endurance-focused training with longer cardio sessions and attention to pacing and recovery.
0.2926829268292683,Male,45.4,1.73,197.0,151.0,50.0,0.5133333333333334,0.6089613034623218,Cardio,23.1,3.6,4.0,3.0,17.33,0.11916796924864198,0.2606380695860447,0.9682539682539679,0.4180038649426223,0.836881870397676,944.8818897637796,138897.6377952756,0.06243712927954491,2,Balanced cardio and strength training routine for steady and sustainable fitness improvement.
0.2926829268292683,Male,40.0,1.87,186.0,140.0,56.0,0.7133333333333334,0.3699932111337407,,26.6,2.6,5.0,1.0,12.87,0.03316686804619845,0.12404995731239346,0.6984126984126982,0.3826952505642094,0.6602952713786464,540.1273885350319,70216.56050955414,0.041401273885350316,2,Balanced cardio and strength training routine for steady and sustainable fitness improvement.
0.09756097560975613,Male,129.9,1.62,185.0,141.0,52.0,0.7466666666666668,0.1819416157501697,Strength,27.2,1.8,4.0,2.0,12.32,0.9105373714352365,0.060722961774358465,0.746031746031746,0.4069190496520252,0.028528635618001563,352.4691358024691,46878.39506172839,0.008553588230262595,-1,General fitness improvement recommended.
0.853658536585366,Female,71.9,2.0,191.0,161.0,74.0,0.7333333333333334,0.6673455532926,Cardio,29.0,3.7,5.0,2.0,12.32,0.18385017619643068,0.21301182121591647,0.49206349206349187,0.6134371880095966,0.49304148287800764,803.75,94038.75,0.032162726008344925,9,High-intensity interval training with strength conditioning and proper recovery.
0.6341463414634148,Female,115.6,1.5,186.0,145.0,55.0,0.7666666666666666,0.5241004752206382,HIIT,25.1,3.5,2.0,1.0,18.41,0.9538948884089273,0.1616387777693674,0.714285714285714,0.45142842282258266,0.23136328626190725,651.5151515151515,85348.48484848485,0.01834958582363427,-1,General fitness improvement recommended.
0.1951219512195122,Female,64.7,1.61,197.0,137.0,74.0,0.6533333333333333,0.5329260013577732,HIIT,25.1,2.2,5.0,2.0,24.23,0.34488810201923553,0.1898571068462127,0.5873015873015872,0.2362970826473898,0.2773935806380956,735.1351351351351,90421.62162162161,0.022975061614937967,-1,General fitness improvement recommended.
0.8292682926829269,Male,58.2,1.71,182.0,161.0,50.0,0.6599999999999999,0.7202987101154108,HIIT,28.7,3.5,3.0,2.0,21.89,0.22830987633833744,0.25070136601959064,0.7301587301587298,0.7200165113399182,0.6002287682859608,915.4362416107383,120837.58389261746,0.04036070942595539,-1,General fitness improvement recommended.
0.7560975609756098,Male,53.8,1.81,185.0,169.0,71.0,0.7066666666666668,0.7073998642226749,Strength,25.3,2.4,4.0,2.0,19.34,0.14804757652517697,0.23272938663084267,0.4444444444444442,0.7939053859997096,0.40841552328968045,862.1794871794872,98288.46153846153,0.02859593937660852,-1,General fitness improvement recommended.
0.1951219512195122,Female,63.6,1.77,173.0,145.0,55.0,0.5266666666666666,0.8710115410726407,Strength,18.9,2.8,3.0,1.0,22.45,0.23746480390128039,0.356670668986157,0.5079365079365079,0.6012111161255116,0.4011951524644749,1229.4573643410852,145075.96899224806,0.03412802886256155,-1,General fitness improvement recommended.
0.12195121951219517,Male,62.3,1.68,167.0,122.0,74.0,0.7933333333333332,0.31839782756279705,Cardio,21.1,3.3,,1.0,12.98,0.27833216951666434,0.09593196456568531,0.11111111111111094,0.3260624092303639,0.5116837470233541,456.8047337278107,42482.840236686396,0.03134290083296134,8,Endurance-focused training with longer cardio sessions and attention to pacing and recovery.
0.5609756097560976,Female,65.7,1.57,170.0,169.0,71.0,0.4199999999999999,0.27494908350305497,Yoga,26.5,1.9,5.0,1.0,12.32,0.3839350796424266,0.15321361086107785,0.20634920634920628,1.0,0.21459439455732685,626.5486725663717,62028.318584070796,0.025592327689551598,-1,General fitness improvement recommended.
1.0,Female,65.5,1.78,168.0,139.0,56.0,0.5066666666666666,0.13713509843856075,Strength,22.8,2.0,2.0,2.0,28.6,0.2460455920023119,0.0770305118056673,0.41269841269841256,0.5736752791964035,0.2345445844319671,400.7936507936508,44888.88888888889,0.02423361201987156,10,Balanced cardio and strength training routine for steady and sustainable fitness improvement.
0.2439024390243903,Female,40.0,1.81,194.0,164.0,57.0,0.7133333333333334,0.5207060420909708,Yoga,21.3,3.4,3.0,1.0,37.33,0.050939512641558826,0.17176711182076135,0.8095238095238093,0.6196475475044161,0.9073532558305398,681.5286624203821,93369.42675159236,0.05414012738853503,2,Balanced cardio and strength training routine for steady and sustainable fitness improvement.
0.7317073170731709,Male,40.0,1.67,169.0,168.0,57.0,1.0,0.3598099117447386,Strength,17.8,2.2,3.0,3.0,12.32,0.10011068212149898,0.08233076314887244,0.41269841269841256,0.9999110033411758,0.5367662791526996,416.5,46648.0,0.027500000000000004,5,Endurance-focused training with longer cardio sessions and attention to pacing and recovery.
0.878048780487805,Female,76.8,1.79,189.0,132.0,64.0,0.5466666666666666,0.34758995247793617,Strength,20.7,2.1,4.0,1.0,20.66,0.32203840852325033,0.15013448836854773,0.6190476190476188,0.24391970276635067,0.19513141002781545,617.4242424242424,77178.0303030303,0.020714962121212124,10,Balanced cardio and strength training routine for steady and sustainable fitness improvement.
0.12195121951219517,Male,71.2,1.56,170.0,140.0,68.0,0.1933333333333333,0.4826883910386965,Yoga,21.8,3.5,4.0,1.0,13.25,0.443939221704369,0.37492280191260835,0.25396825396825395,0.5638273751039224,0.46459203650383174,1283.5443037974683,130921.51898734177,0.0622244346465652,1,High-intensity interval training with strength conditioning and proper recovery.
0.1951219512195122,Female,64.1,1.68,190.0,168.0,55.0,0.5666666666666667,0.591989137813985,Strength,28.1,3.4,2.0,2.0,39.84,0.2930345379029184,0.2354934751573454,0.7777777777777777,0.7189813396767559,0.512580805635763,870.3703703703703,117500.0,0.03929046050730918,-1,General fitness improvement recommended.
0.0,Female,45.3,1.75,190.0,169.0,69.0,0.21333333333333332,0.3428377460964019,Cardio,28.4,3.7,2.0,3.0,26.5,0.11046771510695902,0.2742997538636815,0.5555555555555554,0.7324385712978687,0.866313270554591,985.3658536585366,119229.26829268293,0.09960695633446404,6,Balanced cardio and strength training routine for steady and sustainable fitness improvement.
0.07317073170731708,Female,76.0,1.72,196.0,160.0,73.0,0.6733333333333333,0.6809232858112695,Strength,28.8,3.5,3.0,3.0,12.32,0.36169639177720087,0.23364767207336465,0.5873015873015872,0.5454105155023994,0.4262403387400103,864.9006622516556,106382.78145695364,0.030498431509236666,2,Balanced cardio and strength training routine for steady and sustainable fitness improvement.
0.5609756097560976,Female,40.0,1.69,192.0,138.0,66.0,0.3,0.8506449422946367,Yoga,26.0,2.6,4.0,1.0,19.94,0.0923310999648213,0.4945015998901124,0.6349206349206349,0.295919620588013,0.6602952713786464,1637.8947368421054,206374.73684210528,0.06842105263157895,10,Balanced cardio and strength training routine for steady and sustainable fitness improvement.
0.2926829268292683,Male,129.9,1.78,189.0,120.0,74.0,0.6733333333333333,0.3564154786150712,Yoga,20.0,1.5,2.0,1.0,30.83,0.7146207080701168,0.12682285323096337,0.46031746031746024,0.08157849590847843,0.0,548.3443708609271,63059.60264900662,0.007647247755532784,-1,General fitness improvement recommended.
0.21951219512195125,Female,62.9,1.73,187.0,157.0,54.0,0.3266666666666666,0.18058384249830278,Strength,27.9,2.4,4.0,1.0,28.52,0.2539646509014915,0.13573282237789203,0.746031746031746,0.6048467442164065,0.32869160941757924,574.7474747474747,76441.41414141413,0.03854121501180324,3,"Beginner-friendly workouts focusing on light cardio, mobility, and building consistency."
0.2439024390243903,Male,69.3,1.99,183.0,154.0,62.0,0.98,0.3557365919891378,Strength,14.4,1.5,4.0,2.0,18.72,0.17288966477787693,0.08344335056848878,0.5555555555555554,0.6098527510115548,0.1247355929618251,419.79695431472084,50795.43147208122,0.010987320631990684,8,Endurance-focused training with longer cardio sessions and attention to pacing and recovery.
0.48780487804878053,Male,60.6,1.81,170.0,159.0,71.0,0.6333333333333333,0.18601493550577053,Cardio,24.8,3.7,3.0,3.0,13.74,0.19589792684464097,0.07606449572213633,0.20634920634920628,0.8495956465875594,0.6115767414413505,397.9310344827586,39395.1724137931,0.04210765904176625,10,Balanced cardio and strength training routine for steady and sustainable fitness improvement.
1.0,Female,40.0,1.65,179.0,163.0,71.0,0.9533333333333334,0.353021045485404,Cardio,23.4,3.4,3.0,1.0,22.78,0.10817486928144493,0.08568000155743855,0.3492063492063491,0.7864930379770887,0.9073532558305398,426.42487046632124,46053.886010362694,0.04404145077720207,10,Balanced cardio and strength training routine for steady and sustainable fitness improvement.
0.3658536585365854,Female,56.6,2.0,173.0,131.0,71.0,0.7666666666666666,0.25594025797691783,,24.1,1.9,3.0,2.0,37.62,0.09567125156303291,0.08085310108805607,0.25396825396825395,0.39429645651764567,0.27203011736811733,412.1212121212121,42036.36363636364,0.020344790662811862,-1,General fitness improvement recommended.
0.21951219512195125,Female,75.2,1.96,172.0,132.0,61.0,0.4799999999999999,0.35709436524100474,HIIT,14.9,2.7,3.0,1.0,21.52,0.2207395586612131,0.17108528717171623,0.39682539682539675,0.420418573012991,0.30087846952974795,679.5081967213115,75425.40983606558,0.029429717474712246,3,"Beginner-friendly workouts focusing on light cardio, mobility, and building consistency."
0.17073170731707316,Male,42.2,1.82,185.0,140.0,56.0,0.23999999999999994,0.04752206381534285,Strength,17.9,3.5,4.0,2.0,29.27,0.06316624637805562,0.0881421237265082,0.6825396825396823,0.39309810906817955,0.8818863782863281,433.72093023255815,55950.0,0.09643998677394466,3,"Beginner-friendly workouts focusing on light cardio, mobility, and building consistency."
0.26829268292682934,Female,57.0,1.7,168.0,160.0,61.0,0.15999999999999998,0.45689069925322473,Yoga,17.7,2.8,4.0,3.0,12.32,0.22415159619137237,0.38686028966673525,0.33333333333333326,0.8932845301978394,0.4641659065286782,1318.918918918919,141124.32432432432,0.06638217164532954,-1,General fitness improvement recommended.
0.7560975609756098,Male,128.5,1.96,196.0,138.0,68.0,0.0,0.5852002715546503,Cardio,26.1,3.4,2.0,1.0,22.89,0.5405910831458438,0.7280588576906123,0.6666666666666665,0.25841445337866076,0.1842039608735868,2330.0,298240.0,0.05291828793774319,-1,General fitness improvement recommended.
0.2439024390243903,Female,45.0,1.8,187.0,162.0,74.0,0.8800000000000001,0.7413441955193483,Strength,23.2,2.7,4.0,3.0,12.32,0.08965177522640294,0.2004359051503978,0.4285714285714284,0.6732123594038795,0.598530775265673,766.4835164835165,86612.63736263737,0.03296703296703297,8,Endurance-focused training with longer cardio sessions and attention to pacing and recovery.
0.0,Female,78.5,1.81,190.0,127.0,74.0,0.5866666666666667,0.11065852002715548,Yoga,29.9,1.7,4.0,3.0,15.7,0.3218569372444065,0.05573262374906824,0.47619047619047605,0.16723484321111903,0.12487183692159667,337.6811594202899,39171.014492753624,0.01569279054740146,3,"Beginner-friendly workouts focusing on light cardio, mobility, and building consistency."
0.7804878048780488,Female,49.4,1.91,188.0,131.0,74.0,0.4066666666666667,0.44806517311608957,Strength,17.6,2.7,2.0,1.0,17.89,0.08163859509920313,0.23454764368975714,0.4444444444444442,0.2398179967420162,0.5325152814445192,867.5675675675675,98902.70270270269,0.049239522923733445,10,Balanced cardio and strength training routine for steady and sustainable fitness improvement.
0.21951219512195125,Female,50.3,1.66,180.0,131.0,74.0,0.4133333333333334,0.25390359809911744,Cardio,27.6,1.8,2.0,2.0,39.72,0.19027600711013182,0.14576103231855358,0.3174603174603172,0.3190025109381167,0.29940888156546785,604.4642857142857,64073.21428571428,0.031951150241408696,3,"Beginner-friendly workouts focusing on light cardio, mobility, and building consistency."
0.5365853658536586,Female,61.0,1.88,171.0,138.0,62.0,0.5866666666666667,0.5953835709436524,HIIT,24.9,2.0,2.0,3.0,12.32,0.1673426365103582,0.23033105651049343,0.3650793650793649,0.5216086092337635,0.26236991117539155,855.072463768116,93202.89855072464,0.023758612497030176,-1,General fitness improvement recommended.
1.0,Male,79.3,1.79,198.0,162.0,74.0,0.8533333333333333,0.4276985743380855,Strength,25.2,2.7,4.0,2.0,16.0,0.34002576349785046,0.11866070585549382,0.603174603174603,0.5501542520664282,0.2779473376855992,524.1573033707865,64995.50561797753,0.01912804454709041,-1,General fitness improvement recommended.
0.9512195121951221,Female,40.0,1.62,190.0,123.0,57.0,0.6199999999999999,0.5363204344874406,Yoga,25.2,3.2,5.0,1.0,21.11,0.12083576523754636,0.19971109277789192,0.746031746031746,0.11340591672666678,0.8455887597175665,764.3356643356643,101656.64335664336,0.05594405594405595,10,Balanced cardio and strength training routine for steady and sustainable fitness improvement.
0.0,Male,48.6,1.95,175.0,152.0,57.0,0.9133333333333333,0.37949762389680924,Strength,23.1,1.6,3.0,1.0,12.32,0.06411276571558489,0.09733506341916498,0.5079365079365079,0.6789941371454482,0.2640366317073479,460.96256684491976,54393.58288770053,0.0176052463634163,8,Endurance-focused training with longer cardio sessions and attention to pacing and recovery.
0.1951219512195122,Male,91.3,1.63,186.0,156.0,67.0,0.27999999999999997,0.5349626612355736,Yoga,22.6,2.4,,1.0,19.46,0.5616560821109737,0.34196156709255315,0.5238095238095237,0.6026414017910042,0.18207706434402535,1185.8695652173913,141118.47826086957,0.028572789180437163,-1,General fitness improvement recommended.
0.7804878048780488,Female,102.2,1.65,198.0,157.0,64.0,0.76,0.5566870332654446,Yoga,17.3,3.3,4.0,2.0,17.77,0.6348658179550946,0.1728562393585677,0.7619047619047619,0.4855867266115923,0.25622734475306885,684.7560975609756,91757.31707317074,0.019688797670755574,10,Balanced cardio and strength training routine for steady and sustainable fitness improvement.
0.7317073170731709,Female,40.0,1.75,196.0,133.0,74.0,1.0,0.1452817379497624,Cardio,12.8,2.5,4.0,1.0,12.32,0.07057136825401983,0.02901221653920697,0.5714285714285712,0.1931880756232658,0.6294130233221596,258.5,31537.0,0.03125,5,Endurance-focused training with longer cardio sessions and attention to pacing and recovery.
0.5609756097560976,Female,69.6,1.63,193.0,169.0,55.0,0.6399999999999999,0.5797691785471826,Strength,27.9,3.7,4.0,1.0,32.29,0.3733701452058103,0.20920384889324337,0.8253968253968251,0.6970871908216805,0.5140483035709162,792.4657534246576,109360.27397260275,0.03641158872618486,-1,General fitness improvement recommended.
0.12195121951219517,Female,56.8,1.75,183.0,149.0,74.0,0.6933333333333334,0.4229463679565512,Strength,25.3,2.6,2.0,,12.32,0.19703526016522332,0.1446927768741918,0.3650793650793649,0.5399928054374703,0.42280643421186137,601.2987012987013,65541.55844155845,0.02972379732943113,-1,General fitness improvement recommended.
0.7804878048780488,Female,99.4,1.7,181.0,120.0,58.0,0.25333333333333335,0.2654446707399864,Yoga,30.5,1.5,3.0,,16.45,0.5623732217612722,0.2079115862482198,0.5873015873015872,0.1533315155141679,0.043768782009509455,788.6363636363636,97002.27272727272,0.017148344613133346,10,Balanced cardio and strength training routine for steady and sustainable fitness improvement.
0.0,Male,51.4,1.83,195.0,141.0,54.0,0.3133333333333333,0.571622539035981,HIIT,23.7,1.7,2.0,3.0,16.63,0.12329657512036724,0.3401199869843748,0.873015873015873,0.3069830177380626,0.2659157456144855,1180.4123711340208,166438.14432989692,0.03409683501143247,2,Balanced cardio and strength training routine for steady and sustainable fitness improvement.
0.09756097560975613,Male,96.9,1.8,163.0,132.0,56.0,0.2933333333333333,0.30210454854039376,HIIT,21.7,2.5,4.0,2.0,24.29,0.4589317065161104,0.21031035297434816,0.33333333333333326,0.5287637835108381,0.17605907223493225,795.7446808510639,85144.68085106384,0.027446588937926793,3,"Beginner-friendly workouts focusing on light cardio, mobility, and building consistency."
0.1951219512195122,Female,64.3,1.7,192.0,140.0,65.0,0.6733333333333333,0.6334012219959266,Yoga,33.9,3.6,3.0,2.0,39.07,0.2823831496503409,0.2180038701508373,0.6507936507936507,0.3225537248381325,0.5489654875607053,818.5430463576159,103954.96688741722,0.03707785319230017,2,Balanced cardio and strength training routine for steady and sustainable fitness improvement.
0.5853658536585367,Female,40.0,1.72,197.0,139.0,74.0,0.76,0.570264765784114,Yoga,24.0,1.5,3.0,2.0,19.15,0.08116661532125402,0.1769715949165845,0.5873015873015872,0.2622551944038516,0.3205905427572926,696.9512195121952,85725.0,0.022865853658536585,-1,General fitness improvement recommended.
0.4634146341463415,Male,40.0,1.92,194.0,128.0,72.0,0.9266666666666665,0.9843856076035302,Strength,10.0,3.4,5.0,1.0,15.24,0.019611325830775683,0.2547768554863384,0.5714285714285712,0.14517608210022237,0.9073532558305398,927.5132275132275,113156.61375661376,0.04497354497354497,-1,General fitness improvement recommended.
0.2926829268292683,Female,85.4,1.71,188.0,169.0,74.0,0.4466666666666666,0.2993890020366599,HIIT,21.6,3.6,4.0,2.0,20.15,0.44275197159034113,0.1563684366421543,0.4444444444444442,0.7566329558081679,0.37808793667979135,635.8974358974359,72492.30769230769,0.03602954422626554,-1,General fitness improvement recommended.
0.3658536585365854,Female,72.9,1.58,178.0,153.0,57.0,0.2933333333333333,0.5675492192803802,HIIT,25.9,3.5,2.0,1.0,18.97,0.4426709029605565,0.350679001805342,0.5555555555555554,0.6559289173621021,0.4504315445311359,1211.7021276595744,146615.95744680852,0.051075504188191345,-1,General fitness improvement recommended.
0.17073170731707316,Female,48.8,1.84,186.0,168.0,65.0,0.7866666666666666,0.4541751527494908,Strength,25.0,1.7,3.0,2.0,16.6,0.10175706488700281,0.13702325060697867,0.5555555555555554,0.7676010152110999,0.287683229254479,578.5714285714286,70007.14285714286,0.020735753317720533,-1,General fitness improvement recommended.
0.0,Male,54.9,1.74,187.0,131.0,74.0,0.2866666666666667,0.19959266802443992,HIIT,,3.2,3.0,3.0,18.89,0.18749662928273703,0.15840603121372487,0.4285714285714284,0.24934554524154717,0.5773800917151466,641.9354838709677,72538.70967741935,0.06267504945453121,3,"Beginner-friendly workouts focusing on light cardio, mobility, and building consistency."
0.48780487804878053,Male,53.6,1.7,188.0,126.0,73.0,0.3133333333333333,0.5295315682281059,Yoga,30.4,3.4,4.0,2.0,12.32,0.19703005074472946,0.3185504326988517,0.46031746031746024,0.17181602844383836,0.6409362502089084,1116.4948453608247,128396.90721649484,0.065394676104016,10,Balanced cardio and strength training routine for steady and sustainable fitness improvement.
0.7073170731707319,Male,77.9,1.76,164.0,139.0,59.0,0.5266666666666666,0.6313645621181263,Cardio,34.0,2.8,2.0,1.0,15.38,0.34922316914951296,0.2643271945812315,0.3015873015873014,0.6252730560712001,0.30136346919195744,955.813953488372,100360.46511627907,0.027863191728612506,10,Balanced cardio and strength training routine for steady and sustainable fitness improvement.
0.4146341463414634,Male,68.5,1.73,175.0,142.0,58.0,0.4666666666666666,0.36456211812627287,Cardio,19.3,2.1,2.0,3.0,12.32,0.2970995890304033,0.17800043380608868,0.49206349206349187,0.5328870509733634,0.23605884187274875,700.0,81900.0,0.025547445255474453,-1,General fitness improvement recommended.
0.34146341463414637,Female,113.1,1.73,165.0,135.0,58.0,0.6666666666666667,0.5281737949762388,Yoga,26.2,3.3,4.0,1.0,12.32,0.6406385605570939,0.1849745896917411,0.33333333333333326,0.5501542520664282,0.21778624219790058,720.6666666666666,77111.33333333333,0.019451812555260833,-1,General fitness improvement recommended.
0.21951219512195125,Female,53.7,1.75,167.0,137.0,74.0,1.0,0.32926001357773255,Yoga,13.3,2.6,3.0,,16.24,0.1736996610625608,0.07473793214433147,0.11111111111111094,0.555721751267324,0.45544877682146634,394.0,36642.0,0.024208566108007448,8,Endurance-focused training with longer cardio sessions and attention to pacing and recovery.
0.17073170731707316,Male,61.3,1.77,173.0,167.0,50.0,0.9199999999999999,0.9891378139850644,Strength,35.0,3.1,4.0,2.0,17.69,0.22054035008909773,0.25769823442112866,0.5873015873015872,0.9263627240807297,0.4820548250102126,936.1702127659574,115148.93617021276,0.026899448127451327,8,Endurance-focused training with longer cardio sessions and attention to pacing and recovery.
0.48780487804878053,Male,41.1,1.67,184.0,133.0,74.0,0.08666666666666667,0.34012219959266804,HIIT,25.6,2.8,5.0,3.0,14.26,0.10920338712799299,0.3724411854567675,0.38095238095238093,0.3063416613815382,0.6989168662716735,1276.1904761904761,140380.95238095237,0.10813733441470667,10,Balanced cardio and strength training routine for steady and sustainable fitness improvement.
0.43902439024390244,Male,78.2,1.63,191.0,169.0,74.0,1.0,0.7318397827562797,Cardio,23.1,2.7,3.0,2.0,21.82,0.4479903782649996,0.1747945718263936,0.49206349206349187,0.7205313872980357,0.28386357256223815,690.5,80788.5,0.017263427109974427,5,Endurance-focused training with longer cardio sessions and attention to pacing and recovery.
0.4146341463414634,Male,94.6,1.69,167.0,158.0,57.0,0.16666666666666669,0.8357094365241005,Yoga,33.1,2.0,4.0,2.0,22.21,0.5330407824614767,0.6319954846850124,0.38095238095238093,0.8772448301190678,0.11851748200713128,2045.3333333333333,224986.66666666666,0.028188865398167725,6,Balanced cardio and strength training routine for steady and sustainable fitness improvement.
0.2439024390243903,Female,68.8,1.73,198.0,169.0,66.0,0.6399999999999999,0.6625933469110659,Yoga,31.4,1.6,3.0,1.0,12.38,0.2994103892873093,0.2374024906757091,0.7301587301587298,0.6405487877031977,0.14463354801684522,876.027397260274,115635.61643835617,0.015928639694170122,0,Balanced cardio and strength training routine for steady and sustainable fitness improvement.
0.21951219512195125,Female,43.4,1.71,184.0,165.0,71.0,0.49333333333333335,0.43584521384928715,Strength,10.0,3.6,2.0,2.0,25.15,0.11162814803945298,0.19895555880069996,0.4285714285714284,0.751015401905275,0.8820212735537906,762.0967741935484,86116.93548387097,0.06689460383529063,10,Balanced cardio and strength training routine for steady and sustainable fitness improvement.
0.5365853658536586,Female,40.0,1.74,173.0,164.0,72.0,0.5533333333333335,0.6048879837067209,HIIT,22.7,1.5,4.0,1.0,12.32,0.07404228489056752,0.2447310788919458,0.23809523809523792,0.8820238684504726,0.3205905427572926,897.7443609022556,90672.18045112782,0.02819548872180451,-1,General fitness improvement recommended.
0.14634146341463422,Male,70.3,1.87,191.0,127.0,62.0,0.8333333333333333,0.6666666666666667,Yoga,23.9,1.5,2.0,3.0,14.32,0.23291962133576571,0.18957046200348446,0.6825396825396823,0.1582868410337297,0.12093219650305079,734.2857142857143,94722.85714285714,0.012192643771591141,-1,General fitness improvement recommended.
0.0,Male,64.7,1.67,167.0,152.0,74.0,0.5866666666666667,0.8167006109979633,HIIT,26.0,1.7,4.0,3.0,19.63,0.30428323999459156,0.3100496686676708,0.11111111111111094,0.785381093304284,0.181930680927163,1091.304347826087,101491.3043478261,0.019039939072194968,6,Balanced cardio and strength training routine for steady and sustainable fitness improvement.
1.0,Male,61.0,1.62,191.0,162.0,74.0,0.7933333333333332,0.13306177868295993,HIIT,14.6,1.8,3.0,3.0,21.37,0.3053044385429022,0.04141933171257065,0.49206349206349187,0.6268239629206516,0.22186860224885155,295.26627218934914,34546.15384615385,0.017460471432728684,10,Balanced cardio and strength training routine for steady and sustainable fitness improvement.
0.4634146341463415,Female,44.2,1.61,168.0,164.0,73.0,0.4199999999999999,0.48065173116089616,Yoga,28.8,2.5,4.0,3.0,14.92,0.1625676169269349,0.2437004464314186,0.1428571428571428,0.9541624827695419,0.55605021685313,894.6902654867257,84995.57522123895,0.0500540583830537,-1,General fitness improvement recommended.
0.0,Male,77.8,1.76,183.0,157.0,74.0,0.5133333333333334,0.5315682281059062,HIIT,24.6,3.3,3.0,1.0,16.37,0.3484789376919442,0.23034646032908332,0.3650793650793649,0.651768718356005,0.38132298430796696,855.1181102362204,93207.87401574804,0.033398781450519194,6,Balanced cardio and strength training routine for steady and sustainable fitness improvement.
0.853658536585366,Male,53.5,1.71,195.0,169.0,54.0,0.36000000000000004,0.405295315682281,Yoga,25.1,2.7,3.0,2.0,33.56,0.1912555437028809,0.2338109864890394,0.873015873015873,0.6741239009397124,0.4807741658540228,865.3846153846154,122019.23076923077,0.04852624011502516,10,Balanced cardio and strength training routine for steady and sustainable fitness improvement.
0.6341463414634148,Male,63.7,1.62,176.0,166.0,54.0,0.4399999999999999,0.5695858791581805,Cardio,23.0,3.2,5.0,2.0,12.32,0.32902183939644797,0.2740017453577562,0.5714285714285712,0.8697635030678641,0.47791062901050985,984.4827586206898,120106.89655172414,0.04330644724733395,10,Balanced cardio and strength training routine for steady and sustainable fitness improvement.
0.2439024390243903,Female,64.1,1.82,170.0,120.0,57.0,0.6866666666666668,0.26001357773251865,Yoga,16.3,2.7,2.0,,13.85,0.21558369852431142,0.09308424101746779,0.4285714285714284,0.26301866827904186,0.37768175016281025,448.3660130718954,50665.35947712418,0.027530512985225297,-1,General fitness improvement recommended.
0.2926829268292683,Female,40.0,1.93,180.0,143.0,74.0,0.96,0.4161575016972166,Yoga,17.2,2.3,2.0,1.0,12.32,0.01702587070663844,0.10111540965930496,0.3174603174603172,0.48946077813888245,0.5676485272091862,472.16494845360825,50049.48453608248,0.029639175257731958,8,Endurance-focused training with longer cardio sessions and attention to pacing and recovery.
0.17073170731707316,Female,68.8,1.73,182.0,133.0,74.0,0.7666666666666666,0.3720298710115411,\nStrength,28.8,1.8,3.0,3.0,12.32,0.2994103892873093,0.1158261408665478,0.3492063492063491,0.3266512793381511,0.1805431387802018,515.7575757575758,55701.818181818184,0.015856236786469347,-1,General fitness improvement recommended.
0.0,,50.6,1.74,162.0,153.0,74.0,0.49999999999999994,0.22471147318397827,Strength,29.3,1.5,4.0,,17.25,0.15475477150513112,0.11293830857606649,0.03174603174603163,0.8729918793406055,0.22354948661141547,507.2,44633.6,0.023715415019762844,6,Balanced cardio and strength training routine for steady and sustainable fitness improvement.
0.853658536585366,Female,68.9,1.6,191.0,155.0,70.0,0.25999999999999995,0.3876442634080109,Yoga,10.2,1.6,3.0,2.0,27.19,0.3899251875639422,0.27317149908148364,0.5555555555555554,0.533116538543267,0.14421660066400502,982.0224719101124,118824.7191011236,0.0260922033234944,10,Balanced cardio and strength training routine for steady and sustainable fitness improvement.
0.17073170731707316,Male,100.4,1.76,173.0,169.0,58.0,0.23333333333333334,0.7888662593346911,Cardio,30.4,1.8,3.0,1.0,17.45,0.5166752471024589,0.5233998049930505,0.46031746031746024,0.9559219611675678,0.07882314263380114,1723.5294117647059,198205.88235294117,0.021092102179517222,6,Balanced cardio and strength training routine for steady and sustainable fitness improvement.
0.9756097560975612,Female,105.7,1.65,171.0,136.0,71.0,0.4799999999999999,0.3652410047522064,Cardio,32.0,3.4,,3.0,13.66,0.6645027684431615,0.174404557556215,0.2222222222222221,0.4917036500757348,0.25470646577774914,689.344262295082,68934.4262295082,0.026365990973525447,-1,General fitness improvement recommended.
0.7804878048780488,Female,60.4,1.72,184.0,124.0,74.0,1.0,0.12966734555329262,\tYoga,27.9,3.0,4.0,2.0,20.81,0.24013348864629047,0.02513143624799715,0.38095238095238093,0.18127717185923697,0.47091141905873457,247.0,27170.0,0.024834437086092717,5,Endurance-focused training with longer cardio sessions and attention to pacing and recovery.
0.12195121951219517,Male,56.2,1.58,184.0,141.0,71.0,1.0,0.2287847929395791,Cardio,25.2,1.5,4.0,1.0,,0.288452693693173,0.049765954618285625,0.4285714285714284,0.4175100965124723,0.18706053781554408,320.0,36160.0,0.013345195729537365,8,Endurance-focused training with longer cardio sessions and attention to pacing and recovery.
0.0,Female,42.6,1.56,180.0,169.0,62.0,0.5133333333333334,0.8105906313645621,Strength,27.1,3.6,4.0,1.0,12.46,0.17301352733886555,0.33955568317654927,0.5079365079365079,0.8587870237405419,0.901263798467289,1178.740157480315,139091.33858267718,0.06654097815237883,6,Balanced cardio and strength training routine for steady and sustainable fitness improvement.
1.0,Female,97.4,1.57,199.0,153.0,70.0,0.15333333333333332,0.3896809232858112,Yoga,18.1,3.3,4.0,1.0,27.67,0.6804136556738247,0.34719228450088296,0.6825396825396823,0.4240042324843172,0.2758842083018036,1201.3698630136987,154976.71232876714,0.04641219656268459,10,Balanced cardio and strength training routine for steady and sustainable fitness improvement.
0.07317073170731708,Male,46.4,2.0,198.0,135.0,74.0,0.3333333333333333,0.131704005431093,Cardio,29.7,1.8,2.0,1.0,23.07,0.03688530180743438,0.10949622518734126,0.603174603174603,0.201489614610316,0.33656411933823405,497.0,61628.0,0.03879310344827586,3,"Beginner-friendly workouts focusing on light cardio, mobility, and building consistency."
0.34146341463414637,Male,57.4,1.66,189.0,136.0,62.0,0.7,0.5193482688391038,HIIT,24.6,3.4,2.0,2.0,,0.2496745144299497,0.1742992688719755,0.6507936507936507,0.29803343838564156,0.5890616539103739,689.0322580645161,87507.09677419355,0.03821512869506575,2,Balanced cardio and strength training routine for steady and sustainable fitness improvement.
0.48780487804878053,Male,87.9,1.75,183.0,130.0,74.0,0.6933333333333334,0.658520027155465,HIIT,24.2,1.6,3.0,1.0,12.32,0.43114401245322514,0.22073065158056168,0.3650793650793649,0.2745250122559497,0.08221050514265979,826.6233766233767,90101.94805194806,0.011819807041650044,-1,General fitness improvement recommended.
0.5365853658536586,Male,87.8,1.64,161.0,145.0,59.0,0.7533333333333332,0.3706720977596741,Cardio,22.5,2.6,4.0,2.0,17.55,0.5220252131543683,0.11754762798942983,0.25396825396825395,0.7609411550419658,0.2231602157453699,520.8588957055215,53127.60736196319,0.018167335131433683,10,Balanced cardio and strength training routine for steady and sustainable fitness improvement.
0.04878048780487804,Female,65.7,1.81,189.0,165.0,55.0,0.7733333333333332,0.2919212491513917,Strength,35.0,3.5,4.0,2.0,25.06,0.23178568958423895,0.09078960379409201,0.7619047619047619,0.6903580216254994,0.5154260346813982,441.566265060241,59169.879518072295,0.03209183767031597,-1,General fitness improvement recommended.
0.12195121951219517,Female,51.4,2.0,182.0,158.0,65.0,0.38000000000000006,0.29531568228105903,Strength,31.7,2.6,4.0,2.0,15.31,0.06570194384449246,0.1745312275319474,0.49206349206349187,0.6778702364825864,0.4822116463992172,689.7196261682243,80697.19626168224,0.0472744463435034,-1,General fitness improvement recommended.
0.39024390243902446,Female,75.2,2.0,196.0,141.0,73.0,0.4199999999999999,0.3054989816700611,HIIT,33.8,3.6,4.0,2.0,16.39,0.202869159940889,0.16665224980716808,0.5873015873015872,0.2975502800318979,0.44871901873633324,666.3716814159293,81963.7168141593,0.042364903031444176,-1,General fitness improvement recommended.
0.39024390243902446,Male,77.7,1.81,187.0,149.0,54.0,0.38666666666666666,0.3659198913781398,Strength,33.0,3.0,2.0,3.0,12.32,0.316227484265646,0.20487218139417604,0.746031746031746,0.4954617599164495,0.33430273784028863,779.6296296296296,103690.74074074073,0.03575003575003575,0,Balanced cardio and strength training routine for steady and sustainable fitness improvement.
0.12195121951219517,Female,40.0,1.89,162.0,126.0,60.0,0.15999999999999998,0.6340801086218602,Cardio,24.7,2.9,3.0,1.0,17.09,0.02761544442240066,0.5058830459541341,0.25396825396825395,0.44684621133869107,0.7529420155481064,1671.6216216216217,170505.4054054054,0.09797297297297297,-1,General fitness improvement recommended.
0.6097560975609757,Female,80.5,1.68,190.0,135.0,58.0,0.4000000000000001,0.5403937542430415,Yoga,21.7,2.1,5.0,1.0,25.52,0.42698944986656723,0.2789313994826131,0.7301587301587298,0.27489269618002377,0.1796063668472447,999.090909090909,131880.0,0.023715415019762844,-1,General fitness improvement recommended.
0.0,Male,40.0,1.78,167.0,133.0,62.0,0.23999999999999994,0.44806517311608957,Yoga,16.9,3.7,4.0,3.0,21.42,0.06050730846614699,0.3196548003507549,0.3015873015873014,0.4944792600574677,1.0,1119.7674418604652,117575.58139534884,0.10755813953488372,-1,General fitness improvement recommended.
0.2439024390243903,Female,109.4,1.58,170.0,165.0,74.0,0.96,0.21452817379497624,HIIT,21.9,2.2,5.0,1.0,21.16,0.7797346537545384,0.04945284818510869,0.1587301587301586,0.9398382586350236,0.10576978616692356,319.07216494845363,30630.92783505155,0.01036581918241957,-1,General fitness improvement recommended.
0.6341463414634148,Female,79.5,1.73,184.0,155.0,56.0,0.7133333333333334,0.5125594025797691,Yoga,17.8,2.6,4.0,2.0,25.45,0.3818289317836229,0.16918780617166038,0.6666666666666665,0.6120548579916072,0.2613510103218937,673.8853503184713,86257.32484076433,0.020830829627849216,5,Endurance-focused training with longer cardio sessions and attention to pacing and recovery.
0.07317073170731708,Female,68.5,1.61,191.0,169.0,74.0,0.4533333333333333,0.6619144602851323,Yoga,19.9,3.1,3.0,2.0,18.59,0.3786840943778083,0.3072644494012872,0.49206349206349187,0.7205313872980357,0.4163931370931091,1083.0508474576272,126716.9491525424,0.038352096993690465,6,Balanced cardio and strength training routine for steady and sustainable fitness improvement.
0.5121951219512195,,65.6,1.75,164.0,158.0,66.0,0.39333333333333337,0.8757637474541751,Cardio,23.7,3.1,4.0,2.0,23.89,0.26327825116632986,0.4349647450708799,0.19047619047619024,0.9214962643164335,0.4411066327338262,1461.4678899082567,143223.85321100915,0.043354217945849184,-1,General fitness improvement recommended.
0.6341463414634148,Female,87.5,1.88,173.0,132.0,66.0,0.47333333333333333,0.9097080787508485,Strength,26.9,3.1,2.0,2.0,21.72,0.34019030830348623,0.39999835775887527,0.33333333333333326,0.4090760750610647,0.2950023943676322,1357.8512396694216,145290.0826446281,0.029279811097992915,9,High-intensity interval training with strength conditioning and proper recovery.
0.9268292682926831,Male,54.5,1.76,196.0,148.0,74.0,0.5999999999999999,0.24168363883231497,HIIT,32.1,2.8,4.0,2.0,27.02,0.175073008078449,0.1006258702360045,0.5714285714285712,0.3888672088894509,0.492001185639627,470.7142857142857,57427.142857142855,0.03669724770642202,10,Balanced cardio and strength training routine for steady and sustainable fitness improvement.
0.3658536585365854,Female,55.4,1.6,185.0,144.0,67.0,1.0,0.48336727766463,HIIT,30.6,2.7,4.0,3.0,20.82,0.2683549789701034,0.1130395463227937,0.5079365079365079,0.448381871403563,0.45939342662128524,507.5,59885.0,0.02436823104693141,5,Endurance-focused training with longer cardio sessions and attention to pacing and recovery.
0.34146341463414637,Male,85.7,1.53,185.0,133.0,52.0,0.3466666666666666,0.5465037338764427,Cardio,24.0,3.4,3.0,3.0,14.19,0.613445238713447,0.3083523037751145,0.746031746031746,0.29635152498125805,0.3474368377422198,1086.2745098039215,144474.50980392157,0.03889537145079735,0,Balanced cardio and strength training routine for steady and sustainable fitness improvement.
0.39024390243902446,Female,58.2,1.7,189.0,134.0,55.0,0.15333333333333332,0.3272233536999321,HIIT,24.0,1.6,4.0,2.0,12.46,0.23372390634901108,0.3046631854191314,0.7619047619047619,0.2709765705759961,0.19695542596757784,1075.3424657534247,144095.8904109589,0.03765946429412042,-1,General fitness improvement recommended.
0.2926829268292683,Male,72.5,1.91,189.0,142.0,58.0,0.6266666666666667,0.45689069925322473,Cardio,28.2,3.6,2.0,2.0,26.6,0.2276136354886753,0.17050134145592477,0.714285714285714,0.37920404181457745,0.4707421626181417,677.7777777777778,88788.88888888889,0.034482758620689655,2,Balanced cardio and strength training routine for steady and sustainable fitness improvement.
0.1951219512195122,,77.2,1.64,168.0,162.0,64.0,0.49999999999999994,0.09164969450101834,Strength,22.7,2.4,4.0,2.0,30.85,0.43116964932545226,0.06002471295330986,0.2857142857142856,0.9237235064836908,0.2413847770165625,350.4,36441.6,0.024870466321243522,8,Endurance-focused training with longer cardio sessions and attention to pacing and recovery.
0.04878048780487804,Male,90.3,1.68,169.0,135.0,59.0,0.4000000000000001,0.3088934147997285,Cardio,10.5,1.7,4.0,1.0,31.04,0.5070356777472842,0.17431906119782636,0.38095238095238093,0.5006397473389326,0.08991417161553983,689.090909090909,75799.99999999999,0.017114668277458975,-1,General fitness improvement recommended.
0.5853658536585367,Female,95.2,1.76,178.0,158.0,56.0,0.47333333333333333,0.31704005431093,Cardio,25.3,2.0,2.0,3.0,16.06,0.47797521130888915,0.156525760257892,0.5714285714285712,0.7277512209579307,0.11687151146030053,636.3636363636364,77636.36363636363,0.01736231682755747,-1,General fitness improvement recommended.
0.1951219512195122,Male,75.0,1.91,181.0,168.0,74.0,0.4000000000000001,0.4344874405974202,HIIT,24.8,2.0,3.0,2.0,21.87,0.2434118000329905,0.23107355557520334,0.33333333333333326,0.8313975507879325,0.18676746784585027,857.2727272727273,91728.18181818181,0.024242424242424242,6,Balanced cardio and strength training routine for steady and sustainable fitness improvement.
0.1951219512195122,Male,61.5,1.51,185.0,155.0,74.0,0.5666666666666667,0.526816021724372,Cardio,31.4,3.4,4.0,2.0,21.29,0.391272393383487,0.21149637963682086,0.39682539682539675,0.6004122178258675,0.5402813317770151,799.2592592592592,88717.77777777778,0.04095152062631737,-1,General fitness improvement recommended.
0.2439024390243903,Female,101.9,1.5,196.0,164.0,56.0,0.9133333333333333,0.6164290563475898,\tCardio,23.8,3.2,2.0,2.0,15.07,0.8135258231973024,0.16031540853110315,0.8571428571428572,0.5975916177067155,0.245279074238775,647.5935828877004,90663.10160427807,0.01679322813075627,7,Endurance-focused training with longer cardio sessions and attention to pacing and recovery.
0.0,Male,71.3,1.78,167.0,129.0,72.0,0.23999999999999994,0.6347589952477937,Strength,20.6,1.5,4.0,3.0,34.18,0.28824645649289055,0.4275632513196834,0.1428571428571428,0.433236768847612,0.11723548718197,1439.5348837209303,136755.8139534884,0.024462637398480053,1,High-intensity interval training with strength conditioning and proper recovery.
0.5853658536585367,Male,46.2,1.72,167.0,130.0,69.0,0.4599999999999999,0.43584521384928715,HIIT,24.6,2.9,2.0,3.0,19.47,0.1294800768220004,0.20976129552442999,0.19047619047619024,0.44854739165007596,0.6327552579603075,794.1176470588235,77823.52941176471,0.05274837207610317,10,Balanced cardio and strength training routine for steady and sustainable fitness improvement.
0.14634146341463422,Male,64.0,1.83,187.0,155.0,74.0,0.8600000000000001,0.0699253224711473,Yoga,27.7,1.5,3.0,,31.31,0.2100330413431704,0.01832003999240272,0.4285714285714284,0.5775004981414171,0.14687789743955496,226.81564245810054,25630.16759776536,0.013093575418994413,8,Endurance-focused training with longer cardio sessions and attention to pacing and recovery.
0.878048780487805,Male,47.2,1.75,160.0,134.0,68.0,0.4533333333333333,0.47386286490156143,Yoga,23.9,1.9,4.0,1.0,20.0,0.12477017907310706,0.22804734249891997,0.09523809523809512,0.599548409039377,0.354613358412744,848.3050847457628,78044.06779661018,0.034113760413674234,10,Balanced cardio and strength training routine for steady and sustainable fitness improvement.
0.3658536585365854,Female,40.0,1.79,194.0,162.0,60.0,0.5933333333333333,0.48133061778682956,Cardio,23.7,2.8,4.0,,13.81,0.05726454329713687,0.18746871227697912,0.7619047619047619,0.5932880216486276,0.7220597674916197,728.0575539568346,97559.71223021584,0.050359712230215826,2,Balanced cardio and strength training routine for steady and sustainable fitness improvement.
0.7073170731707319,Male,100.5,1.56,185.0,133.0,64.0,0.24666666666666665,0.38628649015614386,Cardio,22.1,1.5,4.0,2.0,,0.7214959645333636,0.28001394870745655,0.5555555555555554,0.29635152498125805,0.041728452097972435,1002.2988505747127,121278.16091954023,0.0171556013038257,10,Balanced cardio and strength training routine for steady and sustainable fitness improvement.
0.902439024390244,Female,129.9,1.89,177.0,157.0,66.0,0.20666666666666672,0.5777325186693822,Cardio,15.2,2.4,4.0,2.0,20.1,0.6078043795880506,0.42255416766976767,0.39682539682539675,0.7261281180518102,0.08558590685400472,1424.6913580246912,158140.74074074073,0.022809568614033587,10,Balanced cardio and strength training routine for steady and sustainable fitness improvement.
0.2439024390243903,Male,75.7,1.85,160.0,157.0,64.0,0.7266666666666668,0.5947046843177188,,29.7,1.5,3.0,2.0,37.5,0.27936776706781224,0.1920081723469609,0.1587301587301586,0.9670990476910282,0.10213025432600298,741.5094339622641,71184.90566037735,0.012462301537848008,6,Balanced cardio and strength training routine for steady and sustainable fitness improvement.
0.0,Female,69.0,1.66,196.0,141.0,56.0,0.6399999999999999,0.6435845213849287,Yoga,25.7,2.4,4.0,2.0,18.23,0.346719963008807,0.23093067125022512,0.8571428571428572,0.2975502800318979,0.28702288182632885,856.8493150684932,119958.90410958904,0.023823704586063133,2,Balanced cardio and strength training routine for steady and sustainable fitness improvement.
0.024390243902439046,Male,72.5,1.73,184.0,135.0,71.0,0.4133333333333334,0.7393075356415479,HIIT,11.9,3.5,3.0,1.0,29.87,0.3279102591224831,0.3611925469315216,0.4285714285714284,0.3341337701642717,0.45370368093180424,1242.8571428571427,140442.85714285713,0.043103448275862065,2,Balanced cardio and strength training routine for steady and sustainable fitness improvement.
0.2926829268292683,,50.8,1.81,196.0,132.0,74.0,0.52,0.3333333333333333,Yoga,14.5,3.2,3.0,3.0,22.58,0.1269371278548252,0.15110915733167274,0.5714285714285712,0.18014280007218675,0.6354922060104445,620.3125,75678.125,0.04921259842519686,2,Balanced cardio and strength training routine for steady and sustainable fitness improvement.
0.5365853658536586,Female,68.2,1.5,197.0,153.0,71.0,0.49333333333333335,0.1228784792939579,Cardio,24.1,3.5,4.0,2.0,12.45,0.4682384146110417,0.07349695331348177,0.6349206349206349,0.4439619766990843,0.491303262952241,390.3225806451613,49180.64516129032,0.04138681297890455,-1,General fitness improvement recommended.
0.7560975609756098,Female,105.0,1.63,170.0,139.0,70.0,0.6866666666666668,0.5173116089613035,Cardio,24.0,1.5,4.0,2.0,18.89,0.6805278487285191,0.17667706456782448,0.2222222222222221,0.5487869397626786,0.03382681080420186,696.0784313725491,69607.84313725491,0.009337068160597572,-1,General fitness improvement recommended.
0.9512195121951221,Female,129.9,1.88,162.0,148.0,56.0,0.8066666666666666,0.6313645621181263,Strength,24.0,1.8,3.0,1.0,,0.616746583172491,0.18510483708519135,0.3174603174603172,0.7940760148958064,0.028528635618001563,721.0526315789474,76431.57894736843,0.008103399376038248,-1,General fitness improvement recommended.
0.7804878048780488,Male,62.5,1.67,172.0,121.0,56.0,0.4266666666666666,0.7549219280380177,Cardio,20.9,2.5,5.0,2.0,28.47,0.28609782998160355,0.36064280143968636,0.47619047619047605,0.25689756087272153,0.35147279081377936,1241.2280701754387,143982.4561403509,0.03508771929824562,9,High-intensity interval training with strength conditioning and proper recovery.
0.1951219512195122,Male,72.4,1.68,196.0,169.0,53.0,1.0,0.5288526816021724,HIIT,29.8,2.5,2.0,3.0,21.68,0.3608287921284236,0.12434442804066581,0.9047619047619047,0.6628179954621105,0.2839072094305266,541.0,77363.0,0.017265193370165743,8,Endurance-focused training with longer cardio sessions and attention to pacing and recovery.
0.902439024390244,Female,93.1,1.82,172.0,148.0,60.0,0.4799999999999999,0.4996605566870333,HIIT,17.3,2.6,4.0,1.0,20.51,0.4174150278504036,0.22917251890044496,0.41269841269841256,0.6582673179442922,0.20233574756784575,851.6393442622951,95383.60655737706,0.02289095103097322,10,Balanced cardio and strength training routine for steady and sustainable fitness improvement.
0.7317073170731709,Female,122.3,1.71,183.0,120.0,63.0,0.1933333333333333,0.4677528852681602,,10.0,2.6,4.0,1.0,18.9,0.7336679022814785,0.36552520516999787,0.5396825396825395,0.13480512110778076,0.11996956090219305,1255.6962025316454,150683.54430379745,0.026910378090812176,10,Balanced cardio and strength training routine for steady and sustainable fitness improvement.
0.26829268292682934,Female,70.8,1.85,160.0,142.0,52.0,0.6666666666666667,0.8968092328581125,\tYoga,14.2,3.5,2.0,3.0,15.46,0.24636229247752212,0.3071348040759115,0.3492063492063491,0.7273921094399514,0.4680227439309156,1082.6666666666667,116928.00000000001,0.032956685499058384,6,Balanced cardio and strength training routine for steady and sustainable fitness improvement.
0.8292682926829269,Male,51.5,1.6,184.0,162.0,65.0,0.6399999999999999,0.703326544467074,Cardio,25.2,3.2,4.0,3.0,12.32,0.23323469648743883,0.25127067515888896,0.5238095238095237,0.7093272387311749,0.624915608556652,917.1232876712329,109137.67123287672,0.0425588509110254,9,High-intensity interval training with strength conditioning and proper recovery.
0.0,Female,57.1,1.61,198.0,129.0,66.0,0.2933333333333333,0.5166327223353699,Cardio,31.7,2.4,2.0,3.0,19.32,0.27729611730209,0.3237540691651258,0.7301587301587298,0.12400858406451332,0.37656799764076676,1131.9148936170213,149412.76595744683,0.044714386853970264,2,Balanced cardio and strength training routine for steady and sustainable fitness improvement.
0.43902439024390244,Female,64.4,1.97,166.0,153.0,59.0,0.6333333333333333,0.5627970128988458,HIIT,27.9,2.9,3.0,1.0,23.33,0.1520156018182079,0.2052298967189253,0.33333333333333326,0.8148033142319107,0.41362091733739226,780.6896551724138,83533.79310344828,0.03105590062111801,6,Balanced cardio and strength training routine for steady and sustainable fitness improvement.
0.8292682926829269,Male,63.0,1.72,184.0,131.0,54.0,0.6533333333333333,0.34012219959266804,Cardio,21.5,1.5,4.0,3.0,34.06,0.26039397250144225,0.12510143101168913,0.6984126984126982,0.27854955259880465,0.15147347006700831,543.2432432432432,70621.62162162161,0.016087516087516088,10,Balanced cardio and strength training routine for steady and sustainable fitness improvement.
0.26829268292682934,Male,77.2,1.89,192.0,152.0,58.0,1.0,0.3767820773930753,HIIT,25.6,3.2,3.0,2.0,19.23,0.2676936244909454,0.08654900259583967,0.7619047619047619,0.48235835033885044,0.36939409538541934,429.0,57486.0,0.02072538860103627,7,Endurance-focused training with longer cardio sessions and attention to pacing and recovery.
0.0,Female,40.0,1.66,190.0,147.0,50.0,0.7333333333333334,0.6680244399185336,Cardio,27.6,1.9,5.0,3.0,22.99,0.10410634156166382,0.21322273318826487,0.8571428571428572,0.43637947563338075,0.4441195349832394,804.375,112612.5,0.0296875,2,Balanced cardio and strength training routine for steady and sustainable fitness improvement.
0.2926829268292683,Female,76.3,2.0,193.0,132.0,59.0,0.4066666666666667,0.16632722335369993,HIIT,34.9,3.2,3.0,1.0,17.54,0.20920882118904172,0.10838048185253982,0.7619047619047619,0.206909272187354,0.37543385352602077,493.69369369369366,66154.95495495496,0.037783524022056134,3,"Beginner-friendly workouts focusing on light cardio, mobility, and building consistency."
0.26829268292682934,Female,71.2,1.8,176.0,139.0,68.0,0.5999999999999999,0.03462321792260692,Cardio,10.0,3.4,2.0,3.0,31.75,0.2760705459352725,0.027107982731718917,0.3492063492063491,0.4775157859297381,0.4472424589440077,252.85714285714286,27308.571428571428,0.03410914927768861,4,"Beginner-friendly workouts focusing on light cardio, mobility, and building consistency."
0.902439024390244,Male,104.9,1.56,187.0,155.0,58.0,0.24666666666666665,0.6496945010183299,\nStrength,27.8,3.5,3.0,1.0,12.68,0.7631768405895949,0.4305129744935049,0.6825396825396823,0.5775004981414171,0.2695126586981845,1448.2758620689656,186827.58620689655,0.03835070072208891,10,Balanced cardio and strength training routine for steady and sustainable fitness improvement.
0.1951219512195122,Male,68.6,1.7,172.0,167.0,57.0,0.5466666666666666,0.13441955193482685,Yoga,25.4,1.5,3.0,2.0,18.29,0.31668392771521287,0.06986011343838394,0.46031746031746024,0.9407127025502122,0.12746394776847644,379.5454545454545,43647.727272727265,0.01656506758547575,8,Endurance-focused training with longer cardio sessions and attention to pacing and recovery.
0.3658536585365854,Male,46.0,1.71,163.0,145.0,54.0,0.5266666666666666,0.24983027834351662,Yoga,21.4,3.1,2.0,3.0,14.68,0.1321262894973651,0.11731010501871553,0.3650793650793649,0.7326862504074598,0.6898348129978945,520.1550387596899,56696.8992248062,0.05224132119986518,10,Balanced cardio and strength training routine for steady and sustainable fitness improvement.
0.5121951219512195,Female,88.6,1.8,181.0,158.0,71.0,0.5266666666666666,0.6741344195519348,Strength,24.3,2.8,4.0,1.0,,0.3998753783907814,0.2808077580019406,0.38095238095238093,0.6901337934392315,0.24774189892201368,1004.6511627906976,110511.62790697673,0.02449822387876879,10,Balanced cardio and strength training routine for steady and sustainable fitness improvement.
0.43902439024390244,Male,79.7,1.75,168.0,132.0,74.0,0.78,0.09640190088255263,Strength,23.9,3.4,4.0,2.0,25.28,0.36941758902037575,0.03170077586097458,0.12698412698412698,0.46713886219592515,0.3843311927609572,266.4670658682635,25047.90419161677,0.025544895153231804,4,"Beginner-friendly workouts focusing on light cardio, mobility, and building consistency."
0.3658536585365854,Female,108.7,1.75,199.0,131.0,74.0,0.23999999999999994,0.5274949083503055,Yoga,24.1,1.9,3.0,1.0,16.46,0.5877183548194771,0.36556494130844447,0.6190476190476188,0.14133474416143899,0.07327686351928275,1255.8139534883721,156976.7441860465,0.02032476840461265,-1,General fitness improvement recommended.
0.6585365853658538,Female,61.4,1.76,194.0,120.0,68.0,0.4799999999999999,0.4114052953156823,Strength,21.4,2.8,2.0,1.0,21.75,0.22642497865068578,0.19321375640170815,0.6349206349206349,0.039737978677068186,0.42068121642571044,745.0819672131148,93880.32786885246,0.037379185133764085,10,Balanced cardio and strength training routine for steady and sustainable fitness improvement.
0.07317073170731708,Female,69.2,1.87,168.0,127.0,68.0,0.6466666666666667,0.659877800407332,Yoga,24.1,2.9,5.0,3.0,14.59,0.22566787121634257,0.23447319048385376,0.2222222222222221,0.3910414214812974,0.3750361245909831,867.3469387755102,86734.69387755102,0.02850851323188235,1,High-intensity interval training with strength conditioning and proper recovery.
0.8292682926829269,Male,67.4,1.72,160.0,134.0,51.0,0.6599999999999999,0.681602172437203,Strength,17.0,2.6,2.0,2.0,15.39,0.2946809451793913,0.23779185469195943,0.3650793650793649,0.599548409039377,0.33387815690622613,877.1812080536913,95612.75167785236,0.025889709836098222,-1,General fitness improvement recommended.
0.26829268292682934,Female,40.0,1.64,178.0,130.0,69.0,0.4333333333333333,0.5363204344874406,HIIT,27.4,3.4,3.0,2.0,14.89,0.1123180479635959,0.2625119441175013,0.3650793650793649,0.3255463208212923,0.9073532558305398,950.4347826086957,103597.39130434784,0.07391304347826087,-1,General fitness improvement recommended.
0.7073170731707319,Female,46.0,1.58,172.0,147.0,72.0,0.5800000000000001,0.539714867617108,Strength,28.5,3.7,2.0,3.0,15.45,0.1942595359370466,0.21223899048512176,0.2222222222222221,0.6434017713860856,0.8509595854665208,801.4598540145985,80145.98540145985,0.058711520152332594,10,Balanced cardio and strength training routine for steady and sustainable fitness improvement.
0.39024390243902446,Male,89.1,1.78,174.0,120.0,51.0,0.6799999999999999,0.18397827562797014,Cardio,27.6,1.5,4.0,2.0,20.61,0.41775945441225276,0.06921425859482916,0.5873015873015872,0.22152781216526507,0.06531808828363994,377.63157894736844,46448.68421052632,0.011075668970405812,-1,General fitness improvement recommended.
0.9512195121951221,Male,70.4,1.72,181.0,161.0,57.0,0.5333333333333334,0.461642905634759,Yoga,29.9,3.6,3.0,2.0,22.21,0.3180584265507203,0.1969500633216952,0.603174603174603,0.7325129206438419,0.48903916851994733,756.1538461538461,93763.07692307691,0.03933566433566433,9,High-intensity interval training with strength conditioning and proper recovery.
0.14634146341463422,Male,65.7,1.84,165.0,146.0,74.0,0.7266666666666668,0.44195519348268836,Cardio,17.8,2.8,5.0,2.0,16.06,0.21683297472308083,0.14425451823035104,0.0793650793650793,0.7206125192671937,0.38381219212711704,600.0,54600.0,0.02680374869571044,-1,General fitness improvement recommended.
0.1951219512195122,Male,82.2,1.69,189.0,139.0,70.0,0.6333333333333333,0.5980991174473862,Yoga,10.0,2.5,5.0,2.0,18.01,0.4329528692204781,0.21733188023574154,0.5238095238095237,0.3386187401001097,0.23305327028574271,816.551724137931,97169.6551724138,0.020974914002852587,-1,General fitness improvement recommended.
0.34146341463414637,,52.2,1.73,196.0,134.0,74.0,1.0,0.25865580448065173,Strength,27.4,2.0,3.0,1.0,21.27,0.1715461084051778,0.057190056044947916,0.5714285714285712,0.2062333511743446,0.3306479798638112,342.0,41724.0,0.019157088122605363,7,Endurance-focused training with longer cardio sessions and attention to pacing and recovery.
0.878048780487805,Male,42.7,1.72,191.0,153.0,74.0,1.0,0.46435845213849286,Yoga,13.6,1.5,5.0,2.0,19.11,0.10220634855545002,0.10831511814219044,0.49206349206349187,0.5063429887211575,0.29129941755149136,493.5,57739.5,0.01756440281030445,5,Endurance-focused training with longer cardio sessions and attention to pacing and recovery.
0.4146341463414634,Female,98.0,1.59,179.0,141.0,62.0,0.36000000000000004,0.2892057026476578,Cardio,14.2,1.5,3.0,1.0,18.32,0.6631121845790364,0.1783249137635477,0.49206349206349187,0.4722403666013748,0.046431810010931135,700.9615384615385,82012.5,0.014717425431711145,-1,General fitness improvement recommended.
0.4634146341463415,Female,94.5,1.84,160.0,158.0,61.0,0.4666666666666666,0.5159538357094364,HIIT,26.6,2.6,3.0,2.0,12.32,0.41293866722479927,0.2407115935843345,0.20634920634920628,0.9830795102411005,0.19722494866921084,885.8333333333334,87697.5,0.022927689594356263,6,Balanced cardio and strength training routine for steady and sustainable fitness improvement.
0.2926829268292683,Female,57.6,1.66,169.0,160.0,67.0,0.9066666666666667,0.6985743380855396,Yoga,30.9,2.7,4.0,2.0,30.42,0.25134771181924037,0.18344332341507863,0.25396825396825395,0.8788755473406318,0.4363989729691178,716.1290322580645,73045.16129032258,0.025201612903225805,8,Endurance-focused training with longer cardio sessions and attention to pacing and recovery.
0.3170731707317073,Male,40.0,1.74,194.0,155.0,68.0,0.5999999999999999,0.2803801765105227,HIIT,30.6,1.5,4.0,3.0,20.16,0.07404228489056752,0.114365278720412,0.6349206349206349,0.5010296811533674,0.3205905427572926,511.42857142857144,64440.0,0.026785714285714288,-1,General fitness improvement recommended.
0.853658536585366,Male,60.8,1.66,199.0,121.0,69.0,0.4133333333333334,0.4229463679565512,Strength,26.5,3.6,4.0,1.0,12.32,0.27811887004789065,0.22078543391104175,0.6984126984126982,0.012848613105585382,0.5887784864057298,826.7857142857142,107482.14285714286,0.05286654135338346,10,Balanced cardio and strength training routine for steady and sustainable fitness improvement.
0.9268292682926831,Male,72.0,1.77,191.0,168.0,62.0,0.7,0.5709436524100475,Cardio,30.0,2.7,2.0,2.0,23.34,0.29927585260664297,0.19084565328330494,0.6825396825396823,0.7071446123869811,0.3205905427572927,738.0645161290322,95210.32258064515,0.024193548387096777,9,High-intensity interval training with strength conditioning and proper recovery.
0.6341463414634148,Male,94.4,1.75,163.0,154.0,58.0,0.7733333333333332,0.3923964697895452,HIIT,24.1,2.9,3.0,3.0,12.32,0.4800734944426788,0.1208763237049906,0.3015873015873014,0.8738633428743521,0.23684207345156597,530.722891566265,55725.90361445783,0.018506228303042677,10,Balanced cardio and strength training routine for steady and sustainable fitness improvement.
0.48780487804878053,Male,71.0,1.84,190.0,120.0,53.0,0.9533333333333334,0.9484046164290563,Cardio,24.7,3.1,,3.0,21.97,0.2529218695237443,0.2390228407280184,0.8095238095238093,0.07303422186332731,0.39670875979792897,880.8290155440415,120673.57512953368,0.022622783332117057,-1,General fitness improvement recommended.
0.39024390243902446,Female,77.9,1.87,183.0,169.0,59.0,0.52,0.263408010862186,,24.0,3.4,2.0,1.0,15.67,0.28302262216087176,0.12395424089182136,0.603174603174603,0.8194325877338078,0.39650775075237865,539.84375,66940.625,0.034098202824133506,-1,General fitness improvement recommended.
0.7317073170731709,Male,52.6,1.63,182.0,129.0,54.0,1.0,0.6836388323150033,Strength,25.1,1.5,,1.0,14.53,0.2258650333446225,0.16281477179700674,0.6666666666666665,0.2704562461950415,0.20962581114748305,655.0,83840.0,0.014258555133079848,5,Endurance-focused training with longer cardio sessions and attention to pacing and recovery.
0.7317073170731709,Female,62.9,1.67,198.0,164.0,64.0,0.22666666666666663,0.539714867617108,HIIT,24.5,3.3,5.0,1.0,24.26,0.2894042681657832,0.3828863498016387,0.7619047619047619,0.5759812622483622,0.5054421547329245,1307.142857142857,175157.14285714284,0.06245741539859187,10,Balanced cardio and strength training routine for steady and sustainable fitness improvement.
0.3658536585365854,Male,59.6,1.6,187.0,127.0,69.0,0.6066666666666667,0.18329938900203663,\tCardio,22.7,2.2,3.0,1.0,21.54,0.3061768216437421,0.07891668169009305,0.5079365079365079,0.19465305309156888,0.31333632341516493,406.3829787234043,47953.19148936171,0.026179256509115144,-1,General fitness improvement recommended.
0.6829268292682928,Female,50.0,1.5,182.0,149.0,64.0,0.6266666666666667,0.42498302783435166,Cardio,23.8,3.3,2.0,3.0,16.09,0.2817627221401236,0.15948704956662152,0.5079365079365079,0.5514314119105896,0.672648170601241,645.1388888888889,76126.38888888889,0.04583333333333334,10,Balanced cardio and strength training routine for steady and sustainable fitness improvement.
0.43902439024390244,Female,61.2,1.93,166.0,145.0,55.0,0.18,0.48336727766463,HIIT,18.8,1.5,4.0,2.0,12.32,0.14823214441828308,0.3866115482742851,0.39682539682539675,0.6915804704723207,0.1601239597186853,1318.1818181818182,146318.18181818182,0.031830914183855356,-1,General fitness improvement recommended.
0.43902439024390244,Female,82.5,1.66,166.0,134.0,50.0,0.3,0.2287847929395791,Yoga,11.2,3.4,5.0,2.0,21.01,0.4596607867859253,0.16911992970721038,0.47619047619047605,0.5221490603028851,0.36644600199268207,673.6842105263158,78147.36842105264,0.04338118022328549,-1,General fitness improvement recommended.
0.9512195121951221,Female,58.3,1.73,164.0,132.0,50.0,0.6533333333333333,0.12830957230142565,HIIT,27.7,3.6,3.0,1.0,19.23,0.21853238029559957,0.05396139277094491,0.4444444444444442,0.5161381898755879,0.6201430517786174,332.43243243243245,37897.2972972973,0.0417226832321172,10,Balanced cardio and strength training routine for steady and sustainable fitness improvement.
0.3170731707317073,Male,53.0,1.83,182.0,149.0,55.0,0.5533333333333335,0.35166327223353694,Strength,23.6,3.4,4.0,3.0,22.89,0.13431072956135814,0.15009027806675676,0.6507936507936507,0.5514314119105896,0.6498069607179527,617.2932330827067,78396.24060150376,0.048233792027237904,2,Balanced cardio and strength training routine for steady and sustainable fitness improvement.
0.48780487804878053,Female,81.1,1.92,190.0,125.0,61.0,0.4533333333333333,0.26272912423625255,Yoga,26.1,3.1,4.0,3.0,17.99,0.2766347606665151,0.13910683619337413,0.6825396825396823,0.14032037996889302,0.32953915964172475,584.7457627118645,75432.20338983052,0.032393571443499344,-1,General fitness improvement recommended.
0.7560975609756098,Female,65.7,1.77,182.0,139.0,74.0,0.4533333333333333,0.2993890020366599,HIIT,26.8,3.1,2.0,2.0,23.0,0.25291756607762106,0.1545498823043049,0.3492063492063491,0.41094382905281535,0.44021812465038035,630.5084745762712,68094.91525423729,0.03998658514562856,10,Balanced cardio and strength training routine for steady and sustainable fitness improvement.
0.07317073170731708,Male,81.8,1.83,182.0,163.0,53.0,1.0,0.5811269517990496,Cardio,29.2,2.7,4.0,1.0,22.27,0.3325655094991939,0.13733660553732482,0.6825396825396823,0.7481140279114733,0.2650931043183741,579.5,74755.5,0.016503667481662595,8,Endurance-focused training with longer cardio sessions and attention to pacing and recovery.
0.2439024390243903,Female,91.2,1.77,164.0,162.0,55.0,0.52,0.23421588594704684,Strength,25.4,3.3,2.0,2.0,18.88,0.44055824964747164,0.112617722378097,0.3650793650793649,0.9838590449996403,0.30433672799072065,506.25,55181.25,0.028268914473684206,8,Endurance-focused training with longer cardio sessions and attention to pacing and recovery.
0.8292682926829269,Female,98.5,1.96,183.0,169.0,50.0,0.9866666666666666,0.8228105906313645,Strength,,2.2,5.0,1.0,35.08,0.360562082497834,0.1999864091054329,0.746031746031746,0.8194325877338078,0.13325913957200533,765.1515151515151,101765.1515151515,0.011280315848843769,5,Endurance-focused training with longer cardio sessions and attention to pacing and recovery.
0.09756097560975613,Male,88.9,1.6,182.0,148.0,74.0,0.5933333333333333,0.7352342158859471,HIIT,28.9,2.5,3.0,3.0,32.24,0.5700292002955551,0.2782670750491078,0.3492063492063491,0.5373826536248121,0.2047386898119797,997.1223021582734,107689.20863309353,0.020231284039135395,6,Balanced cardio and strength training routine for steady and sustainable fitness improvement.
0.6097560975609757,Male,88.5,1.72,185.0,131.0,67.0,0.6533333333333333,0.5682281059063137,Cardio,23.6,3.3,4.0,1.0,28.7,0.4591025641577379,0.2017137798863368,0.5079365079365079,0.2687096438135663,0.3179734030914886,770.2702702702703,90891.8918918919,0.02519468621163536,10,Balanced cardio and strength training routine for steady and sustainable fitness improvement.
0.6829268292682928,Male,85.9,1.7,180.0,148.0,66.0,0.8466666666666667,0.5329260013577732,HIIT,13.8,3.4,2.0,2.0,21.8,0.4546847324878372,0.14921154537706954,0.4444444444444442,0.5604850561392016,0.3462957899754392,614.6892655367232,70074.57627118644,0.022362094933670074,5,Endurance-focused training with longer cardio sessions and attention to pacing and recovery.
0.0,Male,56.5,1.86,193.0,129.0,54.0,0.5999999999999999,0.4059742023082145,HIIT,20.6,3.5,4.0,2.0,13.7,0.1459590073256377,0.1589580957312082,0.841269841269841,0.16716511662240885,0.6225806675574502,643.5714285714287,89456.42857142858,0.04424778761061947,2,Balanced cardio and strength training routine for steady and sustainable fitness improvement.
0.0,Male,71.9,1.54,170.0,121.0,59.0,0.6533333333333333,0.2410047522063815,HIIT,18.9,2.6,4.0,2.0,24.65,0.46837614434596303,0.09181154132211009,0.39682539682539675,0.27805910362028574,0.3040541512388678,444.5945945945946,49350.0,0.024433334586324847,-1,General fitness improvement recommended.
0.6341463414634148,Male,66.8,1.72,191.0,136.0,68.0,0.56,0.635437881873727,Cardio,31.5,2.8,4.0,2.0,22.21,0.29000544890512553,0.25380282625606654,0.5873015873015872,0.2787678152332238,0.3751430168690506,924.6268656716418,113729.10447761194,0.031280722137813924,9,High-intensity interval training with strength conditioning and proper recovery.
0.902439024390244,Female,46.3,1.7,187.0,139.0,52.0,1.0,0.561439239646979,Cardio,27.3,1.5,3.0,1.0,32.94,0.13879849728576082,0.13244344777884287,0.7777777777777777,0.35873052954150375,0.2575587405685671,565.0,76275.0,0.016198704103671708,5,Endurance-focused training with longer cardio sessions and attention to pacing and recovery.
0.9512195121951221,Male,72.4,1.65,168.0,162.0,56.0,0.8066666666666666,0.5682281059063137,Yoga,10.9,2.5,4.0,1.0,28.3,0.3825283537995518,0.16675179528084277,0.41269841269841256,0.9237235064836908,0.2839072094305266,666.6666666666666,74666.66666666666,0.020193208620076893,10,Balanced cardio and strength training routine for steady and sustainable fitness improvement.
0.5609756097560976,Male,70.7,1.81,191.0,134.0,62.0,0.6866666666666668,0.7318397827562797,Cardio,30.3,3.3,2.0,2.0,23.32,0.2669697707014919,0.24637451111640676,0.6825396825396823,0.251994265411114,0.43394193413859805,902.6143790849673,116437.25490196077,0.030507252405912857,-1,General fitness improvement recommended.
0.8292682926829269,Female,45.0,1.75,196.0,143.0,74.0,1.0,0.4229463679565512,Yoga,22.0,2.4,3.0,1.0,38.8,0.1082094313228304,0.09802261389159045,0.5714285714285712,0.32364083113405595,0.5161781137817084,463.0,56486.0,0.026666666666666665,5,Endurance-focused training with longer cardio sessions and attention to pacing and recovery.
0.0,Female,74.8,1.83,165.0,144.0,63.0,0.7733333333333332,0.5913102511880515,Cardio,22.9,3.1,2.0,2.0,15.29,0.28437858381985887,0.18043989758264803,0.25396825396825395,0.6896201070488726,0.36930852765923694,707.2289156626506,72137.34939759035,0.024966174859867282,-1,General fitness improvement recommended.
0.3170731707317073,Female,61.1,1.69,190.0,123.0,64.0,0.08000000000000002,0.6272912423625254,HIIT,23.8,3.6,2.0,3.0,19.83,0.2626419845926497,0.6096215797989911,0.6349206349206349,0.11340591672666678,0.5851872180039503,1979.032258064516,249358.06451612903,0.09503194129137849,2,Balanced cardio and strength training routine for steady and sustainable fitness improvement.
0.39024390243902446,Female,44.3,1.76,180.0,129.0,58.0,0.9000000000000001,0.12966734555329262,Strength,25.8,3.2,4.0,3.0,16.48,0.0991613994064468,0.031889739880867844,0.5714285714285712,0.2905927997379891,0.7496655693660413,267.02702702702703,32577.297297297297,0.039045817826856205,-1,General fitness improvement recommended.
0.04878048780487804,Female,96.2,1.59,170.0,142.0,52.0,0.7133333333333334,0.680244399185336,Strength,10.2,2.8,,1.0,21.72,0.6466982909303027,0.22227851411565527,0.5079365079365079,0.5939082457864107,0.21690066622667717,831.2101910828026,98082.8025477707,0.018538872042056752,6,Balanced cardio and strength training routine for steady and sustainable fitness improvement.
0.7073170731707319,Male,69.7,1.83,184.0,121.0,70.0,0.3466666666666666,0.30142566191446024,HIIT,30.2,1.9,5.0,1.0,20.78,0.24927096653920044,0.18891823002176852,0.4444444444444442,0.1395890086851368,0.19409295566795323,732.3529411764706,83488.23529411765,0.02672518074661715,-1,General fitness improvement recommended.
0.3658536585365854,Male,41.9,1.59,166.0,165.0,50.0,1.0,0.4039375424304141,Strength,24.6,3.2,3.0,2.0,14.53,0.15154583252683623,0.09329818571098719,0.47619047619047605,0.9996375798712953,0.800776332943476,449.0,52084.0,0.03818615751789976,-1,General fitness improvement recommended.
0.7073170731707319,Female,52.9,1.67,180.0,142.0,72.0,0.4066666666666667,0.31704005431093,\tCardio,22.9,1.5,3.0,2.0,30.5,0.20674331356129227,0.1758723130040151,0.3492063492063491,0.4752559225388189,0.20762806640700573,693.6936936936936,74918.9189189189,0.02554539416543197,10,Balanced cardio and strength training routine for steady and sustainable fitness improvement.
0.9756097560975612,Male,94.6,1.57,191.0,152.0,74.0,0.1866666666666667,0.251866938221317,Cardio,10.2,3.3,,1.0,22.94,0.6542262735637958,0.2333783465457607,0.49206349206349187,0.49295621381010246,0.2882719110702716,864.1025641025641,101100.0,0.04472271914132379,-1,General fitness improvement recommended.
0.21951219512195125,Female,40.0,1.76,192.0,169.0,56.0,1.0,0.20298710115410723,HIIT,28.0,3.4,3.0,3.0,31.97,0.06715944673099489,0.04335423065889548,0.7936507936507935,0.7087482364648681,0.9073532558305398,301.0,40936.0,0.042499999999999996,8,Endurance-focused training with longer cardio sessions and attention to pacing and recovery.
0.8048780487804879,Male,51.6,1.83,194.0,161.0,67.0,1.0,0.5118805159538358,Yoga,27.6,2.2,3.0,1.0,24.12,0.1246733444254911,0.12012618859369861,0.6507936507936507,0.5801082587207333,0.38403081977255604,528.5,67119.5,0.02131782945736434,5,Endurance-focused training with longer cardio sessions and attention to pacing and recovery.
0.04878048780487804,Male,67.7,1.84,193.0,122.0,66.0,0.4599999999999999,0.405295315682281,Cardio,13.7,3.4,5.0,2.0,19.76,0.2304514255912557,0.19700023501259642,0.6507936507936507,0.0744287536375361,0.4777387621880115,756.3025210084033,96050.42016806723,0.0422029964127453,2,Balanced cardio and strength training routine for steady and sustainable fitness improvement.
0.6097560975609757,Male,57.8,1.78,197.0,163.0,52.0,0.6133333333333333,0.756958587915818,\tYoga,28.6,1.6,2.0,1.0,14.84,0.19002030638550915,0.2787628859477279,0.9365079365079363,0.5737525354813933,0.19930558931745737,998.5915492957747,144795.77464788733,0.019494127394122526,-1,General fitness improvement recommended.
0.6585365853658538,Male,59.0,1.87,199.0,157.0,55.0,0.4066666666666667,0.21045485403937542,Strength,18.2,3.2,2.0,1.0,31.55,0.15842437010896337,0.1281416035860799,0.9206349206349205,0.4753986849066587,0.5273445763558053,552.2522522522522,79524.32432432432,0.048862421743777674,10,Balanced cardio and strength training routine for steady and sustainable fitness improvement.
0.26829268292682934,Female,61.5,1.88,182.0,152.0,72.0,0.7466666666666668,0.3326544467073998,HIIT,24.2,3.3,4.0,3.0,23.84,0.17060391333664365,0.10696736460036929,0.38095238095238093,0.5935776867679219,0.5201953167809262,489.5061728395061,53845.679012345674,0.0331225534477567,-1,General fitness improvement recommended.
0.0,Female,40.0,1.75,176.0,124.0,68.0,0.34,0.8370672097759673,HIIT,14.6,3.5,,2.0,17.62,0.07057136825401983,0.4549842359079353,0.3492063492063491,0.2596003875196682,0.9382355038870266,1520.7920792079208,164245.54455445544,0.08663366336633663,-1,General fitness improvement recommended.
0.4634146341463415,Male,79.6,1.68,180.0,137.0,67.0,1.0,0.41887304820095045,Yoga,28.6,1.8,,3.0,23.26,0.41963826567344015,0.09701023642431833,0.4285714285714284,0.40423164453849947,0.1366937390038417,460.0,51980.0,0.011306532663316583,7,Endurance-focused training with longer cardio sessions and attention to pacing and recovery.
0.1951219512195122,Female,68.6,1.75,184.0,140.0,60.0,0.5066666666666666,0.2566191446028513,HIIT,29.4,1.8,3.0,3.0,20.02,0.28586108900761625,0.1241676637209834,0.603174603174603,0.40361404212110563,0.18148537294017328,540.4761904761905,67019.04761904762,0.020824656393169515,3,"Beginner-friendly workouts focusing on light cardio, mobility, and building consistency."
0.7560975609756098,Female,77.9,1.75,196.0,169.0,64.0,0.49333333333333335,0.6544467073998641,HIIT,24.8,3.5,3.0,2.0,14.38,0.355867886315604,0.2865860815054381,0.7301587301587298,0.6628179954621105,0.41236513101244887,1021.7741935483871,134874.1935483871,0.03623338440515135,-1,General fitness improvement recommended.
0.12195121951219517,Female,40.9,1.75,187.0,136.0,50.0,0.4266666666666666,0.5648336727766463,Cardio,24.8,3.4,3.0,2.0,12.32,0.07734621960640575,0.27775809651682193,0.8095238095238093,0.31771116042902015,0.8842481998273982,995.6140350877193,136399.12280701756,0.07292068802813881,2,Balanced cardio and strength training routine for steady and sustainable fitness improvement.
0.12195121951219517,Male,114.9,1.61,180.0,120.0,56.0,0.5133333333333334,0.3991853360488798,HIIT,28.0,3.3,3.0,1.0,22.67,0.7913509484403818,0.17853186554743888,0.603174603174603,0.16274909933741455,0.2121398283030508,701.5748031496063,86995.27559055117,0.022614666639254946,-1,General fitness improvement recommended.
0.7073170731707319,Male,65.6,1.77,190.0,154.0,54.0,0.7266666666666668,0.07467752885268159,Strength,23.1,3.6,2.0,2.0,14.47,0.25218172025970004,0.029433509887746852,0.7936507936507935,0.5305800969811725,0.535259828027993,259.748427672956,35325.78616352201,0.03451449608835711,-1,General fitness improvement recommended.
0.04878048780487804,Female,90.9,1.69,198.0,142.0,74.0,0.5666666666666667,0.42362525458248473,Cardio,18.1,3.2,4.0,1.0,16.23,0.5031758406073079,0.17350097839599032,0.603174603174603,0.2918841502470857,0.2922223610992438,686.6666666666666,85146.66666666666,0.026076681742248295,3,"Beginner-friendly workouts focusing on light cardio, mobility, and building consistency."
0.5365853658536586,Male,61.0,1.89,196.0,123.0,71.0,0.6333333333333333,0.21860149355057706,Strength,27.4,3.6,3.0,1.0,23.16,0.16314344929980495,0.08723555742996675,0.6190476190476188,0.0627353201124754,0.586380382587711,431.0344827586207,53879.31034482759,0.04070096099491238,-1,General fitness improvement recommended.
0.0,Male,66.8,1.66,166.0,135.0,59.0,1.0,0.3394433129667345,Yoga,23.2,3.0,2.0,1.0,12.56,0.3283147917266099,0.0772688758125118,0.33333333333333326,0.5375519157728337,0.41212774508041194,401.5,42960.5,0.02245508982035928,8,Endurance-focused training with longer cardio sessions and attention to pacing and recovery.
0.9268292682926831,Male,42.6,1.61,190.0,161.0,60.0,0.49333333333333335,0.6496945010183299,HIIT,23.0,3.6,4.0,3.0,23.68,0.14833772540753581,0.2846810701422916,0.6984126984126982,0.6247807183289642,0.901263798467289,1016.1290322580645,132096.7741935484,0.06815084052703317,10,Balanced cardio and strength training routine for steady and sustainable fitness improvement.
0.9268292682926831,Female,88.8,1.7,173.0,129.0,52.0,0.8600000000000001,0.4276985743380855,Yoga,24.1,1.5,4.0,2.0,12.32,0.47781781536879714,0.11767254003940686,0.5555555555555554,0.36473721943080784,0.0660206601294969,521.2290502793296,63068.71508379888,0.009436811112788766,10,Balanced cardio and strength training routine for steady and sustainable fitness improvement.
0.39024390243902446,Female,83.2,1.64,171.0,164.0,69.0,0.4599999999999999,0.7393075356415479,Yoga,22.9,3.5,3.0,1.0,14.97,0.4825973269644614,0.3365211632753102,0.25396825396825395,0.9103730782881421,0.377010034398951,1169.747899159664,119314.28571428572,0.035350678733031674,-1,General fitness improvement recommended.
0.48780487804878053,Female,99.1,1.5,185.0,159.0,74.0,0.5866666666666667,0.46978954514596055,HIIT,17.8,1.5,4.0,1.0,24.56,0.7848372551248533,0.18509196678939588,0.39682539682539675,0.655695980161251,0.04433309672222244,721.0144927536232,80032.60869565218,0.010968279735006364,-1,General fitness improvement recommended.
0.6097560975609757,Male,77.8,1.7,180.0,149.0,58.0,0.5866666666666667,0.9097080787508485,Strength,14.9,2.8,5.0,1.0,16.55,0.390071638923776,0.3435510486232945,0.5714285714285712,0.5746899117392652,0.3019341718234254,1190.5797101449277,145250.72463768118,0.026079505234529267,-1,General fitness improvement recommended.
0.0,Male,47.8,1.85,161.0,156.0,50.0,0.3466666666666666,0.6530889341479973,Yoga,30.8,3.2,5.0,1.0,12.32,0.09143863623738518,0.3602945463769852,0.39682539682539675,0.9356344102477197,0.68432915480336,1240.1960784313726,137661.76470588235,0.06563294773976537,6,Balanced cardio and strength training routine for steady and sustainable fitness improvement.
0.14634146341463422,Male,40.0,1.82,168.0,120.0,74.0,0.52,0.0,Strength,25.0,3.6,3.0,1.0,17.95,0.04785490415331756,0.02166193430286662,0.12698412698412698,0.28450500448081883,0.9691177519435134,236.71875,22251.5625,0.0703125,8,Endurance-focused training with longer cardio sessions and attention to pacing and recovery.
0.4146341463414634,Female,91.0,1.55,174.0,136.0,74.0,0.3266666666666666,0.6198234894772572,Cardio,27.0,3.5,3.0,3.0,16.0,0.6426620937962839,0.35627431103953106,0.2222222222222221,0.45664266347666627,0.33246833047132596,1228.2828282828284,122828.28282828284,0.038850038850038855,-1,General fitness improvement recommended.
0.07317073170731708,Male,86.3,1.74,184.0,169.0,61.0,0.9000000000000001,0.46843177189409363,Strength,24.9,3.4,2.0,2.0,22.21,0.42658833491455744,0.12291250675812776,0.5873015873015872,0.8065996194707421,0.3440295606912426,536.7567567567568,66021.08108108108,0.021295919326046787,8,Endurance-focused training with longer cardio sessions and attention to pacing and recovery.
0.1951219512195122,Male,64.6,1.82,196.0,165.0,55.0,0.6399999999999999,0.9477257298031228,Yoga,28.1,3.3,4.0,2.0,19.63,0.21906354902993364,0.3344797820579681,0.873015873015873,0.6106368932577944,0.48838727755337363,1163.6986301369864,164081.50684931508,0.03498876118580092,-1,General fitness improvement recommended.
0.12195121951219517,Female,59.6,1.81,160.0,146.0,71.0,0.6933333333333334,0.7325186693822132,HIIT,22.6,2.8,5.0,2.0,12.32,0.18886111062119038,0.24461574766988245,0.04761904761904745,0.7913139596402385,0.437694369280212,897.4025974025974,79868.83116883117,0.030506406345332516,-1,General fitness improvement recommended.
0.6829268292682928,Female,53.7,1.5,177.0,169.0,54.0,0.7466666666666668,0.6395112016293278,Strength,26.8,3.7,4.0,3.0,22.71,0.3196726156644311,0.2011226352190941,0.5873015873015872,0.8994755084254704,0.7084876808224747,768.5185185185185,94527.77777777777,0.04253166885072533,-1,General fitness improvement recommended.
0.902439024390244,Female,58.9,1.56,197.0,125.0,58.0,0.15333333333333332,0.5431093007467753,Yoga,22.1,3.5,3.0,2.0,30.52,0.32742222727444964,0.45166594094083795,0.841269841269841,0.08054841210861907,0.5914000694325962,1510.9589041095892,210023.2876712329,0.0814010279786962,10,Balanced cardio and strength training routine for steady and sustainable fitness improvement.
0.3170731707317073,Male,79.4,1.58,163.0,125.0,74.0,0.6599999999999999,0.24439918533604887,Cardio,24.0,2.4,3.0,2.0,12.32,0.5026959544718135,0.09193702495521414,0.04761904761904745,0.41895937825881124,0.23074420395315623,444.96644295302013,39602.01342281879,0.020286376007979307,4,"Beginner-friendly workouts focusing on light cardio, mobility, and building consistency."
0.1951219512195122,Male,83.1,1.52,163.0,139.0,51.0,0.9666666666666666,0.4222674813306178,Strength,10.0,2.8,3.0,1.0,20.05,0.598643786584258,0.10185580378903963,0.41269841269841256,0.6385681887628651,0.2735796597350836,474.35897435897436,53128.205128205125,0.017279150853158072,8,Endurance-focused training with longer cardio sessions and attention to pacing and recovery.
0.3170731707317073,Female,61.7,1.52,177.0,160.0,54.0,0.026666666666666672,0.6537678207739308,Yoga,23.1,1.7,4.0,2.0,12.32,0.38511326733458945,0.7329332677182189,0.5873015873015872,0.7694649656452253,0.19771222998796548,2344.4444444444443,288366.6666666666,0.05102347079656641,6,Balanced cardio and strength training routine for steady and sustainable fitness improvement.
0.21951219512195125,Male,66.6,1.7,171.0,149.0,73.0,0.6199999999999999,0.6911065852002716,Strength,26.6,3.3,4.0,3.0,13.51,0.30073007745248165,0.25351576936018694,0.19047619047619024,0.6860858846029241,0.4694374140205394,923.7762237762238,90530.06993006993,0.034650034650034654,6,Balanced cardio and strength training routine for steady and sustainable fitness improvement.
0.6585365853658538,Female,106.3,1.84,172.0,123.0,61.0,0.4333333333333333,0.593346911065852,Strength,16.9,2.6,4.0,3.0,30.72,0.49328752734703124,0.2871611346249966,0.39682539682539675,0.2866286539891343,0.15949734852096267,1023.4782608695652,113606.08695652174,0.0212687635486114,10,Balanced cardio and strength training routine for steady and sustainable fitness improvement.
0.2926829268292683,Female,62.3,1.53,185.0,153.0,68.0,0.5333333333333334,0.7325186693822132,Yoga,20.5,1.6,2.0,2.0,34.48,0.38300073491844205,0.3005240657426131,0.49206349206349187,0.5727703366581758,0.1746062401467737,1063.076923076923,124380.0,0.0197555253735029,-1,General fitness improvement recommended.
0.4146341463414634,Male,75.4,1.64,198.0,167.0,63.0,0.4266666666666666,0.503733876442634,Yoga,20.5,1.5,3.0,2.0,30.23,0.4157413460337496,0.25111658422018696,0.7777777777777777,0.6147217775212637,0.10310415392447517,916.6666666666667,123750.00000000001,0.017450788775652662,0,Balanced cardio and strength training routine for steady and sustainable fitness improvement.
0.2926829268292683,Female,98.3,1.84,178.0,161.0,74.0,0.72,0.18533604887983707,HIIT,23.3,1.6,3.0,2.0,16.15,0.43881372387433165,0.06480210940646242,0.2857142857142856,0.7708446031154277,0.058421305695866926,364.55696202531647,37913.924050632915,0.010301711371801641,8,Endurance-focused training with longer cardio sessions and attention to pacing and recovery.
0.48780487804878053,Female,46.5,1.65,182.0,169.0,70.0,0.56,0.34147997284453496,Cardio,24.1,3.5,2.0,1.0,12.32,0.16321492018785527,0.14475818861207843,0.41269841269841256,0.8324065776261378,0.787144935438624,601.4925373134328,67367.16417910447,0.05617075910768737,10,Balanced cardio and strength training routine for steady and sustainable fitness improvement.
0.6341463414634148,Male,61.6,1.65,167.0,158.0,74.0,0.4066666666666667,0.6245756958587916,Strength,23.8,2.9,4.0,1.0,15.25,0.2910771922935162,0.31359213062391744,0.11111111111111094,0.8772448301190678,0.43890564894772865,1101.8018018018017,102467.56756756756,0.04241254241254241,10,Balanced cardio and strength training routine for steady and sustainable fitness improvement.
0.3170731707317073,Female,64.0,1.85,184.0,147.0,71.0,0.36666666666666664,0.1819416157501697,Strength,27.0,2.0,5.0,2.0,14.26,0.20055877671956862,0.12529252757350795,0.4285714285714284,0.5008864228606731,0.2433849226160759,543.8095238095237,61450.47619047618,0.02976190476190476,3,"Beginner-friendly workouts focusing on light cardio, mobility, and building consistency."
0.0,Male,59.1,1.69,180.0,155.0,57.0,0.9933333333333334,0.8160217243720298,Yoga,27.5,1.9,4.0,1.0,17.36,0.24649877277958537,0.1969931099090164,0.5873015873015872,0.6599190453396484,0.2544889458174353,756.2814070351759,93022.61306532663,0.01615522621568077,8,Endurance-focused training with longer cardio sessions and attention to pacing and recovery.
0.14634146341463422,Female,45.1,1.6,195.0,163.0,66.0,1.0,0.10183299389002037,Cardio,31.2,1.6,2.0,2.0,22.88,0.17560141241332267,0.018213523554970933,0.6825396825396823,0.5954508545393589,0.29559714909738655,226.5,29218.5,0.017738359201773836,8,Endurance-focused training with longer cardio sessions and attention to pacing and recovery.
0.0,,82.7,1.79,171.0,167.0,69.0,0.39333333333333337,0.680244399185336,HIIT,21.8,2.1,2.0,1.0,12.89,0.36448856626330656,0.3458012250175547,0.25396825396825395,0.9552305170251856,0.1710338275623359,1197.2477064220182,122119.26605504585,0.023296318072396082,6,Balanced cardio and strength training routine for steady and sustainable fitness improvement.
0.3658536585365854,Male,85.0,1.73,161.0,128.0,64.0,0.56,0.34555329260013573,Strength,16.6,3.2,4.0,1.0,13.34,0.42419360316023286,0.14626919975726071,0.17460317460317443,0.49096066972398233,0.32240714558414485,605.9701492537313,58779.10447761193,0.028094820017559263,4,"Beginner-friendly workouts focusing on light cardio, mobility, and building consistency."
0.07317073170731708,Female,77.9,1.8,199.0,169.0,56.0,0.5333333333333334,0.5892735913102511,Cardio,19.7,3.4,3.0,2.0,19.98,0.3237425216508995,0.24575184892353116,0.9047619047619047,0.6295820421736829,0.39650775075237865,900.7692307692307,128809.99999999999,0.033573615088377605,2,Balanced cardio and strength training routine for steady and sustainable fitness improvement.
0.04878048780487804,Male,40.0,1.52,192.0,151.0,63.0,0.6666666666666667,0.18262050237610317,HIIT,25.1,3.7,4.0,1.0,25.64,0.1685893295907665,0.07046344950473804,0.6825396825396823,0.4690412982137908,1.0,381.3333333333333,49192.0,0.06166666666666667,8,Endurance-focused training with longer cardio sessions and attention to pacing and recovery.
1.0,Male,44.8,1.67,189.0,130.0,63.0,0.5266666666666666,0.48744059742023077,Strength,29.8,3.6,3.0,3.0,12.32,0.1397879403316546,0.2088687906893216,0.6349206349206349,0.21686283495670544,0.8500005094399219,791.4728682170543,99725.58139534884,0.06229235880398672,10,Balanced cardio and strength training routine for steady and sustainable fitness improvement.
0.8048780487804879,Female,66.4,1.77,184.0,147.0,55.0,0.3133333333333333,0.8336727766462999,HIIT,33.1,3.6,3.0,3.0,14.27,0.25806848680306793,0.47440785721359885,0.6825396825396823,0.5008864228606731,0.5270923219301856,1578.3505154639176,203607.21649484537,0.0558936778039995,9,High-intensity interval training with strength conditioning and proper recovery.
0.7804878048780488,Male,40.0,2.0,192.0,155.0,56.0,0.21333333333333332,0.35709436524100474,Strength,24.6,2.4,3.0,2.0,16.67,0.0,0.28294200053551677,0.7936507936507935,0.5223095067140302,0.5985307752656729,1010.9756097560976,137492.68292682926,0.07317073170731707,10,Balanced cardio and strength training routine for steady and sustainable fitness improvement.
0.5853658536585367,Male,96.2,1.63,164.0,148.0,74.0,0.5866666666666667,0.39646978954514595,Strength,16.3,1.6,2.0,3.0,25.15,0.6041722614121396,0.15868211981707947,0.06349206349206327,0.7655893126084159,0.06281044723381221,642.7536231884059,57847.82608695653,0.012052185965229445,10,Balanced cardio and strength training routine for steady and sustainable fitness improvement.
0.6585365853658538,Female,54.0,1.86,170.0,148.0,65.0,0.5733333333333335,0.24915139171758316,Cardio,28.9,3.5,3.0,2.0,16.72,0.12930006291758006,0.10802728533286796,0.3015873015873014,0.6841508578338749,0.6580076974485362,492.6470588235294,51727.94117647059,0.04765795206971677,10,Balanced cardio and strength training routine for steady and sustainable fitness improvement.
0.09756097560975613,Male,71.1,1.68,164.0,160.0,74.0,0.6733333333333333,0.4426340801086219,Cardio,10.0,3.3,4.0,2.0,16.09,0.3502104149605734,0.1552051795761202,0.06349206349206327,0.9526776546580367,0.4306981360388592,632.4503311258278,56920.529801324505,0.03073741861569844,6,Balanced cardio and strength training routine for steady and sustainable fitness improvement.
0.7073170731707319,Female,48.6,1.55,176.0,165.0,74.0,0.13999999999999996,0.680244399185336,Cardio,15.6,2.7,2.0,1.0,27.31,0.2358106898849373,0.5620384589496946,0.25396825396825395,0.8552358098405257,0.54362900094303,1838.0281690140846,187478.87323943662,0.0782472613458529,-1,General fitness improvement recommended.
0.39024390243902446,Female,100.1,1.97,192.0,164.0,73.0,1.0,0.9803122878479293,Yoga,25.5,1.5,4.0,2.0,22.68,0.3640806631643851,0.2365495973299935,0.5238095238095237,0.6421629758395686,0.04246520186895339,873.5,103946.5,0.007492507492507493,-1,General fitness improvement recommended.
0.8048780487804879,Female,53.7,1.72,169.0,120.0,52.0,0.3,0.6320434487440598,HIIT,10.0,3.3,,3.0,14.41,0.1879237802503227,0.3801207070965595,0.49206349206349187,0.27369826733791314,0.6164735339130171,1298.9473684210527,151976.84210526317,0.06468685680682151,10,Balanced cardio and strength training routine for steady and sustainable fitness improvement.
0.21951219512195125,Male,83.5,1.67,162.0,129.0,65.0,0.6533333333333333,0.8241683638832313,Yoga,25.8,3.3,2.0,1.0,18.45,0.45968583465103446,0.2876746594272361,0.17460317460317443,0.4941957300055706,0.3455552342999615,1025.0,99425.0,0.02670335005664347,1,High-intensity interval training with strength conditioning and proper recovery.
0.0,Male,52.4,1.74,181.0,169.0,63.0,0.21999999999999992,0.39782756279701287,Strength,10.0,2.8,4.0,3.0,13.4,0.1684606654585476,0.30322624100280193,0.5079365079365079,0.8455239265228025,0.5174354063234483,1071.0843373493976,126387.95180722892,0.06437965602869493,6,Balanced cardio and strength training routine for steady and sustainable fitness improvement.
0.7317073170731709,Male,89.5,1.61,170.0,153.0,57.0,0.5866666666666667,0.7141887304820094,Strength,10.0,3.3,3.0,1.0,12.32,0.5654514205699213,0.27312479003045065,0.4285714285714284,0.7593530345400952,0.31282684911180714,981.8840579710146,110952.89855072465,0.026718484333252367,10,Balanced cardio and strength training routine for steady and sustainable fitness improvement.
0.8048780487804879,Male,126.0,1.74,190.0,139.0,57.0,0.36000000000000004,0.5465037338764427,Strength,27.3,3.2,2.0,1.0,22.63,0.7288794404426868,0.3013028176405147,0.746031746031746,0.32872162266447624,0.1710812466108094,1065.3846153846152,141696.15384615381,0.02442002442002442,10,Balanced cardio and strength training routine for steady and sustainable fitness improvement.
0.9756097560975612,Female,57.4,1.62,196.0,154.0,61.0,0.7266666666666668,0.48336727766463,,15.0,2.1,3.0,1.0,25.02,0.27368123740484124,0.15720106445752083,0.7777777777777777,0.46713886219592515,0.3092921593219927,638.3647798742138,86179.24528301887,0.02300966405890474,-1,General fitness improvement recommended.
0.34146341463414637,Female,52.3,1.59,161.0,121.0,74.0,1.0,0.285132382892057,Strength,20.3,3.3,3.0,1.0,22.56,0.2463816624972976,0.06377050958221675,0.015873015873015817,0.37979223459304823,0.6367940577524862,361.5,31450.5,0.03154875717017208,8,Endurance-focused training with longer cardio sessions and attention to pacing and recovery.
0.7073170731707319,,40.0,1.85,192.0,139.0,57.0,0.4666666666666666,0.26748133061778684,Cardio,25.2,3.5,4.0,1.0,19.04,0.03889930933855612,0.13778655107833465,0.7777777777777777,0.30923667271307287,0.9382355038870266,580.8333333333334,78412.5,0.07291666666666667,10,Balanced cardio and strength training routine for steady and sustainable fitness improvement.
0.902439024390244,Female,129.6,1.84,188.0,139.0,58.0,0.52,0.6578411405295315,HIIT,19.2,3.5,3.0,1.0,18.38,0.6519424799612688,0.27712906080981803,0.6984126984126982,0.3486211460191009,0.19096135338438555,993.75,129187.5,0.0210985725308642,10,Balanced cardio and strength training routine for steady and sustainable fitness improvement.
0.3658536585365854,Female,72.3,1.8,199.0,120.0,74.0,0.5533333333333335,0.10454854039375422,HIIT,26.5,2.3,4.0,2.0,12.32,0.28389728821694266,0.05773303543842218,0.6190476190476188,0.0,0.25032595347247844,343.609022556391,42951.12781954887,0.023918717956717517,-1,General fitness improvement recommended.
0.2439024390243903,Male,64.1,1.55,179.0,152.0,52.0,0.6066666666666667,0.5349626612355736,HIIT,31.1,3.3,4.0,1.0,18.43,0.38454174556007586,0.2028910382023775,0.6507936507936507,0.6293667022892317,0.49330951199676976,773.758865248227,98267.37588652484,0.03651209878182362,-1,General fitness improvement recommended.
0.39024390243902446,Male,66.7,1.55,186.0,169.0,55.0,0.6533333333333333,0.32450780719619826,Cardio,19.4,2.5,3.0,1.0,12.32,0.409490180705583,0.11985713332086503,0.714285714285714,0.7813476496627745,0.3203590416474239,527.7027027027027,69129.05405405405,0.025325175250212734,-1,General fitness improvement recommended.
0.4146341463414634,Male,44.9,1.92,168.0,123.0,67.0,0.5266666666666666,0.18262050237610317,Cardio,20.8,2.1,4.0,2.0,17.33,0.05025402244136262,0.09141207678617269,0.23809523809523792,0.33016346890959536,0.4351093467974939,443.41085271317826,44784.49612403101,0.03625628010566116,4,"Beginner-friendly workouts focusing on light cardio, mobility, and building consistency."
0.43902439024390244,Female,90.0,1.69,180.0,160.0,72.0,1.0,0.2810590631364562,HIIT,20.6,3.3,4.0,1.0,13.72,0.49591139529142886,0.06275813211494463,0.3492063492063491,0.7309433233399671,0.3102964600717971,358.5,38718.0,0.018333333333333333,-1,General fitness improvement recommended.
0.21951219512195125,Male,77.7,1.76,167.0,131.0,74.0,0.5733333333333335,0.09843856076035301,HIIT,24.9,2.1,5.0,2.0,23.19,0.3477347062343756,0.05294204079011975,0.11111111111111094,0.4638580144525397,0.1912189630611997,329.4117647058823,30635.294117647056,0.01987281399046105,4,"Beginner-friendly workouts focusing on light cardio, mobility, and building consistency."
0.0,Male,100.0,1.73,192.0,166.0,56.0,0.4799999999999999,0.9015614392396469,Strength,23.3,1.8,4.0,2.0,12.32,0.5397336160055324,0.39292319120238506,0.7936507936507935,0.6687970800896883,0.07970900791669641,1336.8852459016393,181816.39344262294,0.01475409836065574,2,Balanced cardio and strength training routine for steady and sustainable fitness improvement.
0.8292682926829269,Male,83.4,1.52,176.0,142.0,56.0,0.6333333333333333,0.19891378139850646,HIIT,25.6,1.9,3.0,2.0,15.21,0.6016372050784125,0.0804863743148192,0.5396825396825395,0.5210988656117519,0.13877778741274863,411.0344827586207,49324.137931034486,0.015711568676093607,10,Balanced cardio and strength training routine for steady and sustainable fitness improvement.
0.34146341463414637,Female,46.5,1.83,176.0,128.0,74.0,0.34,0.5145960624575696,Cardio,10.0,2.5,4.0,3.0,14.63,0.08956572714483269,0.29627819730916916,0.25396825396825395,0.31771116042902015,0.5214911887161577,1050.4950495049504,107150.49504950494,0.05323112956456936,-1,General fitness improvement recommended.
0.4634146341463415,Female,81.1,1.78,195.0,143.0,72.0,0.38000000000000006,0.31704005431093,HIIT,22.5,2.5,3.0,2.0,12.51,0.3595513654597305,0.1846234639658129,0.5873015873015872,0.3332073665381805,0.23814902975816357,719.626168224299,88514.01869158878,0.0288094771656084,-1,General fitness improvement recommended.
0.3170731707317073,Male,50.7,1.86,171.0,149.0,74.0,0.5266666666666666,0.1880515953835709,Cardio,,3.6,3.0,2.0,21.13,0.10731025629894403,0.09350484674435797,0.17460317460317443,0.6860858846029241,0.7344857607924546,449.61240310077517,43612.40310077519,0.055043346635475436,10,Balanced cardio and strength training routine for steady and sustainable fitness improvement.
0.12195121951219517,Female,55.4,1.8,164.0,163.0,73.0,0.5533333333333335,0.3258655804480652,Strength,27.1,1.5,2.0,1.0,18.71,0.16365006588946562,0.1404485879022603,0.0793650793650793,0.9994497401704421,0.19182160230515496,588.7218045112782,53573.68421052631,0.02035775358975055,6,Balanced cardio and strength training routine for steady and sustainable fitness improvement.
0.12195121951219517,Female,40.0,1.8,160.0,136.0,62.0,0.9000000000000001,0.54989816700611,Strength,16.8,1.7,3.0,,16.37,0.05407567394608431,0.14480174929374134,0.19047619047619024,0.6315093341395208,0.382355038870266,601.6216216216216,58958.91891891891,0.02297297297297297,8,Endurance-focused training with longer cardio sessions and attention to pacing and recovery.
0.17073170731707316,Female,76.2,1.87,184.0,148.0,69.0,0.9733333333333334,0.3435166327223354,HIIT,26.2,2.3,3.0,1.0,17.02,0.2718153719763086,0.0810670130451688,0.46031746031746024,0.51478247725204,0.23021336012479213,412.7551020408163,47466.836734693876,0.015399860731694252,8,Endurance-focused training with longer cardio sessions and attention to pacing and recovery.
0.8292682926829269,Male,84.5,1.75,180.0,158.0,71.0,1.0,0.35777325186693826,Strength,14.1,1.5,4.0,3.0,18.25,0.40555012956643394,0.08182457441523638,0.3650793650793649,0.70253361213984,0.07663905663060777,415.0,45235.0,0.008875739644970414,5,Endurance-focused training with longer cardio sessions and attention to pacing and recovery.
1.0,Male,40.0,2.0,173.0,141.0,68.0,0.36000000000000004,0.6978954514596063,Strength,27.0,3.7,2.0,1.0,43.74,0.0,0.37366184815387526,0.3015873015873014,0.5420926419518359,1.0,1279.8076923076924,134379.8076923077,0.08894230769230768,10,Balanced cardio and strength training routine for steady and sustainable fitness improvement.
0.4634146341463415,,40.0,1.92,163.0,129.0,68.0,0.4799999999999999,0.4901561439239647,Cardio,22.7,3.3,2.0,1.0,23.28,0.019611325830775683,0.22530003678519636,0.1428571428571428,0.48170475268854096,0.8764710077740531,840.1639344262295,79815.5737704918,0.06762295081967212,10,Balanced cardio and strength training routine for steady and sustainable fitness improvement.
0.5853658536585367,Female,55.6,1.63,176.0,134.0,74.0,0.6066666666666667,0.05498981670061098,Cardio,22.0,3.3,3.0,1.0,32.64,0.25189534720247914,0.03368279485452982,0.25396825396825395,0.404877319793048,0.5905324951934894,272.3404255319149,27778.723404255317,0.04209398438695852,4,"Beginner-friendly workouts focusing on light cardio, mobility, and building consistency."
0.26829268292682934,Male,73.6,1.82,162.0,141.0,55.0,0.6666666666666667,0.5118805159538358,Cardio,25.2,2.1,2.0,2.0,30.41,0.2817008581311346,0.1795752431996231,0.33333333333333326,0.6835938046730878,0.20981726168511208,704.6666666666666,75399.33333333333,0.019021739130434784,6,Balanced cardio and strength training routine for steady and sustainable fitness improvement.
0.26829268292682934,Female,50.8,1.89,199.0,163.0,59.0,0.2,0.3265444670739986,HIIT,35.0,2.5,3.0,2.0,22.37,0.09731556121649426,0.27248899741815413,0.8571428571428572,0.5524903635401706,0.4652750907384705,980.0,137200.0,0.061515748031496065,-1,General fitness improvement recommended.
0.21951219512195125,Male,72.5,1.88,181.0,162.0,69.0,0.47333333333333333,0.5546503733876442,HIIT,34.6,3.4,4.0,1.0,27.76,0.24235200351492314,0.25413791274969516,0.41269841269841256,0.7466392963787123,0.43666519924546676,925.6198347107438,103669.42148760331,0.03875748076375036,6,Balanced cardio and strength training routine for steady and sustainable fitness improvement.
0.07317073170731708,Female,94.4,1.69,197.0,155.0,61.0,0.96,0.5336048879837068,Strength,20.7,2.4,,2.0,14.52,0.5314264612801702,0.13120841684797824,0.7936507936507935,0.4699200884555461,0.171413581806467,561.340206185567,76342.26804123711,0.013105014852350166,7,Endurance-focused training with longer cardio sessions and attention to pacing and recovery.
0.8292682926829269,Male,57.5,1.87,174.0,149.0,70.0,0.36666666666666664,0.39171758316361166,,12.5,2.5,2.0,2.0,12.32,0.14853561994611358,0.22460193626782163,0.2857142857142856,0.6476734801671795,0.39443939680541307,838.0952380952381,87161.90476190476,0.041407867494824016,10,Balanced cardio and strength training routine for steady and sustainable fitness improvement.
0.34146341463414637,Male,51.1,1.86,199.0,131.0,63.0,0.3333333333333333,0.3815342837746096,HIIT,34.8,3.2,3.0,1.0,21.49,0.10997568740423325,0.23368119450605582,0.7936507936507935,0.14133474416143899,0.630923896514747,865.0,117640.0,0.06262230919765166,2,Balanced cardio and strength training routine for steady and sustainable fitness improvement.
0.2926829268292683,Female,88.8,1.69,171.0,127.0,70.0,0.47333333333333333,0.5390359809911744,Strength,25.6,3.4,,1.0,19.29,0.4862254682035903,0.24772339987166234,0.23809523809523792,0.35713133386460383,0.33032818854086954,906.6115702479339,91567.76859504131,0.03164321346139528,4,"Beginner-friendly workouts focusing on light cardio, mobility, and building consistency."
0.12195121951219517,Female,52.6,1.78,176.0,169.0,53.0,0.4333333333333333,0.73387644263408,Cardio,31.1,2.4,3.0,2.0,21.08,0.15218504856636966,0.3479037826613244,0.5873015873015872,0.9133465827498779,0.4209872046899775,1203.4782608695652,148027.8260869565,0.039675979500743926,6,Balanced cardio and strength training routine for steady and sustainable fitness improvement.
0.0,Male,57.5,1.74,193.0,154.0,70.0,0.4399999999999999,0.7162253903598099,HIIT,33.9,3.7,4.0,3.0,12.32,0.20729403165989418,0.3368389674643022,0.5873015873015872,0.4983664129969534,0.652239032755215,1170.689655172414,143994.82758620693,0.055472263868065974,-1,General fitness improvement recommended.
0.8292682926829269,Female,45.1,1.65,165.0,164.0,71.0,0.8400000000000001,0.7311608961303462,Yoga,21.5,3.3,5.0,1.0,29.89,0.15136013999262843,0.20637768099477719,0.12698412698412698,0.9995442292320833,0.761227496733993,784.0909090909091,73704.54545454546,0.041574279379157426,-1,General fitness improvement recommended.
0.6585365853658538,Male,98.7,1.77,183.0,132.0,74.0,0.5466666666666666,0.06585200271554648,Cardio,19.5,2.0,4.0,2.0,18.18,0.4957466859915454,0.044039375005433166,0.3650793650793649,0.3024689904855835,0.10766886289468677,303.030303030303,33030.303030303025,0.015351079180866414,10,Balanced cardio and strength training routine for steady and sustainable fitness improvement.
0.8048780487804879,Male,63.0,1.78,161.0,152.0,50.0,0.5533333333333335,0.703326544467074,Strength,29.1,1.8,2.0,2.0,15.95,0.2278555642046487,0.28152173873015607,0.39682539682539675,0.8721095901728999,0.21029679969841156,1006.7669172932331,111751.12781954887,0.021482277121374863,10,Balanced cardio and strength training routine for steady and sustainable fitness improvement.
0.39024390243902446,Female,101.5,1.57,184.0,120.0,55.0,0.3466666666666666,0.20230821452817377,Strength,17.7,2.3,5.0,,46.11,0.7187594651920812,0.14061525282512444,0.6825396825396823,0.12569295429376992,0.13727473532839377,589.2156862745098,76008.82352941176,0.022215782864870085,-1,General fitness improvement recommended.
0.0,Female,89.8,1.66,185.0,140.0,54.0,1.0,0.6653088934147997,HIIT,28.4,1.9,,2.0,16.69,0.5207324914950338,0.15825907319428215,0.714285714285714,0.39309810906817955,0.11872105935910007,641.5,84036.5,0.010579064587973273,7,Endurance-focused training with longer cardio sessions and attention to pacing and recovery.
0.5853658536585367,Male,43.5,1.56,192.0,159.0,57.0,0.9733333333333334,0.1710794297352342,,25.3,3.6,3.0,2.0,28.64,0.18153916107764007,0.03733506122763126,0.7777777777777777,0.5755777152142696,0.8796657230902415,283.16326530612247,38227.04081632653,0.0422237860661506,5,Endurance-focused training with longer cardio sessions and attention to pacing and recovery.
0.2439024390243903,Female,121.1,1.75,163.0,149.0,68.0,0.7133333333333334,0.2803801765105227,Strength,21.0,3.3,5.0,1.0,26.5,0.6810607512301272,0.09567759517228283,0.1428571428571428,0.7954316248371898,0.19397587587004536,456.0509554140127,43324.84076433121,0.01735681938914515,8,Endurance-focused training with longer cardio sessions and attention to pacing and recovery.
0.4146341463414634,Male,40.0,1.71,162.0,133.0,69.0,0.9933333333333334,0.36456211812627287,Yoga,20.2,3.2,4.0,2.0,27.14,0.08482288613295252,0.08422409554788307,0.11111111111111094,0.5573284215614098,0.8455887597175665,422.1105527638191,39256.281407035174,0.04020100502512563,8,Endurance-focused training with longer cardio sessions and attention to pacing and recovery.
0.9268292682926831,Female,64.2,1.79,196.0,165.0,58.0,0.3133333333333333,0.24711473183978272,Cardio,15.9,3.3,4.0,1.0,12.32,0.2313821394512659,0.1738256813637294,0.8253968253968251,0.6106368932577944,0.49231893148261574,687.6288659793814,94892.78350515464,0.052991617689565465,10,Balanced cardio and strength training routine for steady and sustainable fitness improvement.
0.0,Female,56.0,1.82,170.0,131.0,62.0,0.7,0.6422267481330617,HIIT,,2.0,3.0,3.0,15.72,0.1592101203332305,0.2137057896410627,0.3492063492063491,0.42846345703272615,0.29853179414551645,805.8064516129032,87027.09677419355,0.023041474654377878,1,High-intensity interval training with strength conditioning and proper recovery.
0.34146341463414637,Female,90.5,1.63,184.0,166.0,50.0,0.6399999999999999,0.6205023761031907,Strength,31.3,2.0,5.0,1.0,12.99,0.5547146650822119,0.2230720333764232,0.7619047619047619,0.7649114562966419,0.13034906992313425,833.5616438356165,111697.2602739726,0.015136607886172708,0,Balanced cardio and strength training routine for steady and sustainable fitness improvement.
0.5853658536585367,Female,40.0,1.81,177.0,145.0,59.0,0.8066666666666666,0.5173116089613035,HIIT,26.6,1.5,3.0,1.0,23.25,0.050939512641558826,0.15195095511604556,0.5079365079365079,0.55278072767815,0.3205905427572926,622.8070175438596,73491.22807017544,0.021929824561403508,5,Endurance-focused training with longer cardio sessions and attention to pacing and recovery.
0.878048780487805,Male,72.6,1.56,172.0,165.0,69.0,0.5066666666666666,0.45010183299389,HIIT,26.1,3.5,2.0,1.0,31.41,0.45720131863135155,0.20049771085658044,0.26984126984126977,0.9109816094337999,0.45288226652543817,766.6666666666666,78966.66666666666,0.038261401897765536,10,Balanced cardio and strength training routine for steady and sustainable fitness improvement.
0.39024390243902446,Female,89.7,1.78,184.0,142.0,53.0,0.020000000000000018,0.9226069246435844,HIIT,24.2,1.5,3.0,1.0,39.54,0.422125061083692,1.0000000000000002,0.714285714285714,0.43140615090383916,0.06392704302361554,3135.8490566037735,410796.22641509434,0.031551713258029905,-1,General fitness improvement recommended.
0.07317073170731708,Female,59.7,1.65,191.0,138.0,68.0,0.3,0.16021724372029872,HIIT,35.0,3.2,4.0,2.0,17.55,0.2749885620285654,0.1332426931477419,0.5873015873015872,0.3055413650553336,0.5194887735398578,567.3684210526316,69786.31578947368,0.05642246319315878,3,"Beginner-friendly workouts focusing on light cardio, mobility, and building consistency."
0.0,Male,42.0,1.82,188.0,137.0,67.0,0.18,0.19416157501697218,HIIT,16.4,2.0,2.0,3.0,29.09,0.06177430617580665,0.19991336599812612,0.5555555555555554,0.32142035869982966,0.4455901182240245,764.9350649350649,92557.14285714286,0.061842918985776124,3,"Beginner-friendly workouts focusing on light cardio, mobility, and building consistency."
0.0,Male,57.9,2.0,168.0,156.0,50.0,0.36666666666666664,0.2620502376103191,Cardio,28.3,3.6,3.0,3.0,18.31,0.103163578492668,0.16321650888719408,0.5079365079365079,0.8324065776261378,0.625412732123133,656.1904761904761,77430.47619047618,0.059215396002960774,6,Balanced cardio and strength training routine for steady and sustainable fitness improvement.
0.0,Female,40.0,1.8,187.0,158.0,71.0,0.49333333333333335,0.2457569585879158,\nStrength,24.1,1.7,2.0,2.0,14.93,0.05407567394608431,0.12275510427484074,0.47619047619047605,0.6185198672539012,0.382355038870266,536.2903225806451,62209.67741935483,0.034274193548387094,6,Balanced cardio and strength training routine for steady and sustainable fitness improvement.
0.0,Female,70.9,1.87,176.0,164.0,59.0,1.0,0.3000678886625933,HIIT,28.2,3.2,4.0,2.0,15.74,0.23687512140090572,0.06748256029554789,0.49206349206349187,0.8407081166131878,0.4148924708846462,372.5,43582.5,0.022566995768688293,8,Endurance-focused training with longer cardio sessions and attention to pacing and recovery.
0.1951219512195122,Male,44.0,1.6,190.0,125.0,68.0,0.37333333333333335,0.6401900882552614,Strength,21.1,2.7,2.0,2.0,15.5,0.16569569171308396,0.3384527116378979,0.5714285714285712,0.14032037996889302,0.6153756378419385,1175.4716981132076,143407.54716981133,0.05789022298456261,2,Balanced cardio and strength training routine for steady and sustainable fitness improvement.
0.3170731707317073,Female,46.9,1.75,192.0,146.0,63.0,1.0,0.30210454854039376,Cardio,15.3,1.7,4.0,,12.48,0.12251189528897838,0.06798874902918395,0.6825396825396823,0.4024560375884916,0.3051164952236586,374.0,48246.0,0.01812366737739872,7,Endurance-focused training with longer cardio sessions and attention to pacing and recovery.
0.48780487804878053,Male,69.0,1.82,170.0,133.0,53.0,0.49333333333333335,0.887304820095044,Strength,30.1,2.8,2.0,2.0,20.05,0.2496862334794097,0.3799316382996156,0.49206349206349187,0.45854432771521436,0.3586338918123849,1298.3870967741937,151911.29032258067,0.0327255726975222,9,High-intensity interval training with strength conditioning and proper recovery.
0.0,Female,59.1,2.0,181.0,123.0,72.0,0.96,0.4059742023082145,HIIT,23.2,2.4,4.0,2.0,13.32,0.11007957258156192,0.09850618938283043,0.3650793650793649,0.19571064271877847,0.3589973994772888,464.4329896907217,50623.195876288664,0.02093254487414307,7,Endurance-focused training with longer cardio sessions and attention to pacing and recovery.
0.0,Female,74.6,1.71,169.0,143.0,54.0,0.6599999999999999,0.6177868295994569,,28.7,2.0,2.0,1.0,18.68,0.3576058455343984,0.2165024851341115,0.46031746031746024,0.6216752033394766,0.1885337447677584,814.0939597315436,93620.80536912751,0.017993054680893177,6,Balanced cardio and strength training routine for steady and sustainable fitness improvement.
0.4146341463414634,Male,98.6,1.55,184.0,141.0,59.0,1.0,0.5899524779361847,Cardio,27.8,3.2,2.0,2.0,23.47,0.7155882888369969,0.13953009004974776,0.6190476190476188,0.4175100965124723,0.25826227335322727,586.0,73250.0,0.01622718052738337,-1,General fitness improvement recommended.
0.26829268292682934,Female,58.4,1.61,182.0,165.0,70.0,0.18,0.6490156143923964,HIIT,20.1,3.5,4.0,2.0,26.13,0.2888579041616017,0.4935466573714277,0.41269841269841256,0.776211544483028,0.597684686277824,1635.064935064935,183127.27272727274,0.07783312577833126,-1,General fitness improvement recommended.
0.5853658536585367,Female,88.6,2.0,171.0,166.0,72.0,0.4066666666666667,0.7006109979633401,Yoga,18.6,2.2,5.0,2.0,18.3,0.2800977606002046,0.3476420634570942,0.20634920634920628,0.9402780374461712,0.1640879538480091,1202.7027027027027,119067.56756756757,0.02236999979663637,10,Balanced cardio and strength training routine for steady and sustainable fitness improvement.
0.0,Male,49.9,1.77,191.0,123.0,74.0,0.5999999999999999,0.21928038017651053,Strength,25.9,3.4,2.0,2.0,24.35,0.13665392684610567,0.09267147585029492,0.49206349206349187,0.10473974138950992,0.6990373300627358,447.14285714285717,52315.71428571429,0.048668766103635845,-1,General fitness improvement recommended.
0.5853658536585367,Female,99.9,1.6,189.0,169.0,58.0,0.9000000000000001,0.5403937542430415,HIIT,32.6,2.2,2.0,1.0,15.78,0.6690864072979423,0.14224800433125312,0.714285714285714,0.7444717572447903,0.1293926406257909,594.0540540540541,77821.08108108108,0.01190379568757947,-1,General fitness improvement recommended.
0.1951219512195122,Female,58.6,1.78,198.0,143.0,74.0,0.7266666666666668,0.4786150712830957,Cardio,21.1,2.2,3.0,1.0,44.77,0.19584111528076142,0.1557153952183374,0.603174603174603,0.3047976553380529,0.3211175435773692,633.9622641509434,78611.32075471697,0.023611737179899974,-1,General fitness improvement recommended.
0.43902439024390244,Male,57.4,1.58,192.0,152.0,70.0,0.5866666666666667,0.5661914460285131,Yoga,18.3,3.2,2.0,1.0,20.91,0.299534241664482,0.21981602484558974,0.5714285714285712,0.48235835033885044,0.5460201932044692,823.913043478261,100517.39130434784,0.04039791950714539,-1,General fitness improvement recommended.
0.7073170731707319,Male,48.1,1.71,185.0,129.0,74.0,0.24666666666666665,0.593346911065852,Strength,28.1,2.6,3.0,3.0,12.32,0.14868248067490958,0.398318595266077,0.39682539682539675,0.2410677626458746,0.5250811042124073,1352.8735632183907,150168.96551724136,0.06213109661385524,10,Balanced cardio and strength training routine for steady and sustainable fitness improvement.
0.2926829268292683,Male,60.1,1.93,187.0,140.0,58.0,0.6533333333333333,0.3883231500339443,HIIT,29.7,3.1,5.0,1.0,24.29,0.14142427172569777,0.14129034997032003,0.6825396825396823,0.37240365257899843,0.4945279964531454,591.2162162162163,76266.8918918919,0.03485182353734766,2,Balanced cardio and strength training routine for steady and sustainable fitness improvement.
0.12195121951219517,Female,88.0,2.0,193.0,128.0,70.0,0.49333333333333335,0.06517311608961301,HIIT,23.9,2.8,3.0,1.0,31.33,0.27663976355575765,0.05036467247527452,0.5873015873015872,0.15391706476742684,0.2504036153561865,321.7741935483871,39578.22580645161,0.02565982404692082,3,"Beginner-friendly workouts focusing on light cardio, mobility, and building consistency."
0.5121951219512195,Female,62.5,1.74,162.0,141.0,58.0,0.5133333333333334,0.26883910386965376,,24.2,1.8,3.0,1.0,17.6,0.24536595930827315,0.12751441837781977,0.2857142857142856,0.6835938046730878,0.2131203195207189,550.3937007874016,57240.944881889765,0.022677165354330706,-1,General fitness improvement recommended.
0.04878048780487804,Female,69.3,1.75,180.0,120.0,72.0,0.37333333333333335,0.7589952477936184,Yoga,24.6,3.2,4.0,2.0,25.22,0.29113041783724974,0.39416530810727607,0.3492063492063491,0.16274909933741455,0.42776486682056913,1340.566037735849,144781.1320754717,0.04356230771325111,2,Balanced cardio and strength training routine for steady and sustainable fitness improvement.
0.5121951219512195,Female,65.6,1.7,172.0,148.0,68.0,0.24666666666666665,0.9545145960624575,HIIT,20.2,1.5,4.0,3.0,14.83,0.29275315232111615,0.6046729295912773,0.2857142857142856,0.6582673179442922,0.13981640779249246,1964.367816091954,204294.2528735632,0.02628259041211102,6,Balanced cardio and strength training routine for steady and sustainable fitness improvement.
0.09756097560975613,Male,80.6,1.71,176.0,139.0,60.0,1.0,0.4439918533604888,Cardio,31.0,2.4,4.0,2.0,12.32,0.404909248898811,0.1032532308058298,0.47619047619047605,0.4775157859297381,0.22518508660263772,478.5,55506.0,0.01488833746898263,8,Endurance-focused training with longer cardio sessions and attention to pacing and recovery.
0.9512195121951221,Female,43.5,2.0,172.0,159.0,59.0,0.8200000000000001,0.15410726408689746,Yoga,18.7,2.1,2.0,3.0,23.74,0.020171649425940685,0.04516246555708673,0.4285714285714284,0.8217883300845616,0.45370368093180424,306.35838150289015,34618.49710982659,0.027905122583217062,10,Balanced cardio and strength training routine for steady and sustainable fitness improvement.
0.0,Male,87.5,1.76,169.0,160.0,60.0,1.0,0.5016972165648337,Yoga,22.4,3.3,2.0,3.0,21.79,0.42066938907610324,0.11759524492551829,0.3650793650793649,0.8788755473406318,0.3232375925907057,521.0,56789.0,0.018857142857142857,8,Endurance-focused training with longer cardio sessions and attention to pacing and recovery.
0.7804878048780488,Male,46.8,1.77,180.0,128.0,70.0,0.5999999999999999,0.3394433129667345,HIIT,17.0,3.3,4.0,1.0,21.83,0.11384270649055522,0.1353359548281918,0.38095238095238093,0.27638794413792533,0.7283945876057708,573.5714285714286,63092.85714285714,0.05036630036630037,10,Balanced cardio and strength training routine for steady and sustainable fitness improvement.
0.21951219512195125,Male,42.5,1.61,183.0,155.0,71.0,1.0,0.4276985743380855,HIIT,22.9,1.6,2.0,1.0,,0.14744835718757326,0.09920372093674126,0.41269841269841256,0.6238247401263717,0.32240714558414485,466.5,52248.0,0.018823529411764708,8,Endurance-focused training with longer cardio sessions and attention to pacing and recovery.
0.0,Female,44.9,1.77,168.0,127.0,57.0,0.7733333333333332,0.14188730482009504,Strength,12.3,3.7,3.0,1.0,20.39,0.0998616359500566,0.045862812575790675,0.39682539682539675,0.3910414214812974,0.8753017467117811,308.43373493975906,34236.14457831326,0.04964177422384416,8,Endurance-focused training with longer cardio sessions and attention to pacing and recovery.
0.0,Male,63.9,1.71,164.0,140.0,66.0,0.6533333333333333,0.3272233536999321,Yoga,30.2,3.3,4.0,2.0,21.96,0.2732481095345293,0.12076918509318227,0.19047619047619024,0.6408637512420019,0.4952999742505624,530.4054054054054,51979.729729729734,0.03489404897855602,-1,General fitness improvement recommended.
0.07317073170731708,Male,90.1,1.72,184.0,138.0,68.0,0.5666666666666667,0.5023761031907672,Yoga,27.1,2.1,4.0,3.0,22.34,0.4715705542224466,0.20249746881662414,0.47619047619047605,0.3758219333383721,0.14527123220354185,772.5925925925925,89620.74074074073,0.01726476754223702,2,Balanced cardio and strength training routine for steady and sustainable fitness improvement.
0.0,Male,48.2,1.75,180.0,134.0,63.0,0.5933333333333333,0.5091649694501019,Yoga,22.1,2.2,4.0,1.0,16.34,0.13229779168686917,0.1974225434899665,0.49206349206349187,0.3616170777383083,0.4211820976300813,757.5539568345324,88633.8129496403,0.03283680109854026,1,High-intensity interval training with strength conditioning and proper recovery.
0.3170731707317073,Male,67.4,1.83,167.0,122.0,66.0,0.6599999999999999,0.494908350305499,HIIT,30.6,3.1,5.0,2.0,18.29,0.23343811953027604,0.17550912460251072,0.23809523809523792,0.3260624092303639,0.4255168751747326,692.6174496644295,69954.36241610738,0.030868500189194032,-1,General fitness improvement recommended.
0.1951219512195122,Male,65.0,1.69,171.0,162.0,62.0,0.6933333333333334,0.517990495587237,Strength,16.6,3.5,2.0,2.0,29.56,0.29412124762812514,0.17537088194304418,0.3650793650793649,0.8804681191301129,0.5225129338958596,692.2077922077922,75450.64935064934,0.03496503496503497,-1,General fitness improvement recommended.
0.3658536585365854,Female,95.0,1.85,168.0,140.0,56.0,0.5333333333333334,0.4446707399864222,Strength,20.5,3.3,3.0,2.0,12.66,0.4093689220867098,0.1904604641725149,0.41269841269841256,0.5888947673393292,0.28645753174749156,736.9230769230769,82535.38461538461,0.02672064777327935,-1,General fitness improvement recommended.
0.2926829268292683,Female,65.3,1.76,192.0,161.0,57.0,0.4399999999999999,0.5356415478615071,Cardio,32.1,1.9,4.0,3.0,23.82,0.25545000549586305,0.25945609209235204,0.7777777777777777,0.6022118194643888,0.21678267984153718,941.3793103448277,127086.20689655174,0.025083170512752814,0,Balanced cardio and strength training routine for steady and sustainable fitness improvement.
0.6829268292682928,Female,82.9,1.74,194.0,165.0,52.0,1.0,0.5458248472505092,Cardio,24.3,3.1,3.0,3.0,14.4,0.4006994241136597,0.12856266748763304,0.8888888888888888,0.6328273104323103,0.31928670840026363,553.5,78597.0,0.01869722557297949,5,Endurance-focused training with longer cardio sessions and attention to pacing and recovery.
0.0,Male,59.4,1.87,195.0,139.0,74.0,1.0,0.4446707399864222,Yoga,14.9,2.7,3.0,2.0,36.72,0.16106137015239008,0.10342196038370849,0.5555555555555554,0.2807586689379449,0.41885224111884123,479.0,57959.0,0.022727272727272728,7,Endurance-focused training with longer cardio sessions and attention to pacing and recovery.
0.7560975609756098,Male,58.2,1.82,171.0,154.0,67.0,0.5866666666666667,0.2179226069246436,Strength,20.8,3.5,4.0,1.0,19.11,0.17452146255796858,0.09436925172708671,0.2857142857142856,0.7608482824979963,0.6002287682859608,452.1739130434783,47026.08695652174,0.043577867423676475,10,Balanced cardio and strength training routine for steady and sustainable fitness improvement.
0.4634146341463415,Female,77.3,1.58,180.0,140.0,61.0,0.7133333333333334,0.6992532247114731,HIIT,23.5,1.5,2.0,2.0,12.32,0.4833032455220227,0.22829689396355754,0.5238095238095237,0.44684621133869107,0.09706379259423564,849.0445859872611,101036.30573248408,0.012359819052249076,-1,General fitness improvement recommended.
0.09756097560975613,Male,66.0,1.67,181.0,122.0,50.0,0.3066666666666666,0.41344195519348265,Cardio,26.3,1.5,3.0,2.0,15.29,0.31502916409317533,0.26236522274543284,0.714285714285714,0.18158426698390828,0.13810453151441668,950.0,124450.0,0.023674242424242428,-1,General fitness improvement recommended.
0.26829268292682934,Female,67.4,1.76,187.0,120.0,74.0,0.4000000000000001,0.41276306856754924,Cardio,21.4,2.3,5.0,1.0,19.6,0.27107886610480475,0.22125656195317053,0.4285714285714284,0.09894119182910677,0.2788949259451221,828.1818181818181,93584.54545454546,0.031022390072835165,-1,General fitness improvement recommended.
0.3170731707317073,Male,62.2,1.7,168.0,155.0,55.0,0.08000000000000002,0.8778004073319754,Strength,35.0,3.2,2.0,1.0,16.7,0.2656316068744733,0.81046420637072,0.4285714285714284,0.8171870894832121,0.4928757529759564,2574.1935483870966,290883.87096774194,0.08297894409293642,6,Balanced cardio and strength training routine for steady and sustainable fitness improvement.
0.6585365853658538,,67.3,1.67,198.0,155.0,54.0,0.14666666666666667,0.4772572980312288,Yoga,33.2,3.5,4.0,2.0,17.76,0.3257750881917592,0.41328445629248173,0.9206349206349205,0.4597597164296583,0.499781001391142,1397.2222222222222,201200.0,0.07223047713389467,10,Balanced cardio and strength training routine for steady and sustainable fitness improvement.
0.21951219512195125,Female,59.6,1.73,182.0,139.0,71.0,0.6133333333333333,0.6911065852002716,Strength,16.3,3.3,4.0,3.0,16.62,0.22854584807552558,0.2557110985474001,0.39682539682539675,0.41094382905281535,0.5413260741677512,930.2816901408452,103261.26760563381,0.03899234332167502,-1,General fitness improvement recommended.
0.4146341463414634,Male,40.0,1.72,182.0,120.0,70.0,0.4799999999999999,0.5940257976917855,HIIT,14.6,1.9,4.0,2.0,17.87,0.08116661532125402,0.26762073418755594,0.41269841269841256,0.14401742162304476,0.4441195349832394,965.5737704918033,108144.26229508198,0.0389344262295082,-1,General fitness improvement recommended.
0.14634146341463422,Male,41.3,1.73,180.0,156.0,74.0,0.7,0.6666666666666667,HIIT,26.2,3.2,4.0,3.0,14.93,0.08758703240426008,0.2215435506780082,0.3174603174603172,0.6741239009397124,0.814482185404011,829.0322580645161,87877.41935483871,0.04998828399593845,-1,General fitness improvement recommended.
0.7317073170731709,Male,97.0,1.73,172.0,122.0,74.0,0.8,0.40733197556008144,Cardio,12.8,3.5,4.0,2.0,22.39,0.5166256134364724,0.12102938809881397,0.19047619047619024,0.2717631074309279,0.3030799897355734,531.1764705882354,52055.29411764706,0.02122498483929654,-1,General fitness improvement recommended.
1.0,Female,47.2,1.68,185.0,159.0,70.0,0.6599999999999999,0.2722335369993211,Strength,15.4,2.2,4.0,2.0,23.79,0.1549956347208658,0.10122281380491377,0.46031746031746024,0.655695980161251,0.43312754838686285,472.4832214765101,54335.57046979866,0.0312819929473325,10,Balanced cardio and strength training routine for steady and sustainable fitness improvement.
0.3658536585365854,Male,65.7,1.97,167.0,144.0,53.0,0.4000000000000001,0.38628649015614386,Cardio,19.1,2.0,4.0,1.0,19.14,0.15973785895406312,0.2092921009763181,0.4444444444444442,0.6628961108845721,0.23339637206508132,792.7272727272726,90370.90909090907,0.02767400027674,6,Balanced cardio and strength training routine for steady and sustainable fitness improvement.
0.3170731707317073,Male,80.2,1.74,187.0,141.0,72.0,0.48666666666666664,0.6945010183299389,Strength,21.2,2.8,2.0,2.0,16.1,0.380140583183535,0.3055764561046091,0.46031746031746024,0.3860767756164929,0.28863011147688866,1078.0487804878048,123975.60975609756,0.02838432374348681,0,Balanced cardio and strength training routine for steady and sustainable fitness improvement.
0.5365853658536586,Male,59.3,2.0,166.0,141.0,74.0,0.6266666666666667,0.3380855397148676,Cardio,24.6,3.4,5.0,2.0,17.04,0.11123223826304424,0.12949068016596582,0.09523809523809512,0.629969048592526,0.565617485600075,556.25,51175.0,0.039816376241334085,10,Balanced cardio and strength training routine for steady and sustainable fitness improvement.
0.2439024390243903,Male,61.1,1.74,163.0,156.0,59.0,0.9266666666666665,0.6612355736591988,Cardio,21.5,3.4,2.0,2.0,,0.23470581956672704,0.1697871421844806,0.2857142857142856,0.9052360300892168,0.5447521959987304,675.6613756613757,70268.78306878307,0.029442582634071995,8,Endurance-focused training with longer cardio sessions and attention to pacing and recovery.
0.2439024390243903,Male,59.3,1.79,189.0,128.0,69.0,0.2733333333333334,0.3896809232858112,Strength,24.8,2.1,4.0,1.0,28.16,0.19612692370104967,0.26700065070913304,0.5396825396825395,0.18980596714706,0.2948119377185727,963.7362637362637,115648.35164835164,0.038915553249448696,2,Balanced cardio and strength training routine for steady and sustainable fitness improvement.
0.2926829268292683,,61.8,1.88,189.0,142.0,73.0,0.3466666666666666,0.4955872369314324,Cardio,23.7,2.3,4.0,1.0,21.86,0.17256067943241488,0.2835391305576604,0.47619047619047605,0.37920404181457745,0.317092553495231,1012.7450980392157,117478.43137254902,0.03648708674408275,-1,General fitness improvement recommended.
0.2926829268292683,Male,40.0,1.63,192.0,157.0,64.0,0.54,0.5261371350984385,HIIT,10.0,2.8,3.0,1.0,14.92,0.11653771514162437,0.2194744216510792,0.6666666666666665,0.5489436109641499,0.7220597674916197,822.9007633587786,105331.29770992366,0.053435114503816786,2,Balanced cardio and strength training routine for steady and sustainable fitness improvement.
0.17073170731707316,Female,61.4,1.7,172.0,166.0,72.0,0.52,0.5166327223353699,Yoga,32.5,3.0,3.0,2.0,19.45,0.25925006676938084,0.22229194799924437,0.2222222222222221,0.9258471559920061,0.4609186731768332,831.25,83125.0,0.03817182410423453,6,Balanced cardio and strength training routine for steady and sustainable fitness improvement.
0.6829268292682928,Female,80.2,1.98,172.0,155.0,73.0,0.5266666666666666,0.7141887304820094,Yoga,26.8,3.3,4.0,3.0,15.63,0.24107071869222196,0.296241936443557,0.20634920634920628,0.7623261438517366,0.36564319889954877,1050.3875968992247,103988.37209302325,0.031897001681841904,10,Balanced cardio and strength training routine for steady and sustainable fitness improvement.
0.2439024390243903,Male,58.0,1.77,179.0,157.0,74.0,0.7266666666666668,0.571622539035981,Yoga,21.3,1.5,2.0,3.0,14.72,0.1962574380977053,0.1847920646137843,0.3015873015873014,0.7007877639655304,0.17682835352882006,720.125786163522,75613.2075471698,0.01626545217957059,6,Balanced cardio and strength training routine for steady and sustainable fitness improvement.
0.21951219512195125,Male,53.0,1.91,172.0,123.0,54.0,0.39333333333333337,0.23896809232858113,Strength,34.4,3.1,3.0,2.0,21.18,0.10438795204301698,0.14456411378609174,0.5079365079365079,0.2866286539891343,0.5798848896466621,600.9174311926605,70908.25688073394,0.05366106975939068,3,"Beginner-friendly workouts focusing on light cardio, mobility, and building consistency."
0.12195121951219517,Female,51.2,1.92,187.0,169.0,55.0,0.4000000000000001,0.45213849287169044,Yoga,25.3,2.7,2.0,1.0,16.98,0.089651775226403,0.23904986289310495,0.7301587301587298,0.7689242206663414,0.5087792418515085,880.9090909090909,116280.0,0.047940340909090905,-1,General fitness improvement recommended.
0.1951219512195122,Female,51.9,1.9,182.0,129.0,55.0,1.0,0.756958587915818,Cardio,32.2,2.4,2.0,1.0,20.41,0.10089815937629204,0.18103756620790507,0.6507936507936507,0.2704562461950415,0.42858915590280966,709.0,90043.0,0.023121387283236993,7,Endurance-focused training with longer cardio sessions and attention to pacing and recovery.
0.21951219512195125,Female,56.3,1.7,191.0,134.0,72.0,0.74,0.9015614392396469,Yoga,23.4,3.3,3.0,1.0,30.84,0.21856774859941647,0.28363982169535434,0.5238095238095237,0.251994265411114,0.5814166342468029,1013.0434782608695,120552.17391304347,0.03640656200699447,-1,General fitness improvement recommended.
1.0,Male,108.3,1.53,183.0,122.0,50.0,0.23999999999999994,0.5213849287169043,HIIT,21.9,3.3,3.0,1.0,17.75,0.836011297934264,0.3620333920040068,0.746031746031746,0.16274909933741455,0.23376095334639516,1245.3488372093022,165631.3953488372,0.035431295497004446,10,Balanced cardio and strength training routine for steady and sustainable fitness improvement.
0.09756097560975613,Female,71.5,1.81,195.0,164.0,51.0,0.6799999999999999,0.4290563475899524,Yoga,22.0,2.6,3.0,2.0,14.55,0.2725992236802523,0.1493608080872061,0.9206349206349205,0.6085630289394177,0.30655315727707133,615.1315789473684,88578.94736842105,0.023923444976076555,-1,General fitness improvement recommended.
0.34146341463414637,Male,82.3,1.55,172.0,128.0,74.0,0.6799999999999999,0.4663951120162933,HIIT,26.7,2.0,3.0,1.0,20.15,0.5591807915786255,0.16157150122316377,0.19047619047619024,0.36095638678016573,0.15754878357693455,651.3157894736842,63828.947368421046,0.015987721429941804,4,"Beginner-friendly workouts focusing on light cardio, mobility, and building consistency."
0.4146341463414634,Male,96.5,1.54,168.0,160.0,70.0,0.6199999999999999,0.8621860149355056,Yoga,35.0,3.4,4.0,1.0,20.43,0.7075022681818979,0.3129840961090393,0.19047619047619024,0.8932845301978394,0.2925885043641052,1100.0,107800.0,0.024638573861371787,6,Balanced cardio and strength training routine for steady and sustainable fitness improvement.
0.6341463414634148,Male,40.0,1.91,181.0,124.0,71.0,0.7,0.8431771894093685,Cardio,26.5,3.4,3.0,1.0,35.01,0.02223749641257805,0.2781496026115037,0.38095238095238093,0.20983701845364844,0.9073532558305398,996.7741935483871,109645.16129032258,0.05483870967741935,-1,General fitness improvement recommended.
0.6097560975609757,Male,65.2,1.5,182.0,157.0,68.0,1.0,0.7562797012898845,Yoga,26.7,3.1,4.0,2.0,14.95,0.4375006631048464,0.18086883663002637,0.4444444444444442,0.6638214781968088,0.44468791991679435,708.5,80769.0,0.023773006134969323,5,Endurance-focused training with longer cardio sessions and attention to pacing and recovery.
0.0,Male,53.9,1.62,170.0,169.0,72.0,0.5866666666666667,0.3441955193482688,Cardio,24.7,3.4,3.0,1.0,29.34,0.24293645852061524,0.13985287706829833,0.19047619047619024,1.0,0.6365749546896194,586.9565217391305,57521.73913043479,0.04570998359818236,6,Balanced cardio and strength training routine for steady and sustainable fitness improvement.
0.09756097560975613,,69.6,1.8,186.0,136.0,73.0,0.5800000000000001,0.5281737949762388,Cardio,28.6,2.0,5.0,3.0,21.14,0.26468619352557055,0.20805154110711052,0.4285714285714284,0.3277087127575107,0.21232519037535655,789.0510948905109,89162.77372262772,0.02097491400285259,-1,General fitness improvement recommended.
0.0,,62.9,1.72,191.0,157.0,63.0,0.54,0.14324507807196196,Strength,26.3,2.2,3.0,2.0,12.32,0.2596147231223979,0.07418666298912477,0.6666666666666665,0.559890088365377,0.28941371045861375,392.36641221374043,50222.900763358775,0.026699353147489658,3,"Beginner-friendly workouts focusing on light cardio, mobility, and building consistency."
0.0,,69.1,1.64,183.0,139.0,73.0,0.5466666666666666,0.47454175152749484,,26.0,1.5,5.0,1.0,16.27,0.36174228451278995,0.19794120210084273,0.38095238095238093,0.40027291428930134,0.12550948231363937,759.090909090909,83499.99999999999,0.016445204578344957,-1,General fitness improvement recommended.
0.4634146341463415,Female,61.3,1.96,193.0,169.0,65.0,1.0,0.4372029871011541,Yoga,31.1,3.5,5.0,1.0,24.18,0.13732612169430186,0.10156593502704292,0.6666666666666665,0.6970871908216805,0.5626610189586281,473.5,60608.0,0.028548123980424146,5,Endurance-focused training with longer cardio sessions and attention to pacing and recovery.
0.4634146341463415,Female,78.5,1.5,189.0,169.0,60.0,0.78,0.44195519348268836,HIIT,17.9,2.4,3.0,3.0,21.98,0.5737713614489788,0.1345550933942109,0.6825396825396823,0.7444717572447903,0.23502507839696327,571.2574850299402,73692.21556886229,0.01830733437583432,-1,General fitness improvement recommended.
0.5609756097560976,Female,40.0,1.78,182.0,155.0,68.0,0.6733333333333333,0.7284453496266123,HIIT,29.8,2.1,2.0,3.0,12.32,0.06050730846614699,0.24929147399589205,0.4444444444444442,0.6357239616252537,0.5058840310962129,911.2582781456954,103883.44370860928,0.034768211920529805,-1,General fitness improvement recommended.
0.0,Male,49.9,1.75,182.0,158.0,74.0,1.0,0.494908350305499,Strength,23.1,3.1,5.0,1.0,17.64,0.14509473313026477,0.11590794914673141,0.3492063492063491,0.6778702364825864,0.624771402872788,516.0,55728.0,0.031062124248496997,8,Endurance-focused training with longer cardio sessions and attention to pacing and recovery.
0.6829268292682928,Female,69.9,1.68,173.0,168.0,64.0,0.6199999999999999,0.41276306856754924,Strength,35.0,3.4,3.0,2.0,18.95,0.3404088360364041,0.15676174568149856,0.3650793650793649,0.9411423426241488,0.45821315033376764,637.0629370629371,69439.86013986015,0.0340146262893044,10,Balanced cardio and strength training routine for steady and sustainable fitness improvement.
0.14634146341463422,Male,62.5,1.58,175.0,137.0,51.0,1.0,0.6300067888662593,Strength,32.2,3.6,4.0,1.0,36.26,0.3466308205425452,0.14948513514459036,0.603174603174603,0.4598335078873208,0.5688838171314456,615.5,76322.0,0.0288,7,Endurance-focused training with longer cardio sessions and attention to pacing and recovery.
0.09756097560975613,Male,40.0,1.67,162.0,146.0,59.0,0.36000000000000004,0.34215885947046837,Strength,24.1,1.5,3.0,1.0,13.05,0.10011068212149898,0.20363435044535091,0.26984126984126977,0.762509669117887,0.3205905427572926,775.9615384615385,79924.03846153845,0.036057692307692304,6,Balanced cardio and strength training routine for steady and sustainable fitness improvement.
0.6341463414634148,Female,75.2,1.9,185.0,131.0,65.0,0.2933333333333333,0.6788866259334692,Cardio,18.0,3.4,3.0,2.0,,0.24969101465905186,0.4095548545119481,0.5396825396825395,0.2687096438135663,0.415865563357092,1386.1702127659576,166340.4255319149,0.0480986871887732,9,High-intensity interval training with strength conditioning and proper recovery.
0.6097560975609757,Male,70.1,1.72,187.0,129.0,54.0,0.6199999999999999,0.4623217922606924,HIIT,25.0,1.6,3.0,1.0,25.52,0.31572067841358725,0.1739886816047772,0.746031746031746,0.2219992991665578,0.13930601957263825,688.1118881118881,91518.88111888112,0.015961214249374026,10,Balanced cardio and strength training routine for steady and sustainable fitness improvement.
0.0,Male,40.0,1.7,190.0,120.0,64.0,0.5533333333333335,0.8730482009504412,Yoga,26.8,3.1,2.0,1.0,18.76,0.08854386895815775,0.34495391086500127,0.6349206349206349,0.07303422186332731,0.8147065116610799,1194.7368421052631,150536.84210526315,0.05827067669172932,2,Balanced cardio and strength training routine for steady and sustainable fitness improvement.
1.0,Female,73.6,1.6,164.0,158.0,58.0,0.5666666666666667,0.6198234894772572,\nStrength,30.0,2.3,5.0,2.0,15.78,0.43224963055587123,0.24574223470256942,0.3174603174603172,0.9214962643164335,0.2433849226160759,900.7407407407406,95478.51851851851,0.023148148148148147,10,Balanced cardio and strength training routine for steady and sustainable fitness improvement.
0.0,Male,40.0,1.65,160.0,144.0,73.0,1.0,0.5261371350984385,\tYoga,17.4,3.5,2.0,1.0,21.36,0.10817486928144493,0.12366950972915106,0.015873015873015817,0.7593530345400952,0.9382355038870266,539.0,46893.0,0.04375,-1,General fitness improvement recommended.
0.6097560975609757,Male,72.6,1.64,166.0,152.0,54.0,0.4799999999999999,0.60081466395112,Cardio,21.3,2.5,2.0,2.0,12.97,0.39174176313554526,0.2703867928413049,0.41269841269841256,0.7994004587619616,0.28273213949245357,973.7704918032787,109062.29508196721,0.028225624350810642,10,Balanced cardio and strength training routine for steady and sustainable fitness improvement.
0.43902439024390244,Male,87.6,1.81,179.0,140.0,56.0,0.26666666666666666,0.2321792260692464,HIIT,22.1,3.6,2.0,1.0,18.22,0.3858919648778068,0.18362475306871162,0.5873015873015872,0.45795615426611525,0.36501021461936267,716.6666666666666,88150.0,0.04566210045662101,-1,General fitness improvement recommended.
0.5365853658536586,Male,40.0,1.73,194.0,149.0,72.0,0.37333333333333335,0.3448744059742023,HIIT,19.4,2.7,2.0,3.0,36.56,0.07757356462433412,0.1999671146997292,0.5714285714285712,0.42195110358600196,0.6911775194351331,765.0943396226414,93341.50943396226,0.06367924528301887,10,Balanced cardio and strength training routine for steady and sustainable fitness improvement.
1.0,Female,40.0,1.84,167.0,137.0,53.0,0.9133333333333333,0.2566191446028513,Yoga,23.7,2.2,2.0,2.0,14.55,0.04183588106703329,0.06467190449291627,0.4444444444444442,0.555721751267324,0.5367662791526996,364.17112299465236,41515.50802139037,0.029411764705882356,10,Balanced cardio and strength training routine for steady and sustainable fitness improvement.
0.48780487804878053,Male,41.4,1.71,183.0,168.0,73.0,0.2933333333333333,0.6449422946367955,Yoga,30.8,3.2,3.0,1.0,14.6,0.09586034691798218,0.39160489941847065,0.38095238095238093,0.8054605986189909,0.8121702883907405,1332.9787234042553,146627.6595744681,0.0822283893514236,-1,General fitness improvement recommended.
0.6585365853658538,Female,40.0,1.69,162.0,147.0,68.0,0.4599999999999999,0.45892735913102506,HIIT,25.2,2.4,4.0,2.0,12.75,0.0923310999648213,0.21940298568892644,0.12698412698412698,0.7782928420068469,0.5985307752656729,822.6890756302521,77332.7731092437,0.05042016806722689,10,Balanced cardio and strength training routine for steady and sustainable fitness improvement.
0.5121951219512195,Female,69.9,1.85,164.0,147.0,50.0,0.5333333333333334,0.8547182620502376,Yoga,27.7,3.7,3.0,3.0,12.87,0.24030006245073426,0.3472491796167113,0.4444444444444442,0.7499986174376141,0.511229885194689,1201.5384615384614,136975.3846153846,0.040717508528667325,-1,General fitness improvement recommended.
0.17073170731707316,Female,51.0,1.76,167.0,127.0,70.0,0.14666666666666667,0.5539714867617107,,25.1,2.6,4.0,3.0,12.64,0.14902490706354632,0.4662467960155145,0.17460317460317443,0.402615523242684,0.4871124685520739,1554.1666666666667,150754.1666666667,0.07080610021786493,1,High-intensity interval training with strength conditioning and proper recovery.
0.7804878048780488,Female,92.6,1.91,171.0,137.0,54.0,0.7333333333333334,0.0,Strength,25.2,2.3,3.0,1.0,21.42,0.35463087842496926,0.005685352397478326,0.49206349206349187,0.5066561296547492,0.1641782928815663,189.375,22156.875,0.015523758099352051,10,Balanced cardio and strength training routine for steady and sustainable fitness improvement.
0.07317073170731708,Female,52.7,1.53,182.0,134.0,50.0,0.4599999999999999,0.5342837746096403,Strength,31.5,3.4,3.0,3.0,25.06,0.28845940002818354,0.2508802682847826,0.7301587301587298,0.34070003762392864,0.6543180620773908,915.9663865546219,120907.56302521008,0.05421523448088913,2,Balanced cardio and strength training routine for steady and sustainable fitness improvement.
0.04878048780487804,Male,40.0,1.78,192.0,149.0,57.0,0.2866666666666667,0.5241004752206382,Strength,25.5,1.9,4.0,1.0,22.57,0.06050730846614699,0.3318527800868711,0.7777777777777777,0.4424071939636711,0.4441195349832394,1155.9139784946235,156048.38709677418,0.0510752688172043,2,Balanced cardio and strength training routine for steady and sustainable fitness improvement.
0.7804878048780488,Male,40.0,1.92,168.0,144.0,55.0,0.6533333333333333,0.2640868974881195,Cardio,16.0,2.5,5.0,1.0,18.29,0.019611325830775683,0.09956398138680658,0.4285714285714284,0.6497727199110312,0.6294130233221596,467.56756756756755,52835.13513513513,0.04222972972972973,10,Balanced cardio and strength training routine for steady and sustainable fitness improvement.
0.8292682926829269,Female,81.7,1.59,164.0,136.0,67.0,0.94,0.4901561439239647,HIIT,28.2,3.4,2.0,2.0,19.89,0.5144752587599479,0.12287621569284185,0.17460317460317443,0.5785009705587947,0.37143096336436077,536.6492146596859,52054.97382198953,0.02178830736893372,5,Endurance-focused training with longer cardio sessions and attention to pacing and recovery.
0.5609756097560976,Male,65.9,1.93,188.0,124.0,74.0,0.5733333333333335,0.7576374745417516,Yoga,22.6,1.5,2.0,2.0,17.6,0.1773203277411478,0.29387795273159956,0.4444444444444442,0.14461524112456714,0.1385305523180653,1043.3823529411764,118945.5882352941,0.016736588413817727,9,High-intensity interval training with strength conditioning and proper recovery.
0.09756097560975613,Male,55.0,1.88,176.0,131.0,74.0,1.0,0.7752885268160217,Yoga,16.3,1.9,,1.0,26.04,0.128207314594933,0.18559326481062965,0.25396825396825395,0.36129424011103395,0.2840933405087175,722.5,73695.0,0.017272727272727273,8,Endurance-focused training with longer cardio sessions and attention to pacing and recovery.
0.024390243902439046,,92.2,1.73,170.0,150.0,74.0,1.0,0.15953835709436526,Cardio,10.0,2.2,2.0,1.0,15.3,0.4796528093259767,0.03255553767465943,0.1587301587301586,0.7142317285163631,0.15211146713459409,269.0,25824.0,0.011930585683297181,8,Endurance-focused training with longer cardio sessions and attention to pacing and recovery.
0.3170731707317073,Female,67.9,1.7,163.0,124.0,68.0,0.6199999999999999,0.7026476578411405,Cardio,13.0,3.1,5.0,1.0,13.87,0.311100080123257,0.25752752156149844,0.1428571428571428,0.40327303465137887,0.4213330750770541,935.6643356643357,88888.11188811189,0.03192683605054739,1,High-intensity interval training with strength conditioning and proper recovery.
0.34146341463414637,Female,86.0,1.6,164.0,144.0,65.0,0.39333333333333337,0.606245756958588,HIIT,17.4,1.5,2.0,1.0,20.18,0.5439141184494714,0.3120553094418171,0.20634920634920628,0.7032265319252087,0.0728143664901319,1097.2477064220182,108627.5229357798,0.01600170684873053,6,Balanced cardio and strength training routine for steady and sustainable fitness improvement.
0.26829268292682934,Female,60.6,1.83,172.0,161.0,60.0,0.5466666666666666,0.3102511880515954,Strength,25.0,3.3,5.0,2.0,18.03,0.18662796315606484,0.1360736902119904,0.41269841269841256,0.8515194232009744,0.5300394528433657,575.7575757575758,64484.84848484848,0.04125412541254125,6,Balanced cardio and strength training routine for steady and sustainable fitness improvement.
0.39024390243902446,Male,47.8,1.69,182.0,153.0,68.0,0.7533333333333332,0.6422267481330617,Yoga,20.2,1.5,4.0,3.0,12.32,0.15528962603577212,0.2003596907519762,0.4444444444444442,0.607626445053699,0.2450001029537582,766.2576687116565,87353.37423312884,0.019251995790230254,5,Endurance-focused training with longer cardio sessions and attention to pacing and recovery.
0.024390243902439046,Male,79.4,1.77,165.0,150.0,73.0,0.48666666666666664,0.5736591989137814,Cardio,24.1,3.3,3.0,2.0,22.64,0.3537284431327958,0.2567409034828099,0.09523809523809512,0.782597343703836,0.37076447221934283,933.3333333333334,85866.66666666667,0.033790010444185045,6,Balanced cardio and strength training routine for steady and sustainable fitness improvement.
0.3658536585365854,Female,62.4,1.72,168.0,164.0,74.0,0.2733333333333334,0.5016972165648337,Yoga,27.1,3.4,5.0,2.0,29.29,0.2557184762271764,0.328188299829976,0.12698412698412698,0.9541624827695419,0.5304314590385485,1145.054945054945,107635.16483516482,0.05987602141448295,-1,General fitness improvement recommended.
0.7073170731707319,Male,71.3,1.83,186.0,163.0,68.0,0.3,0.36252545824847254,Strength,22.6,1.5,5.0,2.0,18.61,0.2602851209801913,0.23909830200637158,0.5079365079365079,0.6988678429527266,0.11723548718197,881.0526315789474,103964.21052631579,0.022145124381781945,10,Balanced cardio and strength training routine for steady and sustainable fitness improvement.
0.4634146341463415,Male,116.2,1.65,194.0,160.0,74.0,0.9866666666666666,0.49762389680923286,Yoga,22.1,2.4,4.0,1.0,23.58,0.7534136199073629,0.11834856283887565,0.5396825396825395,0.5669284957928387,0.11249415525101822,523.2323232323232,62787.878787878784,0.01043133573254055,-1,General fitness improvement recommended.
0.7804878048780488,Male,55.8,1.81,161.0,126.0,55.0,0.5466666666666666,0.4114052953156823,Yoga,23.6,2.9,4.0,2.0,12.32,0.1621212089720781,0.17416567067248212,0.3174603174603172,0.4591982596865729,0.49935337648928557,688.6363636363636,72995.45454545454,0.03937221679157163,-1,General fitness improvement recommended.
0.7560975609756098,Male,53.5,1.79,167.0,158.0,64.0,0.54,0.6551255940257976,Yoga,,1.9,2.0,1.0,27.68,0.15439626015997748,0.2684188793563476,0.26984126984126977,0.8772448301190678,0.29605791579653207,967.9389312977099,99697.70992366412,0.027109937932510517,10,Balanced cardio and strength training routine for steady and sustainable fitness improvement.
0.853658536585366,Female,55.9,1.78,182.0,125.0,58.0,0.6333333333333333,0.6822810590631365,Yoga,21.1,1.5,3.0,2.0,12.32,0.17619588525928515,0.2461904563143034,0.603174603174603,0.2142612130519319,0.1888299674178995,902.0689655172414,111856.55172413793,0.018505952748133984,9,High-intensity interval training with strength conditioning and proper recovery.
0.26829268292682934,Female,80.7,1.74,192.0,121.0,72.0,0.6199999999999999,0.36388323150033947,Strength,26.5,1.5,4.0,1.0,12.32,0.383947775948373,0.13977079518182645,0.5396825396825395,0.06952973446199606,0.08696461415152895,586.7132867132867,70405.59440559441,0.012998154262094783,-1,General fitness improvement recommended.
0.6829268292682928,Male,69.0,1.88,177.0,120.0,74.0,0.7533333333333332,0.5974202308214529,Strength,23.4,3.6,4.0,2.0,14.54,0.21952306573092517,0.18669570039615607,0.26984126984126977,0.19164033106635792,0.5018559117844973,725.7668711656443,74753.98773006136,0.03200853560949587,-1,General fitness improvement recommended.
0.39024390243902446,Male,60.5,1.8,171.0,120.0,68.0,0.7133333333333334,0.7800407331975561,Cardio,27.1,3.2,3.0,1.0,12.32,0.19993768919539068,0.25387500831714216,0.26984126984126977,0.2524639768115018,0.510733309716653,924.8407643312102,95258.59872611465,0.033689529925777756,-1,General fitness improvement recommended.
0.6341463414634148,,71.6,1.73,167.0,138.0,71.0,0.6333333333333333,0.4731839782756279,Strength,23.6,2.6,2.0,3.0,21.12,0.32097785835176523,0.1745094770223917,0.1587301587301586,0.5710323740697878,0.30592578809359783,689.6551724137931,66206.89655172414,0.025043344249662883,10,Balanced cardio and strength training routine for steady and sustainable fitness improvement.
0.8048780487804879,Female,96.3,1.88,166.0,127.0,59.0,0.5466666666666666,0.7189409368635438,Strength,28.1,1.9,2.0,2.0,16.31,0.39758878044610985,0.28997551730739995,0.33333333333333326,0.41432907201324376,0.10107965184695883,1031.8181818181818,110404.54545454544,0.014946977563799993,-1,General fitness improvement recommended.
0.7073170731707319,Male,48.4,1.65,196.0,148.0,60.0,0.5266666666666666,0.7155465037338764,Cardio,11.3,1.5,3.0,2.0,12.51,0.17930355045280594,0.29676512893310336,0.7936507936507935,0.3888672088894509,0.24019460773420745,1051.937984496124,143063.56589147286,0.02402460119162022,9,High-intensity interval training with strength conditioning and proper recovery.
0.8292682926829269,Male,77.8,1.59,183.0,135.0,50.0,0.5800000000000001,0.438560760353021,Cardio,27.3,2.9,4.0,2.0,23.73,0.47891182252102477,0.17553722828961146,0.746031746031746,0.3443849578300342,0.3178119343203337,692.7007299270073,92129.19708029197,0.027208076107556337,10,Balanced cardio and strength training routine for steady and sustainable fitness improvement.
0.17073170731707316,Male,85.5,1.8,168.0,156.0,69.0,0.5933333333333333,0.23150033944331294,Strength,15.7,3.3,2.0,1.0,12.32,0.37781819559698376,0.0981270077311413,0.20634920634920628,0.8324065776261378,0.3341353883961026,463.30935251798564,45867.62589928058,0.02776725987630948,8,Endurance-focused training with longer cardio sessions and attention to pacing and recovery.
0.2439024390243903,,74.9,1.74,196.0,163.0,54.0,0.49333333333333335,0.5709436524100475,Cardio,30.7,1.6,2.0,1.0,25.53,0.3397843398762533,0.2531123104101499,0.8888888888888888,0.5845463421556363,0.12123717913497864,922.5806451612904,131006.45161290323,0.017227270769628322,0,Balanced cardio and strength training routine for steady and sustainable fitness improvement.
0.2926829268292683,Male,67.4,1.79,185.0,169.0,59.0,0.5133333333333334,0.7433808553971486,Cardio,18.9,3.4,5.0,3.0,25.14,0.254405953818754,0.3132498119797144,0.6349206349206349,0.7939053859997096,0.4805001061358365,1100.7874015748032,138699.2125984252,0.039720554218556504,6,Balanced cardio and strength training routine for steady and sustainable fitness improvement.
0.43902439024390244,Male,71.0,1.66,168.0,131.0,74.0,0.4000000000000001,0.17922606924643586,HIIT,20.3,3.7,4.0,1.0,28.31,0.36345193690171346,0.11572388051631827,0.12698412698412698,0.45191937405299965,0.5010994574536586,515.4545454545454,48452.727272727265,0.047375160051216385,4,"Beginner-friendly workouts focusing on light cardio, mobility, and building consistency."
0.902439024390244,Male,94.8,2.0,192.0,169.0,50.0,0.5866666666666667,0.7841140529531567,Strength,23.2,2.3,3.0,3.0,,0.3158303967261567,0.29831195890219686,0.8888888888888888,0.7087482364648681,0.15705796338644532,1056.5217391304348,150026.08695652173,0.017580872011251757,9,High-intensity interval training with strength conditioning and proper recovery.
0.07317073170731708,Male,47.8,1.62,173.0,129.0,74.0,0.7266666666666668,0.9063136456211811,HIIT,25.8,2.4,3.0,2.0,12.32,0.18935270103667856,0.289425626744845,0.20634920634920628,0.36473721943080784,0.47758607158001787,1030.1886792452829,101988.679245283,0.0315781163653588,1,High-intensity interval training with strength conditioning and proper recovery.
0.5609756097560976,Male,40.0,1.74,166.0,154.0,71.0,0.4199999999999999,0.7148676171079429,HIIT,20.1,2.8,3.0,3.0,15.67,0.07404228489056752,0.34673001168477696,0.1428571428571428,0.8302061697018592,0.7220597674916197,1200.0,114000.0,0.061946902654867256,-1,General fitness improvement recommended.
0.8048780487804879,Male,43.9,1.78,194.0,136.0,51.0,0.32,0.6720977596741344,Strength,27.0,1.5,2.0,1.0,15.75,0.08888375183050162,0.38701850272928,0.9047619047619047,0.25061418552337633,0.2794376609508127,1319.3877551020407,188672.44897959183,0.0348658825717075,-1,General fitness improvement recommended.
0.7073170731707319,Male,59.6,1.88,192.0,125.0,50.0,0.5466666666666666,0.5465037338764427,Yoga,30.6,2.3,3.0,2.0,12.32,0.158211061396759,0.22504019491166236,0.8888888888888888,0.12279794296223501,0.3340626643926726,839.3939393939394,119193.93939393939,0.029235306080943657,10,Balanced cardio and strength training routine for steady and sustainable fitness improvement.
0.09756097560975613,Female,56.1,1.91,167.0,122.0,70.0,0.5999999999999999,0.5974202308214529,Cardio,24.9,2.7,2.0,1.0,12.32,0.12397767607796778,0.22693201139090827,0.17460317460317443,0.3260624092303639,0.4518813834252442,845.0,81965.0,0.034377387318563796,1,High-intensity interval training with strength conditioning and proper recovery.
0.0,Male,56.5,1.93,177.0,156.0,52.0,0.6866666666666668,0.7576374745417516,Strength,22.3,3.5,4.0,2.0,16.43,0.11914396109541847,0.25475584962541353,0.6190476190476188,0.7116825021873385,0.6225806675574502,927.4509803921568,115931.3725490196,0.04048817166984788,-1,General fitness improvement recommended.
0.5121951219512195,Male,83.7,1.52,187.0,152.0,58.0,0.7666666666666666,0.9124236252545823,Strength,29.3,3.2,,,15.84,0.6046306235725665,0.2786246184319246,0.6825396825396823,0.5364811290289335,0.32963014941659874,998.1818181818182,128765.45454545456,0.023170775858947903,-1,General fitness improvement recommended.
0.39024390243902446,Female,79.1,1.73,188.0,151.0,58.0,0.5466666666666666,0.6028513238289206,Yoga,30.7,3.6,,2.0,18.31,0.37874786477441497,0.2462592175842853,0.6984126984126982,0.5118258699347278,0.4195620962632267,902.2727272727273,117295.45454545454,0.03447879554074245,-1,General fitness improvement recommended.
0.6829268292682928,Female,56.7,1.97,199.0,160.0,56.0,0.5333333333333334,0.6191446028513239,HIIT,26.4,2.4,3.0,1.0,16.02,0.10627607878275791,0.25717354342608856,0.9047619047619047,0.5139445242234149,0.3802308630780209,934.6153846153845,133650.0,0.03256003256003256,-1,General fitness improvement recommended.
0.6097560975609757,Female,47.1,1.81,166.0,149.0,69.0,0.17333333333333328,0.471826205023761,HIIT,22.2,3.0,4.0,1.0,29.69,0.100900907828058,0.38491617930995375,0.17460317460317443,0.7531918923521155,0.6441656895911819,1313.157894736842,127376.31578947368,0.08380824673147838,-1,General fitness improvement recommended.
0.8048780487804879,Male,65.1,1.85,185.0,130.0,60.0,1.0,0.2810590631364562,Cardio,22.2,1.9,2.0,2.0,15.62,0.20796816897453163,0.06275813211494463,0.6190476190476188,0.2548887032297207,0.21788690674762493,358.5,44812.5,0.014592933947772658,5,Endurance-focused training with longer cardio sessions and attention to pacing and recovery.
0.902439024390244,Female,60.6,1.68,185.0,124.0,70.0,0.5666666666666667,0.7766463000678887,HIIT,24.0,2.0,4.0,1.0,18.66,0.264446599374091,0.3034852457988316,0.46031746031746024,0.17196305972664527,0.2650432648999156,1071.8518518518517,123262.96296296295,0.024446889133357776,9,High-intensity interval training with strength conditioning and proper recovery.
0.5853658536585367,Female,101.0,1.56,186.0,168.0,56.0,0.4599999999999999,0.23557365919891377,HIIT,27.6,3.6,4.0,1.0,24.46,0.7262324277215719,0.1261054543912989,0.6984126984126982,0.7676010152110999,0.2976581803391095,546.2184873949581,71008.40336134455,0.029952575089441724,-1,General fitness improvement recommended.
0.3170731707317073,Female,66.4,1.76,175.0,140.0,69.0,0.7,0.2287847929395791,Strength,24.7,3.5,4.0,2.0,29.07,0.2636365515291183,0.08111699876606768,0.3174603174603172,0.5036656337389465,0.5084885580407358,412.9032258064516,43767.74193548387,0.03400699572483482,4,"Beginner-friendly workouts focusing on light cardio, mobility, and building consistency."
0.7560975609756098,Male,97.1,2.0,174.0,153.0,74.0,0.5066666666666666,0.31228784792939573,Strength,10.0,2.6,2.0,2.0,23.64,0.32908605206320335,0.146129291317892,0.2222222222222221,0.7064521929950298,0.1881244632976973,605.5555555555555,60555.555555555555,0.021251205597240617,10,Balanced cardio and strength training routine for steady and sustainable fitness improvement.
0.26829268292682934,Male,73.7,1.88,192.0,141.0,59.0,0.7866666666666666,0.3163611676849966,Cardio,,3.2,3.0,3.0,24.55,0.2501790678980082,0.09624693595296235,0.746031746031746,0.33587077696319256,0.39371065518411674,457.73809523809524,60879.166666666664,0.025844801964204953,-1,General fitness improvement recommended.
0.6341463414634148,Male,86.1,1.73,178.0,140.0,51.0,0.4133333333333334,0.6388323150033943,Strength,22.7,3.4,3.0,3.0,19.23,0.4326665374355548,0.31659972992072544,0.6507936507936507,0.4691909280129489,0.34516004324357996,1110.7142857142856,141060.71428571426,0.0352580056412809,9,High-intensity interval training with strength conditioning and proper recovery.
0.4634146341463415,Female,58.7,1.78,195.0,154.0,59.0,0.56,0.48336727766463,Cardio,29.5,2.8,2.0,3.0,18.67,0.19656871639266799,0.1973917435025946,0.7936507936507935,0.4774412849388283,0.4465922192398917,757.4626865671642,103014.92537313432,0.035597142058023334,-1,General fitness improvement recommended.
0.4634146341463415,Female,69.1,1.74,175.0,127.0,53.0,0.74,0.7522063815342837,Strength,31.9,3.6,2.0,2.0,18.07,0.2956209038041335,0.2375273904738495,0.5714285714285712,0.313726421715236,0.5009232068787455,876.3975155279503,106920.49689440994,0.03235925969204771,-1,General fitness improvement recommended.
0.6829268292682928,Female,73.0,1.73,164.0,150.0,54.0,0.9133333333333333,0.49830278343516626,Cardio,25.1,3.4,2.0,,15.27,0.33176159288399326,0.12891546569592482,0.38095238095238093,0.7967707029500195,0.4326973336472786,554.5454545454545,60999.99999999999,0.024906600249065998,5,Endurance-focused training with longer cardio sessions and attention to pacing and recovery.
0.853658536585366,Male,67.3,1.5,199.0,151.0,60.0,0.36000000000000004,0.19687712152070602,HIIT,15.8,3.4,4.0,2.0,12.32,0.4590170891591831,0.13419563954912153,0.841269841269841,0.3983070062731462,0.48142602483453767,570.1923076923076,79256.73076923077,0.04857698022631158,10,Balanced cardio and strength training routine for steady and sustainable fitness improvement.
0.7073170731707319,Female,59.2,1.67,182.0,169.0,57.0,0.37333333333333335,0.6442634080108622,HIIT,31.5,2.2,3.0,2.0,23.65,0.2588197149621216,0.34036285780256226,0.6190476190476188,0.8324065776261378,0.31641726599290254,1181.132075471698,147641.50943396226,0.03505864354920959,10,Balanced cardio and strength training routine for steady and sustainable fitness improvement.
0.6829268292682928,Female,119.6,1.71,176.0,129.0,53.0,0.5066666666666666,0.5709436524100475,HIIT,23.9,1.7,4.0,2.0,12.32,0.7123813707674929,0.24817051222547967,0.5873015873015872,0.33223885365635786,0.03294150985657207,907.936507936508,111676.19047619047,0.011280989541859108,10,Balanced cardio and strength training routine for steady and sustainable fitness improvement.
0.853658536585366,Male,80.1,1.69,188.0,167.0,74.0,1.0,0.606245756958588,Strength,13.0,2.3,3.0,1.0,14.85,0.41600249681676055,0.1435795999188363,0.4444444444444442,0.7294321684888971,0.21205929646639368,598.0,68172.0,0.01435705368289638,5,Endurance-focused training with longer cardio sessions and attention to pacing and recovery.
0.5853658536585367,Male,59.1,1.65,183.0,138.0,71.0,1.0,0.4439918533604888,Strength,21.2,2.0,2.0,2.0,35.06,0.2699079419448968,0.1032532308058298,0.41269841269841256,0.38630092517448444,0.275390636549406,478.5,53592.0,0.01692047377326565,-1,General fitness improvement recommended.
0.7317073170731709,,88.8,1.91,183.0,156.0,67.0,0.24666666666666665,0.37338764426340804,Cardio,32.5,3.3,3.0,2.0,19.12,0.33061766831761025,0.2726441510529851,0.47619047619047605,0.6377967292411881,0.31641726599290254,980.4597701149426,113733.33333333334,0.042715128922025475,10,Balanced cardio and strength training routine for steady and sustainable fitness improvement.
0.43902439024390244,Male,53.4,1.75,177.0,120.0,70.0,0.12000000000000005,0.6476578411405296,Yoga,26.7,2.7,5.0,2.0,35.28,0.17144137727843212,0.5655821994627225,0.33333333333333326,0.19164033106635792,0.48194161406365577,1848.5294117647059,197792.64705882352,0.07435558493060146,10,Balanced cardio and strength training routine for steady and sustainable fitness improvement.
0.0,Male,98.9,1.58,181.0,126.0,68.0,0.6533333333333333,0.6972165648336728,Cardio,27.5,3.1,3.0,2.0,12.32,0.6827711090055846,0.24503623907140534,0.4285714285714284,0.2380897699233886,0.24455588753227228,898.6486486486486,101547.2972972973,0.021178913999945342,-1,General fitness improvement recommended.
0.5609756097560976,Female,112.2,1.81,188.0,159.0,53.0,0.4399999999999999,0.46978954514596055,Yoga,30.3,3.3,3.0,2.0,18.28,0.5589976439746913,0.23123752475746792,0.7777777777777777,0.6206290192118122,0.22067738728042388,857.7586206896552,115797.41379310345,0.02535496957403651,0,Balanced cardio and strength training routine for steady and sustainable fitness improvement.
0.2926829268292683,Male,101.6,1.73,190.0,133.0,56.0,0.5866666666666667,0.505091649694501,Cardio,22.1,3.2,3.0,3.0,40.75,0.5520578840423642,0.19780781903532604,0.7619047619047619,0.24797823293779753,0.24642451396021833,758.6956521739131,101665.21739130435,0.02282323405226521,-1,General fitness improvement recommended.
0.024390243902439046,Female,74.7,1.85,194.0,127.0,74.0,0.10000000000000003,0.5444670739986421,Cardio,19.4,3.6,2.0,2.0,16.46,0.27263195592693673,0.5154595895634652,0.5396825396825395,0.13199631917232812,0.45267726637238637,1700.0,204000.0,0.07414272474513439,2,Balanced cardio and strength training routine for steady and sustainable fitness improvement.
0.09756097560975613,Male,68.4,1.86,175.0,129.0,66.0,0.9933333333333334,0.40190088255261375,Cardio,20.0,3.6,5.0,1.0,16.16,0.22525558270799206,0.09355085613414221,0.3650793650793649,0.34294783894965275,0.50750941257287,449.74874371859295,49022.61306532663,0.026448029621793174,7,Endurance-focused training with longer cardio sessions and attention to pacing and recovery.
0.09756097560975613,Female,86.2,1.93,167.0,145.0,62.0,0.8266666666666667,0.2287847929395791,Strength,18.6,3.3,3.0,1.0,29.48,0.3029565237952226,0.06590193264070729,0.3015873015873014,0.6782067336870359,0.33026363669609937,367.81609195402297,38620.68965517241,0.022001760140811264,-1,General fitness improvement recommended.
0.8048780487804879,Male,98.9,1.85,181.0,138.0,70.0,0.6599999999999999,0.3774609640190088,Cardio,25.0,1.5,2.0,2.0,25.3,0.4356385855361244,0.13632762530987577,0.39682539682539675,0.40760627874182975,0.04471120850141802,576.510067114094,63992.61744966443,0.010179084018159486,10,Balanced cardio and strength training routine for steady and sustainable fitness improvement.
0.21951219512195125,Female,50.6,2.0,174.0,129.0,68.0,0.56,0.5947046843177188,HIIT,31.0,2.0,5.0,2.0,24.12,0.06109128111856316,0.23869271480424367,0.3174603174603172,0.35377991602792824,0.3456137081785565,879.8507462686566,93264.1791044776,0.0294967848504513,1,High-intensity interval training with strength conditioning and proper recovery.
0.9268292682926831,Female,68.1,2.0,168.0,160.0,74.0,0.5933333333333333,0.7107942973523422,Yoga,23.8,3.3,5.0,2.0,17.05,0.16194952824826647,0.2695271256913628,0.12698412698412698,0.8932845301978394,0.45595546265246567,971.2230215827338,91294.96402877699,0.034861978258802655,10,Balanced cardio and strength training routine for steady and sustainable fitness improvement.
0.09756097560975613,Female,53.0,1.83,199.0,129.0,74.0,0.25333333333333335,0.16089613034623218,Strength,11.9,3.1,4.0,2.0,15.29,0.13431072956135814,0.1488562339906789,0.6190476190476188,0.11563751795026844,0.5798848896466621,613.6363636363636,76704.54545454546,0.06646655231560893,3,"Beginner-friendly workouts focusing on light cardio, mobility, and building consistency."
0.2439024390243903,Male,59.2,1.68,187.0,127.0,54.0,0.6866666666666668,0.11065852002715548,Strength,27.3,2.9,2.0,3.0,12.32,0.25301142396256004,0.04456070228111301,0.746031746031746,0.19465305309156888,0.4624819527465559,304.5751633986928,40508.49673202614,0.032017311429076135,3,"Beginner-friendly workouts focusing on light cardio, mobility, and building consistency."
0.4146341463414634,Male,40.0,2.0,169.0,138.0,72.0,0.38666666666666666,0.18533604887983707,Strength,31.2,2.9,2.0,3.0,20.21,0.0,0.12175724117985925,0.17460317460317443,0.5460280433391365,0.7529420155481064,533.3333333333333,51733.33333333333,0.06712962962962962,10,Balanced cardio and strength training routine for steady and sustainable fitness improvement.
0.7317073170731709,Male,90.4,2.0,193.0,156.0,59.0,0.8533333333333333,0.6401900882552614,Cardio,24.4,2.3,3.0,2.0,13.35,0.2904717517335456,0.17800043380608868,0.7619047619047619,0.5248625167069174,0.17164518708662665,700.0,93800.0,0.014293526896688872,-1,General fitness improvement recommended.
0.17073170731707316,Female,74.6,1.63,182.0,160.0,60.0,0.2866666666666667,0.49219280380176506,HIIT,14.8,3.5,3.0,2.0,18.08,0.41675400163557147,0.31479839264536924,0.5714285714285712,0.7059677530541411,0.43691643691108306,1105.3763440860214,134855.91397849462,0.050448268903687046,-1,General fitness improvement recommended.
0.14634146341463422,Male,92.2,1.71,194.0,141.0,59.0,1.0,0.86693822131704,HIIT,32.9,2.4,4.0,2.0,,0.49636249540334204,0.20837175782425257,0.7777777777777777,0.3165130001628478,0.17890734397319422,790.0,106650.0,0.013015184381778741,7,Endurance-focused training with longer cardio sessions and attention to pacing and recovery.
0.4146341463414634,Female,56.2,1.74,170.0,151.0,66.0,0.3266666666666666,0.6191446028513239,Strength,26.9,2.9,4.0,2.0,20.61,0.19739533047131563,0.3559334432054327,0.2857142857142856,0.729272163857607,0.49478400599405914,1227.2727272727273,127636.36363636363,0.05212264998741867,-1,General fitness improvement recommended.
0.0,Male,63.0,1.66,191.0,168.0,74.0,0.25999999999999995,0.10386965376782076,Strength,24.5,2.7,3.0,2.0,14.75,0.29652404133008764,0.11467944615273826,0.49206349206349187,0.7071446123869811,0.38676678859262126,512.3595505617977,59946.06741573034,0.048154093097913325,6,Balanced cardio and strength training routine for steady and sustainable fitness improvement.
0.7804878048780488,Female,76.1,1.82,191.0,146.0,54.0,0.4133333333333334,0.3489477257298031,Cardio,25.0,3.2,2.0,1.0,14.5,0.2991001106592461,0.18794342678822565,0.8095238095238093,0.41263556434377313,0.37679542259728493,729.4642857142857,99936.60714285713,0.03754458419373006,10,Balanced cardio and strength training routine for steady and sustainable fitness improvement.
0.34146341463414637,Female,45.9,1.83,192.0,120.0,55.0,0.6599999999999999,0.3428377460964019,Yoga,22.4,1.5,3.0,1.0,17.82,0.08543541922946107,0.1247770099114689,0.8095238095238093,0.05621268233693599,0.2610463389882497,542.2818791946308,74292.61744966442,0.021932710444356716,-1,General fitness improvement recommended.
0.3170731707317073,Female,86.4,1.59,187.0,169.0,50.0,1.0,0.7012898845892737,Yoga,27.6,1.6,4.0,1.0,14.57,0.5573337588427527,0.16720174082185263,0.8095238095238093,0.7689242206663414,0.08611421492100474,668.0,91516.0,0.009259259259259259,-1,General fitness improvement recommended.
0.2926829268292683,Female,54.9,1.93,187.0,165.0,70.0,0.2933333333333333,0.361846571622539,Cardio,26.7,3.7,4.0,2.0,13.37,0.10924160081529433,0.2419022739388685,0.49206349206349187,0.7142317285163631,0.689883727622202,889.3617021276597,104055.31914893618,0.07169708948571872,-1,General fitness improvement recommended.
0.07317073170731708,Male,91.2,1.7,194.0,142.0,62.0,0.2733333333333334,0.5342837746096403,Strength,33.3,3.7,3.0,2.0,17.63,0.49696243568407455,0.34598834321058486,0.7301587301587298,0.329692763090742,0.35851611054596055,1197.8021978021977,158109.8901098901,0.04458261037208405,2,Balanced cardio and strength training routine for steady and sustainable fitness improvement.
0.6829268292682928,Male,54.2,1.91,171.0,169.0,67.0,0.26666666666666666,0.31771894093686354,HIIT,14.0,2.6,3.0,3.0,26.79,0.11197107102428827,0.23086903487474433,0.2857142857142856,0.9851354761832147,0.44993132336287356,856.6666666666666,89093.33333333333,0.05330053300533005,10,Balanced cardio and strength training routine for steady and sustainable fitness improvement.
0.09756097560975613,Female,60.8,1.77,169.0,130.0,74.0,0.4000000000000001,0.6754921928038018,Cardio,25.4,3.3,2.0,3.0,13.58,0.21686112099949278,0.3399808285696294,0.1428571428571428,0.4249925873385929,0.527826681031085,1180.0,112100.0,0.049342105263157895,1,High-intensity interval training with strength conditioning and proper recovery.
0.2926829268292683,Male,46.8,1.67,164.0,153.0,74.0,0.6866666666666668,0.25865580448065173,Cardio,15.2,2.3,4.0,2.0,12.32,0.15632013125255279,0.09264311793804639,0.06349206349206327,0.8435427884624249,0.464443749516141,447.05882352941177,40235.294117647056,0.0321211105524831,6,Balanced cardio and strength training routine for steady and sustainable fitness improvement.
0.3170731707317073,Female,48.1,1.58,181.0,125.0,70.0,0.9199999999999999,0.26612355736591986,HIIT,23.1,3.3,3.0,2.0,26.69,0.21365224488683732,0.06653121267559362,0.39682539682539675,0.2239633941885184,0.7048530263707496,369.68085106382983,41034.57446808511,0.036493121599504574,-1,General fitness improvement recommended.
0.43902439024390244,Male,56.5,1.61,189.0,123.0,58.0,1.0,0.5363204344874406,Yoga,32.6,3.5,3.0,3.0,25.74,0.27195990798231523,0.12620045339733138,0.714285714285714,0.1221637976229466,0.6225806675574502,546.5,71591.5,0.030973451327433628,7,Endurance-focused training with longer cardio sessions and attention to pacing and recovery.
0.902439024390244,Female,78.4,1.59,171.0,132.0,74.0,1.0,0.5967413441955194,HIIT,13.6,3.7,3.0,1.0,12.32,0.4843831204039362,0.14121738582853466,0.17460317460317443,0.4318937317596765,0.4403380352212206,591.0,57327.0,0.023596938775510203,5,Endurance-focused training with longer cardio sessions and attention to pacing and recovery.
0.6341463414634148,Male,78.2,1.8,171.0,169.0,59.0,0.8600000000000001,0.9687712152070602,HIIT,17.0,3.5,5.0,1.0,18.17,0.3258770877277187,0.2679267004520488,0.41269841269841256,0.9851354761832147,0.41023594312586653,966.4804469273743,108245.81005586592,0.025003929188872537,-1,General fitness improvement recommended.
0.39024390243902446,Female,74.2,1.83,194.0,153.0,60.0,0.49333333333333335,0.9022403258655805,Strength,27.3,3.0,4.0,2.0,20.18,0.28024827590448725,0.3859188168695046,0.7619047619047619,0.47467015529757894,0.3568001867049253,1316.1290322580646,176361.29032258067,0.032605860359968694,-1,General fitness improvement recommended.
0.9512195121951221,Female,84.0,1.95,199.0,142.0,51.0,0.7733333333333332,0.38628649015614386,Strength,17.5,3.4,4.0,1.0,21.88,0.27873138569967043,0.11904672587257112,0.9841269841269837,0.28266948832287797,0.3573551237769197,525.3012048192771,77744.57831325302,0.024383247274813544,-1,General fitness improvement recommended.
0.04878048780487804,Female,102.9,1.61,172.0,146.0,70.0,0.7133333333333334,0.54989816700611,Yoga,23.5,3.2,3.0,3.0,21.82,0.6846267620448885,0.18100962373003981,0.25396825396825395,0.6285362248278794,0.24150917868650304,708.9171974522293,72309.55414012738,0.019807741112823653,6,Balanced cardio and strength training routine for steady and sustainable fitness improvement.
0.2926829268292683,Female,57.8,1.89,168.0,165.0,67.0,0.5866666666666667,0.5403937542430415,Strength,25.6,1.5,,1.0,15.3,0.14249156284229575,0.21052367128125618,0.23809523809523792,0.9693819709124671,0.1779337913544908,796.376811594203,80434.0579710145,0.018805476154656237,6,Balanced cardio and strength training routine for steady and sustainable fitness improvement.
0.4634146341463415,Female,94.5,1.73,198.0,135.0,74.0,0.4399999999999999,0.2810590631364562,Strength,23.8,1.6,4.0,3.0,17.52,0.4973689446289225,0.15036369260182078,0.603174603174603,0.201489614610316,0.06650643837720369,618.1034482758621,76644.8275862069,0.014595876664842184,-1,General fitness improvement recommended.
0.3170731707317073,Female,50.9,1.51,174.0,130.0,58.0,1.0,0.9775967413441955,Strength,26.9,3.5,,1.0,22.5,0.2840994077801133,0.23587467901847872,0.47619047619047605,0.3684745942348906,0.7067703244459722,871.5,101094.0,0.0343811394891945,-1,General fitness improvement recommended.
0.6097560975609757,,58.9,1.85,174.0,139.0,67.0,0.6066666666666667,0.6205023761031907,,19.9,2.0,2.0,1.0,20.61,0.1662061399011035,0.23304696275941963,0.33333333333333326,0.5007266980975538,0.276810106208623,863.1205673758866,92353.90070921986,0.024082168358438995,10,Balanced cardio and strength training routine for steady and sustainable fitness improvement.
0.09756097560975613,Female,69.3,1.56,164.0,136.0,50.0,0.5533333333333335,0.5302104548540394,Yoga,30.7,3.4,3.0,,23.56,0.42594066158917804,0.2168209231526139,0.4444444444444442,0.5785009705587947,0.4634153696274801,815.0375939849623,92914.28571428571,0.03688875869326997,-1,General fitness improvement recommended.
0.14634146341463422,Female,91.2,1.82,181.0,158.0,74.0,0.6599999999999999,0.6517311608961303,,26.9,1.8,2.0,2.0,12.74,0.4041915959290389,0.22782661787764766,0.33333333333333326,0.6901337934392315,0.10116404340857135,847.6510067114094,90698.65771812081,0.013246202755210172,6,Balanced cardio and strength training routine for steady and sustainable fitness improvement.
0.17073170731707316,Male,40.0,1.56,195.0,132.0,57.0,0.10000000000000003,0.13306177868295993,Yoga,16.7,3.4,3.0,2.0,12.32,0.14838391876018342,0.20084382281120336,0.8253968253968251,0.1889734481375327,0.9073532558305398,767.6923076923076,105941.53846153845,0.13076923076923075,3,"Beginner-friendly workouts focusing on light cardio, mobility, and building consistency."
0.6585365853658538,Male,76.6,1.77,181.0,122.0,64.0,0.8800000000000001,0.5994568906992532,Cardio,19.1,3.5,2.0,1.0,20.79,0.33312476023100807,0.16168372737386388,0.49206349206349187,0.18158426698390828,0.4217843320807674,651.6483516483516,76242.85714285714,0.025105442860012053,5,Endurance-focused training with longer cardio sessions and attention to pacing and recovery.
0.17073170731707316,Female,61.1,1.72,176.0,162.0,53.0,0.27999999999999997,0.7298031228784794,Strength,15.0,3.4,4.0,1.0,12.62,0.24558823429960064,0.44723415155164775,0.5873015873015872,0.8116527301585119,0.5447521959987304,1497.8260869565217,184232.60869565216,0.06048530562869137,-1,General fitness improvement recommended.
0.8048780487804879,Female,58.8,1.78,172.0,120.0,54.0,1.0,0.54989816700611,HIIT,31.5,2.3,4.0,1.0,,0.19729631750457444,0.12957504495490516,0.5079365079365079,0.24203201431451515,0.3405484581679473,556.5,65667.0,0.0195578231292517,5,Endurance-focused training with longer cardio sessions and attention to pacing and recovery.
0.3170731707317073,Female,48.4,1.81,178.0,120.0,71.0,0.6333333333333333,0.47589952477936187,Strength,23.1,1.5,3.0,1.0,31.33,0.11004876891854376,0.17544039883137755,0.33333333333333326,0.18190171362963548,0.24019460773420745,692.4137931034483,74088.27586206896,0.021373610715303505,-1,General fitness improvement recommended.
0.2439024390243903,Female,77.8,1.62,164.0,161.0,70.0,0.6799999999999999,0.5376782077393074,Strength,23.1,3.5,5.0,2.0,21.22,0.4528793771871869,0.18488282448271937,0.12698412698412698,0.9682683498288385,0.4130785093017837,720.3947368421052,67717.1052631579,0.029596806927344066,6,Balanced cardio and strength training routine for steady and sustainable fitness improvement.
0.7317073170731709,Male,119.9,1.73,165.0,156.0,66.0,0.3266666666666666,0.32450780719619826,Cardio,18.5,3.6,3.0,1.0,18.18,0.69301669971363,0.20799680320674438,0.20634920634920628,0.8755745803587991,0.22825287863510343,788.8888888888889,78100.0,0.030328303889604974,10,Balanced cardio and strength training routine for steady and sustainable fitness improvement.
0.6341463414634148,,64.5,1.5,173.0,166.0,50.0,0.026666666666666672,0.3876442634080109,Yoga,25.2,1.9,3.0,2.0,12.32,0.4303285210867342,0.4879629176128641,0.5873015873015872,0.9115831055373107,0.22124067497867264,1618.5185185185185,199077.77777777778,0.05455067470571346,-1,General fitness improvement recommended.
0.5121951219512195,Female,84.0,1.79,176.0,126.0,72.0,0.6666666666666667,0.5118805159538358,HIIT,28.0,3.3,3.0,1.0,30.44,0.37384199085009867,0.1795752431996231,0.2857142857142856,0.28865577397434405,0.34264929136906885,704.6666666666666,73285.33333333333,0.02619047619047619,-1,General fitness improvement recommended.
0.39024390243902446,Male,80.7,1.8,193.0,153.0,57.0,0.4533333333333333,0.42566191446028506,Yoga,27.2,2.3,3.0,1.0,13.63,0.343665138367878,0.20774259668639986,0.7936507936507935,0.4851183611419718,0.2094221033470152,788.135593220339,107186.44067796611,0.024153067439564822,0,Balanced cardio and strength training routine for steady and sustainable fitness improvement.
0.14634146341463422,Female,102.6,1.67,190.0,132.0,73.0,0.6066666666666667,0.3374066530889341,Yoga,28.3,1.5,3.0,2.0,18.79,0.6175682579456121,0.13324521243968485,0.49206349206349187,0.23452100131668474,0.03795476376079157,567.3758865248227,66382.97872340426,0.010368711376550124,-1,General fitness improvement recommended.
0.5853658536585367,Female,57.1,1.84,199.0,163.0,74.0,0.4666666666666666,0.0,Strength,21.3,2.7,3.0,1.0,14.84,0.15827363598992866,0.02698746160466272,0.6190476190476188,0.5524903635401706,0.44146939460711365,252.5,31562.5,0.0394045534150613,-1,General fitness improvement recommended.
0.0,Female,98.5,1.99,187.0,153.0,57.0,0.9666666666666666,0.3774609640190088,Yoga,22.7,1.9,3.0,2.0,15.7,0.34287445253214505,0.09043410928648227,0.6984126984126982,0.5501542520664282,0.09563609625445804,440.5128205128205,57266.666666666664,0.009891969282832227,8,Endurance-focused training with longer cardio sessions and attention to pacing and recovery.
0.12195121951219517,Female,68.0,1.74,175.0,120.0,68.0,0.34,0.2654446707399864,HIIT,24.5,3.5,5.0,2.0,17.47,0.2872450797214901,0.17365690011812246,0.33333333333333326,0.21145146139477644,0.4931678113082477,687.1287128712871,73522.77227722772,0.05096097845078625,3,"Beginner-friendly workouts focusing on light cardio, mobility, and building consistency."
0.0,Male,40.0,1.82,177.0,127.0,74.0,0.15333333333333332,0.033265444670739996,Yoga,26.0,3.4,3.0,2.0,28.42,0.04785490415331756,0.10449905604523546,0.26984126984126977,0.2927596421176599,0.9073532558305398,482.1917808219178,49665.75342465753,0.11643835616438356,-1,General fitness improvement recommended.
0.7804878048780488,Male,41.9,2.0,199.0,161.0,74.0,0.49333333333333335,0.44127630685675495,Cardio,24.6,3.2,3.0,2.0,16.02,0.010950323974082077,0.2011327146442959,0.6190476190476188,0.5267931373289998,0.800776332943476,768.5483870967741,96068.54838709677,0.06159057664177381,10,Balanced cardio and strength training routine for steady and sustainable fitness improvement.
0.0,Male,60.5,1.57,177.0,131.0,59.0,0.5333333333333334,0.6673455532926,HIIT,28.1,2.6,3.0,2.0,19.42,0.3353013700095158,0.2756040050097607,0.5079365079365079,0.35054210557554644,0.388225218252904,989.2307692307692,116729.23076923077,0.03305785123966942,2,Balanced cardio and strength training routine for steady and sustainable fitness improvement.
0.6829268292682928,Male,40.7,1.66,190.0,169.0,58.0,0.27999999999999997,0.3102511880515954,HIIT,27.2,3.5,5.0,2.0,18.76,0.10996253242418108,0.2205496317059318,0.7301587301587298,0.7324385712978687,0.9196454528456525,826.0869565217391,109043.47826086957,0.09347291955987606,10,Balanced cardio and strength training routine for steady and sustainable fitness improvement.
0.0,Female,53.8,1.7,197.0,120.0,69.0,0.34,0.6591989137813985,Strength,31.4,2.4,3.0,3.0,15.72,0.1986254357710025,0.3674453261966159,0.6666666666666665,0.015653132717464713,0.40841552328968045,1261.3861386138615,161457.42574257427,0.04416798557179138,2,Balanced cardio and strength training routine for steady and sustainable fitness improvement.
0.0,,115.4,1.79,188.0,168.0,72.0,1.0,0.3774609640190088,Yoga,31.2,1.8,3.0,2.0,19.06,0.5997631693310761,0.08671773217371834,0.47619047619047605,0.7430325621485325,0.050036359177500156,429.5,49822.0,0.00779896013864818,8,Endurance-focused training with longer cardio sessions and attention to pacing and recovery.
0.6829268292682928,Male,54.0,1.82,177.0,163.0,63.0,0.5999999999999999,0.45892735913102506,Yoga,33.7,3.7,2.0,2.0,14.05,0.14529071831074136,0.1777593915519763,0.4444444444444442,0.8128018132386403,0.7037591760507388,699.2857142857143,79718.57142857143,0.048941798941798946,10,Balanced cardio and strength training routine for steady and sustainable fitness improvement.
0.14634146341463422,Male,105.7,2.0,187.0,145.0,58.0,0.6533333333333333,0.47454175152749484,Strength,25.9,2.5,3.0,1.0,43.01,0.37865067636694333,0.1702479937413922,0.6825396825396823,0.4407692677664712,0.14952567769510758,677.0270270270271,87336.4864864865,0.01598097624587691,-1,General fitness improvement recommended.
0.2926829268292683,Female,57.7,1.76,160.0,152.0,59.0,0.8800000000000001,0.0074677528852681585,Cardio,23.2,1.8,4.0,3.0,12.32,0.19888841472064583,0.0,0.23809523809523792,0.8871967349406695,0.24271589644500816,172.52747252747253,17425.274725274725,0.017140571733292705,8,Endurance-focused training with longer cardio sessions and attention to pacing and recovery.
0.14634146341463422,Male,72.7,2.0,190.0,131.0,56.0,0.5533333333333335,0.5587236931432451,Cardio,12.6,3.6,2.0,2.0,23.15,0.18846083892235993,0.22747752807126795,0.7619047619047619,0.2210637696955715,0.46905472014026517,846.6165413533835,113446.61654135339,0.037232007115450244,2,Balanced cardio and strength training routine for steady and sustainable fitness improvement.
0.17073170731707316,,102.4,1.68,188.0,141.0,56.0,0.7733333333333332,0.8486082824168364,Yoga,18.6,1.7,2.0,2.0,16.38,0.6058682652326592,0.25748629519231414,0.7301587301587298,0.3758219333383721,0.062434250410099146,935.5421686746988,123491.56626506025,0.010000941265060242,7,Endurance-focused training with longer cardio sessions and attention to pacing and recovery.
0.26829268292682934,Female,81.4,1.89,177.0,137.0,70.0,0.34,0.13577732518669383,Yoga,14.5,1.5,,1.0,21.8,0.2947992254664263,0.10984036670261857,0.33333333333333326,0.43721580076237654,0.08499009996763365,498.019801980198,53288.118811881184,0.018245067750018246,3,"Beginner-friendly workouts focusing on light cardio, mobility, and building consistency."
0.5121951219512195,Male,81.9,1.72,187.0,156.0,53.0,0.4599999999999999,0.6965376782077393,Yoga,24.2,3.4,4.0,2.0,12.91,0.40767210514081437,0.31865567855874316,0.7619047619047619,0.5911736211789118,0.3701755930555588,1116.8067226890757,149652.10084033615,0.034885749171463455,-1,General fitness improvement recommended.
0.7317073170731709,Female,65.1,1.79,189.0,120.0,74.0,0.5066666666666666,0.014935505770536317,Strength,23.5,2.1,5.0,3.0,28.56,0.23785758724212186,0.028822060983184968,0.46031746031746024,0.08157849590847843,0.2558374419936915,257.93650793650795,29662.698412698413,0.025601638504864316,-1,General fitness improvement recommended.
0.2439024390243903,Female,67.8,1.57,198.0,135.0,67.0,1.0,0.5152749490835031,Strength,30.5,1.5,3.0,1.0,14.86,0.40357561622494814,0.12096983648309206,0.714285714285714,0.201489614610316,0.13065105249837003,531.0,69561.0,0.011061946902654867,7,Endurance-focused training with longer cardio sessions and attention to pacing and recovery.
0.853658536585366,Female,55.0,1.6,181.0,133.0,74.0,0.49999999999999994,0.2321792260692464,Strength,28.2,2.4,4.0,1.0,21.6,0.26475289871547114,0.11590794914673141,0.33333333333333326,0.33697440006747925,0.39639242435048727,516.0,55212.0,0.034909090909090904,10,Balanced cardio and strength training routine for steady and sustainable fitness improvement.
0.48780487804878053,,42.6,1.61,172.0,122.0,69.0,0.4199999999999999,0.10794297352342158,Yoga,14.9,2.5,2.0,,15.67,0.14833772540753581,0.07974905128911802,0.26984126984126977,0.2717631074309279,0.582292222297004,408.8495575221239,42111.50442477877,0.051934023017159006,-1,General fitness improvement recommended.
0.7804878048780488,Female,61.5,1.57,199.0,139.0,71.0,0.3,0.33604887983706716,Cardio,22.5,3.5,4.0,2.0,17.3,0.34465400647738337,0.22524471561212137,0.6666666666666665,0.24412364900612205,0.560367346773104,840.0,107520.0,0.0599058622165169,10,Balanced cardio and strength training routine for steady and sustainable fitness improvement.
0.21951219512195125,Male,64.2,1.89,188.0,143.0,51.0,1.0,0.9226069246435844,Strength,23.0,3.1,4.0,2.0,17.41,0.18379533575731422,0.222207583210305,0.8095238095238093,0.4030227206576431,0.45383637938730537,831.0,113847.0,0.024143302180685357,7,Endurance-focused training with longer cardio sessions and attention to pacing and recovery.
0.48780487804878053,Male,76.7,1.99,192.0,131.0,74.0,0.4266666666666666,0.6517311608961303,Strength,28.3,1.6,5.0,1.0,14.98,0.2159680014005339,0.31564824733870284,0.5079365079365079,0.2027002557125941,0.11504441977376642,1107.8947368421054,130731.57894736844,0.018298680207690023,9,High-intensity interval training with strength conditioning and proper recovery.
0.878048780487805,Female,58.1,1.57,182.0,169.0,74.0,0.7266666666666668,0.2348947725729803,Cardio,19.7,3.4,3.0,2.0,23.19,0.31285504248663404,0.07952178709450208,0.3492063492063491,0.8324065776261378,0.5802459330428994,408.1761006289308,44083.018867924526,0.03680490154688836,10,Balanced cardio and strength training routine for steady and sustainable fitness improvement.
0.3658536585365854,Female,58.2,1.62,170.0,163.0,60.0,0.47333333333333333,0.8289205702647657,Cardio,26.5,2.8,3.0,2.0,12.32,0.28070861543552145,0.3668102259116622,0.38095238095238093,0.9097573879525358,0.4516543790107671,1259.504132231405,138545.45454545456,0.039760302178296555,-1,General fitness improvement recommended.
0.6829268292682928,Male,55.1,1.62,170.0,166.0,52.0,0.35333333333333333,0.7243720298710115,Cardio,34.4,1.8,2.0,1.0,26.04,0.2534775255666356,0.3906324649580667,0.5079365079365079,0.9548786939762675,0.2608998092179853,1330.0970873786407,156951.4563106796,0.031716385036914346,10,Balanced cardio and strength training routine for steady and sustainable fitness improvement.
0.34146341463414637,Female,51.2,1.9,162.0,160.0,60.0,0.49999999999999994,0.4650373387644264,Cardio,21.6,2.5,3.0,2.0,22.51,0.0964279877583551,0.20850674148655549,0.25396825396825395,0.983474089563324,0.460525729263248,790.4,80620.8,0.0390625,6,Balanced cardio and strength training routine for steady and sustainable fitness improvement.
0.6097560975609757,Male,40.0,1.95,162.0,138.0,58.0,1.0,0.4175152749490835,Yoga,26.4,1.8,4.0,2.0,18.66,0.011973778939790125,0.09667277726856094,0.2857142857142856,0.6362442860062085,0.41323728692675277,459.0,47736.0,0.0225,5,Endurance-focused training with longer cardio sessions and attention to pacing and recovery.
0.5853658536585367,Male,45.3,1.53,193.0,128.0,74.0,0.36666666666666664,0.3441955193482688,,21.1,2.4,2.0,2.0,17.18,0.2155837877169426,0.20210465921732987,0.5238095238095237,0.15391706476742684,0.5118150588686506,771.4285714285714,91800.0,0.05045726900031536,10,Balanced cardio and strength training routine for steady and sustainable fitness improvement.
0.09756097560975613,Female,54.1,1.76,178.0,127.0,65.0,0.6133333333333333,0.13441955193482685,Strength,29.2,3.7,4.0,1.0,22.15,0.17209608224817446,0.06084031846215448,0.4285714285714284,0.28245293866379506,0.7021946615329185,352.81690140845075,39868.309859154935,0.048163286558537924,8,Endurance-focused training with longer cardio sessions and attention to pacing and recovery.
0.14634146341463422,Male,58.8,1.89,163.0,150.0,73.0,0.52,0.3374066530889341,Strength,27.1,2.5,2.0,2.0,15.86,0.14894527736026736,0.15269099712428544,0.06349206349206327,0.8111179684446221,0.3825651221903782,625.0,56250.0,0.03321641156462585,6,Balanced cardio and strength training routine for steady and sustainable fitness improvement.
0.43902439024390244,,55.5,1.69,198.0,132.0,71.0,0.9000000000000001,0.8737270875763747,Cardio,15.3,2.2,3.0,2.0,27.8,0.21744099151606966,0.23181148837280544,0.6507936507936507,0.16274909933741455,0.34702129559843,859.4594594594594,109151.35135135135,0.02142683223764305,-1,General fitness improvement recommended.
0.21951219512195125,Female,40.0,1.8,162.0,140.0,74.0,0.6133333333333333,0.4059742023082145,HIIT,22.2,2.5,5.0,1.0,29.73,0.05407567394608431,0.1558992355769084,0.03174603174603163,0.6678106317841284,0.6294130233221596,634.5070422535211,55836.61971830986,0.04401408450704226,-1,General fitness improvement recommended.
0.5609756097560976,Male,53.0,1.62,161.0,142.0,61.0,0.6133333333333333,0.3109300746775288,Strength,21.0,3.3,3.0,1.0,20.51,0.23503065823610003,0.12262861458674454,0.2222222222222221,0.713297539985851,0.6264996036941892,535.9154929577466,53591.549295774654,0.04384799362211002,10,Balanced cardio and strength training routine for steady and sustainable fitness improvement.
0.8048780487804879,Female,58.6,2.0,162.0,150.0,55.0,0.52,0.493550577053632,Strength,16.7,3.4,3.0,2.0,37.28,0.10719790837785614,0.21332818917443905,0.33333333333333326,0.8256423606737262,0.5740779372141203,804.6875,86101.5625,0.04532849829351535,10,Balanced cardio and strength training routine for steady and sustainable fitness improvement.
0.6341463414634148,Female,91.2,1.87,194.0,141.0,66.0,0.7733333333333332,0.7073998642226749,Yoga,22.7,2.5,2.0,1.0,15.5,0.3707028736048073,0.21520225639861876,0.6666666666666665,0.3165130001628478,0.19597796288024102,810.2409638554217,103710.84337349398,0.016513422109490593,-1,General fitness improvement recommended.
0.3170731707317073,Male,60.7,1.62,198.0,120.0,71.0,0.5666666666666667,0.4507807196198235,Yoga,31.2,3.2,4.0,2.0,23.83,0.30266917178139713,0.1834997681962089,0.6507936507936507,0.007787038245809397,0.5085805041555107,716.2962962962963,90969.62962962964,0.039050582707913846,2,Balanced cardio and strength training routine for steady and sustainable fitness improvement.
0.43902439024390244,Male,62.2,1.5,192.0,132.0,61.0,1.0,0.41412084181941616,HIIT,11.4,1.5,3.0,2.0,22.96,0.40676291159865113,0.09582912937916752,0.714285714285714,0.21601730783765394,0.15525632084716287,456.5,59801.5,0.012057877813504822,7,Endurance-focused training with longer cardio sessions and attention to pacing and recovery.
0.12195121951219517,Female,62.1,1.83,168.0,149.0,51.0,0.5933333333333333,0.5648336727766463,Yoga,26.1,2.0,3.0,2.0,21.35,0.19695373294449375,0.21733020591594118,0.49206349206349187,0.725870160625659,0.2551957662769705,816.5467625899281,95535.9712230216,0.023169869901180504,6,Balanced cardio and strength training routine for steady and sustainable fitness improvement.
0.14634146341463422,Male,79.0,1.62,177.0,169.0,73.0,0.3333333333333333,0.39646978954514595,Yoga,25.0,3.5,2.0,3.0,12.32,0.4634204442332072,0.2411052959327181,0.2857142857142856,0.8994755084254704,0.4046371672148198,887.0,92248.0,0.04430379746835443,6,Balanced cardio and strength training routine for steady and sustainable fitness improvement.
0.48780487804878053,Male,58.4,1.65,169.0,141.0,53.0,1.0,0.547182620502376,Yoga,24.0,2.3,2.0,1.0,35.49,0.26398055184728336,0.1289001266433904,0.47619047619047605,0.5914163393393408,0.34385798992313876,554.5,64322.0,0.019691780821917807,5,Endurance-focused training with longer cardio sessions and attention to pacing and recovery.
0.3170731707317073,Female,75.8,1.7,199.0,129.0,60.0,0.24666666666666665,0.42023082145281737,HIIT,24.2,1.9,2.0,1.0,15.58,0.3741177886610449,0.2994081530613288,0.841269841269841,0.11563751795026844,0.16699413751592737,1059.7701149425288,147308.0459770115,0.02881145179389197,-1,General fitness improvement recommended.
0.902439024390244,Female,65.5,1.94,170.0,123.0,74.0,0.5800000000000001,0.32858112695179903,HIIT,28.7,3.1,3.0,1.0,17.0,0.1706763553450073,0.13563329892268083,0.1587301587301586,0.30813997430277373,0.4419978538190533,574.4525547445255,55147.44525547445,0.03454616370424026,10,Balanced cardio and strength training routine for steady and sustainable fitness improvement.
0.8292682926829269,Female,81.0,1.62,178.0,146.0,53.0,0.6266666666666667,0.8995247793618464,Strength,25.4,2.5,4.0,1.0,17.41,0.48098888930990774,0.32329534809051474,0.6190476190476188,0.555377692327943,0.2386191435950131,1130.5555555555557,141319.44444444447,0.021433470507544582,9,High-intensity interval training with strength conditioning and proper recovery.
0.14634146341463422,Female,84.5,1.84,171.0,128.0,63.0,0.1333333333333333,0.5186693822131703,,32.0,2.4,2.0,1.0,12.32,0.34484641288392487,0.45616319505181196,0.3492063492063491,0.3720838134436182,0.20820839746297712,1524.2857142857144,164622.85714285716,0.04057480980557904,1,High-intensity interval training with strength conditioning and proper recovery.
0.0,Male,48.7,1.75,187.0,141.0,70.0,1.0,0.6537678207739308,\tCardio,34.4,2.6,3.0,1.0,38.48,0.13606159799375023,0.15539067037034446,0.49206349206349187,0.3860767756164929,0.5168545216789073,633.0,74061.0,0.026694045174537988,7,Endurance-focused training with longer cardio sessions and attention to pacing and recovery.
0.9268292682926831,Female,85.2,1.6,163.0,151.0,51.0,0.49999999999999994,0.2505091649694501,Yoga,26.5,1.7,3.0,1.0,21.05,0.5367099579402068,0.12319706691109075,0.41269841269841256,0.8268043120520545,0.10383485804157613,537.6,60211.200000000004,0.01596244131455399,-1,General fitness improvement recommended.
0.3658536585365854,Male,73.3,1.86,187.0,123.0,60.0,0.4799999999999999,0.645621181262729,Cardio,35.0,1.9,4.0,1.0,15.26,0.25790711374778497,0.2886427799560482,0.6507936507936507,0.13996056094159037,0.17755475537424711,1027.8688524590164,130539.34426229508,0.021246617314874868,-1,General fitness improvement recommended.
0.3658536585365854,Female,44.9,1.73,176.0,158.0,74.0,1.0,0.40868974881194836,Strength,27.0,2.1,3.0,2.0,23.8,0.115316635487132,0.094479292756138,0.25396825396825395,0.7535419572491597,0.4351093467974939,452.5,46155.0,0.02338530066815145,-1,General fitness improvement recommended.
0.5121951219512195,Male,59.9,1.71,174.0,131.0,50.0,0.6066666666666667,0.2919212491513917,Yoga,24.7,2.9,2.0,2.0,19.74,0.2417125072915876,0.11720991922284499,0.603174603174603,0.3831692724418534,0.4554103735881987,519.8581560283689,64462.41134751774,0.03433618678885613,-1,General fitness improvement recommended.
0.5365853658536586,Male,43.9,1.92,186.0,143.0,74.0,0.21999999999999992,0.48540393754243044,Yoga,12.0,3.1,3.0,1.0,29.23,0.04400041088818163,0.3556747121988279,0.41269841269841256,0.4239351539192333,0.7296572225943545,1226.5060240963855,137368.6746987952,0.08507835441995774,10,Balanced cardio and strength training routine for steady and sustainable fitness improvement.
0.04878048780487804,Male,40.0,1.52,164.0,144.0,65.0,0.6866666666666668,0.2213170400543109,Strength,22.6,3.1,4.0,1.0,22.23,0.1685893295907665,0.0805122332539577,0.20634920634920628,0.7032265319252087,0.8147065116610799,411.1111111111111,40700.0,0.05065359477124183,8,Endurance-focused training with longer cardio sessions and attention to pacing and recovery.
0.1951219512195122,Male,65.9,1.99,166.0,127.0,71.0,0.38666666666666666,0.6211812627291242,Cardio,22.0,2.6,4.0,2.0,13.91,0.15309691551881838,0.3223579615467441,0.1428571428571428,0.41432907201324376,0.3447246212839855,1127.7777777777776,107138.88888888888,0.036531220142752764,1,High-intensity interval training with strength conditioning and proper recovery.
0.43902439024390244,Female,77.7,1.66,193.0,120.0,72.0,0.47333333333333333,0.5512559402579769,Strength,11.3,2.2,2.0,3.0,22.23,0.41950404944295,0.25274345342838367,0.5555555555555554,0.04793264992757229,0.20711716025887625,921.4876033057851,111500.0,0.023400023400023402,-1,General fitness improvement recommended.
0.2926829268292683,Male,61.6,1.77,170.0,130.0,74.0,1.0,0.5193482688391038,Yoga,24.3,1.5,5.0,2.0,24.78,0.22274788754286073,0.12198221395036418,0.1587301587301586,0.41342302169148204,0.15815793934330416,534.0,51264.0,0.012175324675324676,8,Endurance-focused training with longer cardio sessions and attention to pacing and recovery.
0.0,Female,44.2,1.64,171.0,164.0,66.0,0.4266666666666666,0.5295315682281059,Yoga,16.1,2.2,5.0,2.0,18.36,0.14831742231090234,0.2623652227454329,0.3015873015873014,0.9103730782881421,0.47220700945995364,950.0000000000001,99750.00000000001,0.04366118917202509,6,Balanced cardio and strength training routine for steady and sustainable fitness improvement.
0.09756097560975613,Male,63.7,1.85,192.0,122.0,53.0,0.37333333333333335,0.494908350305499,Yoga,24.4,2.5,3.0,3.0,13.95,0.19853803337730602,0.2703241650982011,0.841269841269841,0.08284678658705569,0.3421644837072716,973.5849056603773,135328.30188679244,0.037024969639524896,2,Balanced cardio and strength training routine for steady and sustainable fitness improvement.
0.6585365853658538,Male,54.4,1.55,182.0,139.0,74.0,1.0,0.5947046843177188,HIIT,24.3,3.1,5.0,3.0,12.32,0.29146489136337633,0.14071119709489857,0.3492063492063491,0.41094382905281535,0.5612904173152038,589.5,63666.0,0.028492647058823532,5,Endurance-focused training with longer cardio sessions and attention to pacing and recovery.
0.6097560975609757,Female,93.8,1.65,170.0,162.0,61.0,0.5800000000000001,0.3699932111337407,Strength,,2.8,3.0,1.0,15.58,0.5637371367837334,0.15065885257319175,0.3650793650793649,0.8947169526112915,0.2261000822859527,618.978102189781,67468.61313868612,0.021788865889530447,10,Balanced cardio and strength training routine for steady and sustainable fitness improvement.
0.0,Female,77.7,1.55,178.0,131.0,67.0,0.5999999999999999,0.6490156143923964,Strength,14.8,2.4,3.0,2.0,12.32,0.5150412524750361,0.2452512227034516,0.39682539682539675,0.33991078154045784,0.23891355465422934,899.2857142857143,99820.71428571429,0.02206287920573635,2,Balanced cardio and strength training routine for steady and sustainable fitness improvement.
0.0,Male,57.6,1.74,172.0,120.0,74.0,0.6399999999999999,0.22539035980991173,Strength,15.0,3.2,2.0,3.0,12.8,0.20805547021286175,0.08855064388957862,0.19047619047619024,0.24203201431451515,0.54362900094303,434.9315068493151,42623.28767123288,0.03805175038051751,-1,General fitness improvement recommended.
0.04878048780487804,Male,75.6,1.74,192.0,128.0,72.0,0.9066666666666667,0.4093686354378819,Cardio,21.4,3.3,4.0,2.0,34.73,0.3451144097470262,0.10615429096742143,0.5396825396825395,0.16274909933741455,0.39657067686452185,487.09677419354836,58451.6129032258,0.023468168629458948,7,Endurance-focused training with longer cardio sessions and attention to pacing and recovery.
0.7073170731707319,Male,85.5,1.84,172.0,152.0,68.0,0.32,0.31907671418873046,Cardio,24.1,2.6,2.0,2.0,19.61,0.35165563831801233,0.20795854253148846,0.2857142857142856,0.7177295041771177,0.23300054095965492,788.7755102040817,82032.6530612245,0.031029955841985916,10,Balanced cardio and strength training routine for steady and sustainable fitness improvement.
0.17073170731707316,Male,62.4,1.59,166.0,151.0,66.0,0.5133333333333334,0.40733197556008144,,11.0,3.0,4.0,1.0,32.63,0.3384818435263032,0.18172045599554007,0.2222222222222221,0.7839976032920131,0.45124620761165946,711.0236220472441,71102.36220472441,0.03785584494245912,6,Balanced cardio and strength training routine for steady and sustainable fitness improvement.
0.3170731707317073,Female,53.5,1.68,180.0,155.0,57.0,0.23999999999999994,0.3883231500339443,Strength,22.6,3.3,2.0,1.0,20.61,0.20645392407275526,0.28512409604069777,0.5873015873015872,0.6599190453396484,0.6193113533971406,1017.4418604651163,125145.3488372093,0.07172353836122582,-1,General fitness improvement recommended.
0.7073170731707319,Male,78.8,1.82,167.0,144.0,66.0,0.7733333333333332,0.5838424983027835,Cardio,31.7,2.8,4.0,2.0,15.78,0.3178913033896063,0.17820372245413532,0.23809523809523792,0.6628961108845721,0.2962923272813768,700.6024096385543,70760.84337349398,0.021405418628830043,-1,General fitness improvement recommended.
0.04878048780487804,Male,40.0,1.97,173.0,133.0,74.0,1.0,0.4161575016972166,Cardio,18.8,2.3,2.0,1.0,13.57,0.007074775576002751,0.09633531811280358,0.20634920634920628,0.4238556936044837,0.5676485272091862,458.0,45342.0,0.028749999999999998,8,Endurance-focused training with longer cardio sessions and attention to pacing and recovery.
0.9268292682926831,Male,51.5,1.66,198.0,167.0,70.0,1.0,0.3665987780040733,Strength,24.2,2.4,3.0,3.0,25.65,0.20031519144587578,0.08401805892765934,0.6666666666666665,0.6147217775212637,0.43302591189498696,421.5,53952.0,0.02330097087378641,5,Endurance-focused training with longer cardio sessions and attention to pacing and recovery.
0.14634146341463422,Male,80.9,1.74,181.0,128.0,61.0,0.4599999999999999,0.9517990495587236,HIIT,10.0,2.7,4.0,1.0,12.32,0.3854706530543081,0.4252814286131747,0.5396825396825395,0.26634252139312875,0.2696291074601236,1432.7731092436975,171932.7731092437,0.02804582896199271,2,Balanced cardio and strength training routine for steady and sustainable fitness improvement.
0.26829268292682934,Female,85.3,1.68,161.0,133.0,74.0,0.6333333333333333,0.6558044806517311,Cardio,26.1,2.5,4.0,3.0,15.99,0.4661957655632449,0.23711396867669118,0.015873015873015817,0.570366694817507,0.21939958927794875,875.1724137931035,76140.0,0.020212636940615272,-1,General fitness improvement recommended.
0.0,Female,47.8,1.73,162.0,136.0,56.0,0.6133333333333333,0.1758316361167685,Cardio,23.9,3.4,3.0,1.0,14.48,0.1376543713038899,0.07533680332215445,0.3174603174603172,0.6046779402282891,0.7360149256091953,395.77464788732397,41952.11267605634,0.050091343037303324,8,Endurance-focused training with longer cardio sessions and attention to pacing and recovery.
0.43902439024390244,Female,87.9,1.54,177.0,129.0,58.0,0.9533333333333334,0.47997284453496264,Cardio,21.1,3.3,3.0,1.0,29.54,0.6239053305807174,0.11837682131216881,0.5238095238095237,0.32165087384660307,0.3211175435773691,523.3160621761658,62274.61139896373,0.019452156536808783,-1,General fitness improvement recommended.
0.7560975609756098,Female,43.6,1.68,170.0,124.0,73.0,0.2933333333333333,0.29599456890699255,Yoga,27.6,3.5,4.0,2.0,30.46,0.1255908979483576,0.2070793610575222,0.17460317460317443,0.32318040964401784,0.8489886402375466,786.1702127659574,76258.51063829787,0.08539918016787039,10,Balanced cardio and strength training routine for steady and sustainable fitness improvement.
0.5365853658536586,Female,55.7,1.6,184.0,133.0,72.0,0.5999999999999999,0.30278343516632716,Yoga,23.7,2.6,4.0,2.0,24.88,0.2710565391610776,0.12231967310612157,0.41269841269841256,0.3063416613815382,0.43397330267742784,535.0,59920.0,0.033341882533983076,-1,General fitness improvement recommended.
0.04878048780487804,Female,73.5,1.87,167.0,145.0,68.0,1.0,0.7026476578411405,HIIT,21.9,3.5,3.0,,22.35,0.2540156216831788,0.16753919997761002,0.20634920634920628,0.6782067336870359,0.4455901182240245,669.0,66231.0,0.023809523809523808,8,Endurance-focused training with longer cardio sessions and attention to pacing and recovery.
0.3170731707317073,Female,52.7,1.65,199.0,138.0,74.0,0.9466666666666665,0.5424304141208418,HIIT,24.0,3.3,2.0,3.0,18.38,0.2157146610524313,0.1354665193825027,0.6190476190476188,0.23127503590053666,0.630878025601879,573.9583333333334,71744.79166666667,0.03261385199240986,7,Endurance-focused training with longer cardio sessions and attention to pacing and recovery.
0.7073170731707319,Female,87.1,1.7,174.0,160.0,63.0,0.5999999999999999,0.1758316361167685,HIIT,26.0,3.7,5.0,1.0,26.61,0.4642570426454757,0.07724477158710058,0.39682539682539675,0.8093149404437678,0.382106846291167,401.42857142857144,44558.57142857143,0.030342791536821394,-1,General fitness improvement recommended.
0.878048780487805,,40.0,1.75,174.0,166.0,66.0,0.72,0.07196198234894774,Cardio,27.9,3.5,5.0,2.0,17.72,0.07057136825401983,0.0291339581333726,0.3492063492063491,0.8974830096855433,0.9382355038870266,258.86075949367086,27956.962025316454,0.055379746835443035,10,Balanced cardio and strength training routine for steady and sustainable fitness improvement.
0.6341463414634148,Male,94.4,1.82,182.0,140.0,57.0,0.5866666666666667,0.7236931432450779,HIIT,20.7,3.2,3.0,1.0,22.79,0.42646263916502153,0.27654828871204723,0.6190476190476188,0.4249925873385929,0.27609916843862536,992.0289855072465,124003.6231884058,0.024563989191844757,9,High-intensity interval training with strength conditioning and proper recovery.
0.6829268292682928,Male,44.9,1.93,177.0,154.0,58.0,1.0,0.7678207739307534,HIIT,31.4,3.5,4.0,2.0,12.32,0.04735184906451856,0.18373723945396409,0.5238095238095237,0.6827912704583952,0.8202776967224951,717.0,85323.0,0.03897550111358575,5,Endurance-focused training with longer cardio sessions and attention to pacing and recovery.
0.902439024390244,Male,61.9,1.74,163.0,140.0,73.0,0.3133333333333333,0.20027155465037338,Strength,23.6,3.1,2.0,1.0,27.13,0.2407973279904677,0.14982085482016344,0.06349206349206327,0.654254532370298,0.47599959396239133,616.4948453608248,55484.53608247423,0.051629665406458705,10,Balanced cardio and strength training routine for steady and sustainable fitness improvement.
0.0,Female,83.6,1.84,186.0,137.0,73.0,0.5533333333333335,0.7026476578411405,Strength,35.0,2.6,2.0,2.0,30.41,0.3387181099932461,0.28126801004161667,0.4285714285714284,0.34145534720918547,0.24153789821078367,1006.0150375939849,113679.69924812029,0.023383818397668815,2,Balanced cardio and strength training routine for steady and sustainable fitness improvement.
0.0,Female,48.6,1.72,180.0,136.0,72.0,0.5866666666666667,0.5987780040733197,Strength,23.5,1.8,,2.0,21.68,0.14818206191906358,0.23155373461106368,0.3492063492063491,0.3900267889384357,0.3148716079320173,858.6956521739131,92739.13043478262,0.026838432635534086,1,High-intensity interval training with strength conditioning and proper recovery.
0.0,Female,80.7,2.0,184.0,142.0,74.0,0.14666666666666667,0.6232179226069245,Yoga,25.6,1.9,2.0,2.0,18.28,0.23456746618165292,0.5140535097478094,0.38095238095238093,0.43140615090383916,0.14819335874927206,1695.8333333333335,186541.6666666667,0.032699986231584745,1,High-intensity interval training with strength conditioning and proper recovery.
0.3658536585365854,Female,62.6,1.71,192.0,158.0,57.0,0.9933333333333334,0.5281737949762388,Yoga,31.3,3.5,2.0,2.0,31.79,0.26299903880557335,0.12509226466221862,0.7777777777777777,0.5622606630892095,0.5480141266876499,543.2160804020101,73334.17085427136,0.02809575031708061,5,Endurance-focused training with longer cardio sessions and attention to pacing and recovery.
0.024390243902439046,Male,41.9,1.69,176.0,138.0,74.0,0.9266666666666665,0.47997284453496264,Yoga,27.9,2.6,2.0,2.0,17.97,0.10766715118723241,0.12211434081558137,0.25396825396825395,0.4629880927023997,0.6238851746246978,534.3915343915344,54507.93650793651,0.03283201373893498,8,Endurance-focused training with longer cardio sessions and attention to pacing and recovery.
0.9756097560975612,Male,47.6,1.84,182.0,155.0,66.0,0.7266666666666668,0.22539035980991173,Yoga,11.2,2.6,4.0,3.0,13.65,0.09358599436609794,0.07655044861613525,0.47619047619047605,0.6357239616252537,0.532095014740794,399.37106918238993,46327.04402515723,0.03435336398710427,10,Balanced cardio and strength training routine for steady and sustainable fitness improvement.
0.0,Female,129.9,1.76,168.0,135.0,50.0,0.5333333333333334,0.6143923964697895,HIIT,25.1,2.0,3.0,2.0,13.89,0.7362235270852104,0.2553564556643181,0.5079365079365079,0.5127973266247019,0.047547726030002596,929.2307692307692,109649.23076923077,0.01184342985728667,6,Balanced cardio and strength training routine for steady and sustainable fitness improvement.
0.9756097560975612,Female,73.3,1.69,180.0,156.0,72.0,0.7333333333333334,0.7107942973523422,Yoga,25.4,3.0,4.0,1.0,38.45,0.3611155766523419,0.22651018744621157,0.3492063492063491,0.6741239009397124,0.36293250632723695,843.75,91125.0,0.02557980900409277,10,Balanced cardio and strength training routine for steady and sustainable fitness improvement.
0.7073170731707319,Male,45.4,1.81,189.0,128.0,55.0,0.34,0.2437202987101154,Strength,28.6,3.6,4.0,1.0,29.15,0.08893832024819198,0.16296512488620557,0.7619047619047619,0.18980596714706,0.836881870397676,655.4455445544554,87829.70297029702,0.07851005364853667,10,Balanced cardio and strength training routine for steady and sustainable fitness improvement.
0.7073170731707319,Male,50.6,1.65,192.0,169.0,63.0,0.5733333333333335,0.19755600814663948,Strength,25.5,2.2,5.0,2.0,28.24,0.19793249075959102,0.0891692736876028,0.6825396825396823,0.7087482364648681,0.39443939680541307,436.7647058823529,56342.647058823524,0.0319693094629156,10,Balanced cardio and strength training routine for steady and sustainable fitness improvement.
0.9268292682926831,Male,54.0,1.92,190.0,129.0,73.0,0.0733333333333333,0.46300067888662594,HIIT,21.6,2.5,3.0,2.0,12.32,0.10716188757530981,0.4866925795644757,0.49206349206349187,0.19414930645334527,0.42925030443752366,1614.7540983606557,188926.2295081967,0.07589556769884638,10,Balanced cardio and strength training routine for steady and sustainable fitness improvement.
0.39024390243902446,Female,73.1,1.73,166.0,161.0,69.0,0.76,0.31364562118126277,Yoga,27.0,3.3,4.0,2.0,21.47,0.3325318596362951,0.09919137487006724,0.17460317460317443,0.9380261579915001,0.4150116431762363,466.4634146341464,45246.9512195122,0.027526609055420242,-1,General fitness improvement recommended.
0.26829268292682934,Female,66.1,1.63,181.0,169.0,71.0,0.6533333333333333,0.24643584521384926,HIIT,30.6,1.6,5.0,1.0,17.15,0.34300144570497754,0.09363564486674456,0.38095238095238093,0.8455239265228025,0.15636799825116446,450.0,49500.0,0.016355235719834816,8,Endurance-focused training with longer cardio sessions and attention to pacing and recovery.
0.0,Male,59.0,1.78,173.0,169.0,51.0,0.38000000000000006,0.40801086218601496,Strength,18.9,3.2,2.0,3.0,12.32,0.1987515197283875,0.22688470403262453,0.5714285714285712,0.9559219611675678,0.5273445763558053,844.8598130841121,103072.89719626168,0.05068905433233011,6,Balanced cardio and strength training routine for steady and sustainable fitness improvement.
0.3658536585365854,Female,94.2,1.86,172.0,148.0,61.0,0.56,0.2593346911065852,Cardio,28.9,1.8,3.0,1.0,22.89,0.39717588899914685,0.11428613051756908,0.39682539682539675,0.6582673179442922,0.09339948221434907,511.19402985074623,56742.53731343283,0.014259910637893334,8,Endurance-focused training with longer cardio sessions and attention to pacing and recovery.
0.48780487804878053,Male,40.0,1.86,187.0,126.0,71.0,0.7333333333333334,0.5132382892057026,Cardio,14.7,3.0,2.0,2.0,12.32,0.03600997423245739,0.1651348034928387,0.47619047619047605,0.1809799300540742,0.7838242636045931,661.875,76777.5,0.04687499999999999,10,Balanced cardio and strength training routine for steady and sustainable fitness improvement.
0.0,Female,73.6,1.53,186.0,128.0,50.0,0.6399999999999999,0.6238968092328581,Cardio,25.2,2.3,3.0,1.0,14.92,0.4942837645288504,0.2242277154166882,0.7936507936507935,0.21773563714411348,0.2433849226160759,836.986301369863,113830.13698630137,0.021404109589041095,2,Balanced cardio and strength training routine for steady and sustainable fitness improvement.
0.3170731707317073,Female,60.2,1.75,166.0,155.0,57.0,0.27999999999999997,0.35030549898167,Cardio,10.0,3.2,5.0,1.0,12.32,0.22262914305201453,0.2421910340860244,0.3650793650793649,0.8456090251718078,0.5139893387256562,890.2173913043478,97033.6956521739,0.05777841976021956,-1,General fitness improvement recommended.
0.5365853658536586,Male,73.8,1.85,185.0,165.0,59.0,0.9933333333333334,0.8024439918533603,,27.9,2.0,4.0,1.0,22.4,0.2665697259001487,0.1936015606049222,0.6349206349206349,0.7386216236643262,0.192123738511474,746.2311557788945,94025.12562814071,0.013618226634527653,5,Endurance-focused training with longer cardio sessions and attention to pacing and recovery.
0.0,Male,72.8,1.84,174.0,152.0,62.0,0.5466666666666666,0.2898845892735913,Cardio,23.5,2.1,2.0,3.0,12.32,0.26517847530510164,0.12840416394477727,0.41269841269841256,0.6917575147880672,0.21369045333099254,553.030303030303,61939.393939393936,0.021853146853146852,6,Balanced cardio and strength training routine for steady and sustainable fitness improvement.
0.3658536585365854,Female,40.0,1.63,165.0,159.0,74.0,1.0,0.4290563475899524,Yoga,28.2,1.6,2.0,3.0,12.98,0.11653771514162437,0.09954118009249865,0.0793650793650793,0.9220631986862808,0.35147279081377936,467.5,42542.5,0.02,-1,General fitness improvement recommended.
0.902439024390244,Male,64.4,1.76,163.0,144.0,74.0,0.6533333333333333,0.2810590631364562,Cardio,26.7,1.7,2.0,3.0,21.26,0.2487519223777453,0.1052643049637893,0.04761904761904745,0.7169999068000275,0.1834426709536405,484.4594594594595,43116.89189189189,0.017836159140506964,10,Balanced cardio and strength training routine for steady and sustainable fitness improvement.
0.7804878048780488,Female,56.4,1.67,193.0,128.0,59.0,0.9333333333333333,0.6021724372029871,HIIT,17.5,3.7,2.0,2.0,12.32,0.23567464767286406,0.15313502232922938,0.7619047619047619,0.15391706476742684,0.6677420545979411,626.3157894736843,83926.3157894737,0.034527808883911916,5,Endurance-focused training with longer cardio sessions and attention to pacing and recovery.
0.07317073170731708,Male,45.2,1.73,198.0,156.0,59.0,0.38000000000000006,0.8547182620502376,Cardio,24.2,2.8,4.0,2.0,22.25,0.117627435744038,0.43440631570398314,0.841269841269841,0.4726732215206253,0.6225806675574501,1459.8130841121495,202914.01869158878,0.0578943015466049,2,Balanced cardio and strength training routine for steady and sustainable fitness improvement.
0.7560975609756098,Female,86.0,1.5,192.0,127.0,65.0,0.8600000000000001,0.2260692464358452,HIIT,22.1,1.8,4.0,3.0,,0.6506157402144672,0.061680713637205294,0.6507936507936507,0.14943204721235492,0.11590587540615985,355.3072625698324,45124.022346368714,0.011692867350915941,10,Balanced cardio and strength training routine for steady and sustainable fitness improvement.
0.3658536585365854,Female,60.7,2.0,188.0,169.0,74.0,0.6133333333333333,0.2729124236252546,Cardio,23.3,3.2,4.0,2.0,21.91,0.11930089803342053,0.10932036619067897,0.4444444444444442,0.7566329558081679,0.5085805041555107,496.47887323943667,56598.59154929578,0.03712555398287584,-1,General fitness improvement recommended.
0.5853658536585367,Male,53.6,1.86,199.0,167.0,62.0,1.0,0.5383570943652409,Strength,21.9,3.4,3.0,1.0,20.71,0.12663463181229084,0.12670664213096747,0.8095238095238093,0.6038848159625121,0.6409362502089084,548.0,75076.0,0.03171641791044776,5,Endurance-focused training with longer cardio sessions and attention to pacing and recovery.
0.4146341463414634,Female,64.3,1.79,188.0,148.0,62.0,0.7533333333333332,0.6035302104548541,HIIT,16.3,2.2,5.0,2.0,13.91,0.23210163365024988,0.18855897180831335,0.6349206349206349,0.47102468895582117,0.2800065620298724,731.2883435582822,92142.33128834356,0.020990563787461003,-1,General fitness improvement recommended.
0.0,Male,78.0,1.51,182.0,169.0,64.0,0.37333333333333335,0.4663951120162933,Strength,31.4,3.1,3.0,2.0,12.32,0.5580982672000596,0.25695314194555036,0.5079365079365079,0.8324065776261378,0.3483053807567038,933.9622641509434,110207.54716981133,0.03749395258829221,6,Balanced cardio and strength training routine for steady and sustainable fitness improvement.
0.6829268292682928,Male,50.2,1.8,193.0,132.0,74.0,0.47333333333333333,0.4005431093007467,HIIT,28.4,3.4,3.0,3.0,15.85,0.12665092055793437,0.19082945956215422,0.5238095238095237,0.206909272187354,0.6940073668666039,738.0165289256198,87823.96694214876,0.055974449310197225,10,Balanced cardio and strength training routine for steady and sustainable fitness improvement.
0.26829268292682934,Female,57.0,1.62,188.0,126.0,70.0,1.0,0.471826205023761,Yoga,17.9,3.4,4.0,1.0,13.32,0.270167548389501,0.11017114349885601,0.5079365079365079,0.17181602844383836,0.5941964246612538,499.0,58882.0,0.02982456140350877,7,Endurance-focused training with longer cardio sessions and attention to pacing and recovery.
0.7804878048780488,Male,87.6,1.67,172.0,156.0,74.0,0.3133333333333333,0.4765784114052953,,23.0,2.0,4.0,2.0,23.76,0.4935768260388757,0.2914145418235163,0.19047619047619024,0.7771916904099427,0.13938648452630906,1036.0824742268042,101536.0824742268,0.023537165183825263,-1,General fitness improvement recommended.
0.04878048780487804,Female,86.0,1.69,183.0,136.0,58.0,0.4399999999999999,0.3788187372708757,Strength,23.3,3.6,5.0,,28.85,0.4636249716653003,0.19225517400618478,0.6190476190476188,0.3583569469448511,0.37445492890232757,742.2413793103449,92780.17241379312,0.03608660785886127,3,"Beginner-friendly workouts focusing on light cardio, mobility, and building consistency."
0.2439024390243903,Female,43.3,1.78,193.0,128.0,72.0,0.5133333333333334,0.7983706720977597,HIIT,26.3,3.4,3.0,1.0,31.04,0.08451814515906242,0.3347727975043974,0.5555555555555554,0.15391706476742684,0.8273304329220456,1164.5669291338581,140912.59842519683,0.06182829917622884,2,Balanced cardio and strength training routine for steady and sustainable fitness improvement.
0.0,Male,65.9,1.78,170.0,135.0,69.0,1.0,0.9714867617107943,Yoga,23.9,3.1,3.0,1.0,24.81,0.2489559964499381,0.23435611281757054,0.23809523809523792,0.48862519839770213,0.4384491980866766,867.0,87567.0,0.02352048558421851,8,Endurance-focused training with longer cardio sessions and attention to pacing and recovery.
0.0,Female,61.0,1.51,173.0,146.0,58.0,1.0,0.746775288526816,Cardio,21.7,2.1,2.0,2.0,12.32,0.38621706387389393,0.17850662253972474,0.46031746031746024,0.6159907346689311,0.28262056563866145,701.5,80672.5,0.01721311475409836,8,Endurance-focused training with longer cardio sessions and attention to pacing and recovery.
0.09756097560975613,Male,71.0,1.72,192.0,128.0,59.0,0.6266666666666667,0.7691785471826205,Cardio,28.5,3.2,3.0,2.0,17.82,0.322733922824986,0.27830079398953117,0.746031746031746,0.16274909933741455,0.41410720940721724,997.2222222222223,132630.55555555556,0.03129890453834116,2,Balanced cardio and strength training routine for steady and sustainable fitness improvement.
0.5853658536585367,Female,57.3,1.76,174.0,131.0,74.0,0.4199999999999999,0.3652410047522064,Yoga,22.1,1.9,4.0,3.0,12.46,0.1959114888903712,0.19293225485730006,0.2222222222222221,0.3831692724418534,0.26696430049515607,744.2477876106195,74424.77876106196,0.029344082534093197,10,Balanced cardio and strength training routine for steady and sustainable fitness improvement.
0.1951219512195122,Male,95.2,1.68,163.0,142.0,68.0,0.13999999999999996,0.606245756958588,Strength,24.2,3.7,4.0,2.0,19.46,0.5470587916876426,0.5102313491221536,0.1428571428571428,0.6856272195851627,0.33745899757806264,1684.5070422535211,160028.1690140845,0.05474020594153155,1,High-intensity interval training with strength conditioning and proper recovery.
0.7560975609756098,Female,68.8,1.66,190.0,137.0,63.0,1.0,0.4887983706720977,Yoga,26.2,2.6,2.0,1.0,15.5,0.34504676561951636,0.11438938294582321,0.6507936507936507,0.30180715942225,0.32418150183362837,511.5,64960.5,0.018895348837209305,5,Endurance-focused training with longer cardio sessions and attention to pacing and recovery.
0.6097560975609757,Female,69.7,1.75,193.0,162.0,53.0,0.013333333333333364,0.651052274270197,Cardio,26.1,1.5,3.0,2.0,22.68,0.2941414628827546,0.7607664374024811,0.8571428571428572,0.6043508278368082,0.12320113803469832,2426.9230769230767,339769.23076923075,0.04138616046793952,-1,General fitness improvement recommended.
0.39024390243902446,Female,102.9,1.64,188.0,124.0,74.0,0.49333333333333335,0.2695179904955872,Strength,24.2,3.3,4.0,1.0,14.76,0.6514515352125414,0.13228016109057317,0.4444444444444442,0.14461524112456714,0.2535139398357691,564.516129032258,64354.83870967742,0.02586287971409762,-1,General fitness improvement recommended.
0.12195121951219517,Female,90.5,1.5,182.0,148.0,67.0,0.4399999999999999,0.6116768499660556,Strength,23.3,2.8,2.0,2.0,15.69,0.6967223674737602,0.2920383554068573,0.46031746031746024,0.5373826536248121,0.23954596912839107,1037.9310344827586,119362.06896551725,0.026671746999428463,6,Balanced cardio and strength training routine for steady and sustainable fitness improvement.
0.26829268292682934,Female,40.0,1.72,194.0,127.0,68.0,0.6733333333333333,0.4765784114052953,HIIT,27.1,2.1,2.0,1.0,21.98,0.08116661532125402,0.1663793238064969,0.6349206349206349,0.13199631917232812,0.5058840310962129,665.5629139072847,83860.92715231788,0.034768211920529805,2,Balanced cardio and strength training routine for steady and sustainable fitness improvement.
0.3170731707317073,Male,81.9,1.63,168.0,126.0,56.0,0.4466666666666666,0.3102511880515954,Cardio,23.1,2.1,4.0,2.0,12.32,0.48009443202302277,0.16098326270379365,0.41269841269841256,0.3758219333383721,0.17409782761754802,649.5726495726497,72752.13675213676,0.021915406530791146,-1,General fitness improvement recommended.
0.48780487804878053,Male,99.6,1.6,173.0,132.0,56.0,0.34,0.5600814663951119,Strength,30.6,3.4,2.0,2.0,16.92,0.6663848471069682,0.3186641017009952,0.49206349206349187,0.4090760750610647,0.27904213673752143,1116.8316831683169,130669.30693069307,0.03379856057894946,-1,General fitness improvement recommended.
0.0,Female,65.7,1.72,180.0,169.0,56.0,1.0,0.4765784114052953,HIIT,27.0,3.0,3.0,2.0,21.61,0.28143370573563825,0.11135225054400683,0.603174603174603,0.8587870237405419,0.4214161471426259,502.5,62310.0,0.0228310502283105,8,Endurance-focused training with longer cardio sessions and attention to pacing and recovery.
0.5609756097560976,Female,85.7,1.66,170.0,134.0,74.0,0.7933333333333332,0.11676849966055669,Yoga,11.1,1.5,4.0,1.0,17.33,0.4864319450145757,0.036627012340868244,0.1587301587301586,0.47358476305645825,0.07356859360068083,281.06508875739644,26982.248520710058,0.010356755711750775,4,"Beginner-friendly workouts focusing on light cardio, mobility, and building consistency."
0.26829268292682934,Male,62.0,1.74,181.0,158.0,53.0,0.4333333333333333,0.1670061099796334,Yoga,22.5,2.2,,,16.32,0.24155876654343533,0.10287909130705533,0.6666666666666665,0.6901337934392315,0.2956855040020614,477.3913043478261,61106.08695652174,0.03085553997194951,-1,General fitness improvement recommended.
0.6585365853658538,Male,70.9,2.0,198.0,128.0,73.0,0.4599999999999999,0.5166327223353699,HIIT,27.8,1.5,3.0,1.0,27.46,0.17808684778901906,0.24350721110016763,0.6190476190476188,0.11109507897354631,0.11870165736686125,894.1176470588235,111764.70588235294,0.017778620616088467,9,High-intensity interval training with strength conditioning and proper recovery.
0.7560975609756098,Female,59.2,1.55,185.0,169.0,63.0,0.5466666666666666,0.5879158180583843,Yoga,25.1,1.7,4.0,1.0,27.18,0.337523540862774,0.24063489832166232,0.5714285714285712,0.7939053859997096,0.21208534688315014,885.6060606060605,108043.93939393938,0.02175470925470925,10,Balanced cardio and strength training routine for steady and sustainable fitness improvement.
0.26829268292682934,Male,83.7,1.8,190.0,149.0,74.0,0.6199999999999999,0.5797691785471826,Cardio,16.0,3.5,,1.0,13.59,0.3650107991360691,0.21481415988871158,0.47619047619047605,0.4632939388756072,0.3739057738703432,809.0909090909091,93854.54545454546,0.029241964725835692,-1,General fitness improvement recommended.
0.902439024390244,Female,53.8,1.52,191.0,136.0,55.0,0.4466666666666666,0.5424304141208418,HIIT,20.4,3.6,3.0,2.0,23.84,0.3062865803218611,0.2596251697713345,0.7936507936507935,0.2787678152332238,0.6839448739795247,941.8803418803419,128095.7264957265,0.05719187875321705,10,Balanced cardio and strength training routine for steady and sustainable fitness improvement.
0.0,Female,68.1,1.66,160.0,120.0,65.0,0.6199999999999999,0.7060420909708078,Cardio,27.2,3.3,4.0,1.0,25.77,0.33919057475699904,0.2587074486795312,0.1428571428571428,0.3758219333383721,0.45595546265246567,939.1608391608391,89220.27972027972,0.033886818027787195,1,High-intensity interval training with strength conditioning and proper recovery.
0.5609756097560976,Female,105.1,1.67,194.0,127.0,68.0,0.5333333333333334,0.5193482688391038,Strength,30.6,3.5,3.0,3.0,17.65,0.6382334965967349,0.21901470042890828,0.6349206349206349,0.13199631917232812,0.26872834692503855,821.5384615384615,103513.84615384616,0.025616628851643123,-1,General fitness improvement recommended.
0.14634146341463422,,45.5,2.0,169.0,164.0,60.0,0.8800000000000001,0.6748133061778683,HIIT,24.9,2.2,3.0,1.0,17.6,0.03169830624076392,0.18226502753269286,0.3650793650793649,0.9393932753409038,0.4546398612442405,712.6373626373626,77677.47252747252,0.02656683975365294,8,Endurance-focused training with longer cardio sessions and attention to pacing and recovery.
0.8048780487804879,Male,58.8,1.63,188.0,155.0,59.0,0.4000000000000001,0.40325865580448067,Cardio,24.7,3.3,2.0,1.0,21.73,0.27966101531752624,0.2169616272435312,0.6825396825396823,0.5662274445732702,0.5506317782801018,815.4545454545454,105193.63636363635,0.0510204081632653,10,Balanced cardio and strength training routine for steady and sustainable fitness improvement.
0.04878048780487804,Male,52.9,1.8,163.0,159.0,57.0,0.6333333333333333,0.5526137135098439,Strength,27.1,3.3,3.0,1.0,27.72,0.14586201524930636,0.20173893993522832,0.3174603174603172,0.9522950609115144,0.627953559803422,770.344827586207,81656.55172413794,0.04302196727723095,6,Balanced cardio and strength training routine for steady and sustainable fitness improvement.
0.6097560975609757,Female,57.1,1.96,196.0,149.0,51.0,0.9199999999999999,0.3767820773930753,Cardio,29.9,3.2,5.0,,13.07,0.11212206160358051,0.09578963947796187,0.9365079365079363,0.40191248444052996,0.5496383895510251,456.3829787234043,66175.53191489363,0.02980959123598018,5,Endurance-focused training with longer cardio sessions and attention to pacing and recovery.
0.12195121951219517,Male,68.6,1.8,196.0,138.0,65.0,0.38666666666666666,0.186693822131704,Strength,16.8,2.6,2.0,1.0,21.41,0.2575709732695068,0.12238216554237291,0.714285714285714,0.25841445337866076,0.32554250673136487,535.1851851851851,70109.25925925926,0.03509340244034122,3,"Beginner-friendly workouts focusing on light cardio, mobility, and building consistency."
0.7073170731707319,Male,68.2,1.58,164.0,140.0,72.0,0.3333333333333333,0.6877121520706042,HIIT,28.1,2.6,2.0,3.0,16.35,0.3992681734062629,0.38587527375263264,0.09523809523809512,0.6408637512420019,0.3282884638270914,1316.0,121072.0,0.03812316715542522,10,Balanced cardio and strength training routine for steady and sustainable fitness improvement.
0.0,Male,40.0,1.64,160.0,152.0,56.0,0.4666666666666666,0.6883910386965377,Cardio,19.2,1.8,3.0,1.0,28.02,0.1123180479635959,0.31214044821964587,0.2857142857142856,0.8871967349406695,0.41323728692675277,1097.5,114140.0,0.0375,6,Balanced cardio and strength training routine for steady and sustainable fitness improvement.
0.2439024390243903,Male,82.4,1.57,171.0,169.0,55.0,0.38000000000000006,0.6211812627291242,HIIT,31.0,2.5,4.0,,12.47,0.5401241086558131,0.3259147740399294,0.47619047619047605,0.9851354761832147,0.23214138570230644,1138.3177570093458,132044.8598130841,0.028354958715180106,-1,General fitness improvement recommended.
0.26829268292682934,Male,46.8,1.7,195.0,153.0,59.0,0.5533333333333335,0.5940257976917855,Cardio,24.7,3.4,3.0,2.0,26.27,0.14278695985144357,0.24067141987531573,0.7936507936507935,0.46432911053876946,0.754789671414734,885.7142857142857,120457.14285714286,0.05462373883426515,2,Balanced cardio and strength training routine for steady and sustainable fitness improvement.
0.07317073170731708,Male,62.2,1.71,190.0,142.0,58.0,1.0,0.9871011541072641,Yoga,18.5,3.1,,2.0,16.06,0.25984547858127915,0.2382368931087804,0.7301587301587298,0.3690933175278155,0.4730157863801451,878.5,115962.0,0.02491961414790997,7,Endurance-focused training with longer cardio sessions and attention to pacing and recovery.
0.3658536585365854,Male,58.1,1.65,168.0,130.0,60.0,0.4533333333333333,0.3713509843856076,Strength,22.4,3.1,3.0,2.0,12.32,0.2614402418054491,0.18486400985539125,0.3492063492063491,0.43669988591007414,0.5164615997076429,720.3389830508474,77796.61016949153,0.045217188366055025,-1,General fitness improvement recommended.
0.6585365853658538,Female,55.2,1.9,175.0,156.0,67.0,0.5933333333333333,0.37406653088934144,Strength,24.5,2.5,5.0,1.0,12.32,0.12197182557513792,0.1491100456513205,0.3492063492063491,0.7374369716142826,0.4168178374260556,614.3884892086331,66353.95683453238,0.03258262954853509,10,Balanced cardio and strength training routine for steady and sustainable fitness improvement.
0.09756097560975613,Male,52.3,1.66,190.0,146.0,59.0,0.17333333333333328,0.5994568906992532,Yoga,21.4,3.3,2.0,2.0,15.38,0.2070079810030383,0.4683929178394101,0.714285714285714,0.42292224401226775,0.6367940577524862,1560.5263157894738,204428.94736842107,0.08302304518466337,2,Balanced cardio and strength training routine for steady and sustainable fitness improvement.
0.4634146341463415,Female,40.0,1.66,176.0,134.0,57.0,1.0,0.4263408010862186,Strength,27.2,2.7,3.0,2.0,23.21,0.10410634156166382,0.0988662617809839,0.5238095238095237,0.404877319793048,0.6911775194351331,465.5,55394.5,0.03375,5,Endurance-focused training with longer cardio sessions and attention to pacing and recovery.
0.2439024390243903,Female,93.2,1.71,176.0,149.0,60.0,0.5999999999999999,0.7094365241004752,HIIT,27.2,2.1,,2.0,14.12,0.5042463959640775,0.2667039833194563,0.47619047619047605,0.6227927182031179,0.13569467992982934,962.8571428571429,111691.42857142858,0.01609442060085837,6,Balanced cardio and strength training routine for steady and sustainable fitness improvement.
0.0,Female,53.9,1.73,177.0,157.0,73.0,0.49333333333333335,0.8010862186014935,Cardio,10.0,3.5,3.0,1.0,15.92,0.18464064319431173,0.34536928928252947,0.2857142857142856,0.7261281180518102,0.6594931350654909,1195.967741935484,124380.64516129033,0.052366987850858825,6,Balanced cardio and strength training routine for steady and sustainable fitness improvement.
0.8292682926829269,Male,54.9,1.67,167.0,144.0,69.0,1.0,0.4711473183978276,Strength,16.4,2.5,4.0,2.0,18.27,0.2232755044821904,0.11000241392097732,0.19047619047619024,0.6628961108845721,0.4198750014452691,498.5,48853.0,0.02276867030965392,5,Endurance-focused training with longer cardio sessions and attention to pacing and recovery.
0.0,Male,62.7,1.87,184.0,141.0,59.0,0.7266666666666668,0.27494908350305497,Cardio,10.3,1.5,2.0,2.0,13.14,0.18281662051065983,0.09204385639619089,0.6190476190476188,0.4175100965124723,0.15288072675675482,445.2830188679245,55660.377358490565,0.01504619180885318,3,"Beginner-friendly workouts focusing on light cardio, mobility, and building consistency."
0.9512195121951221,Female,98.3,1.71,162.0,126.0,61.0,0.3,0.04276985743380857,HIIT,22.7,3.3,3.0,2.0,20.61,0.5444542888238282,0.07178960478350388,0.23809523809523792,0.44684621133869107,0.27205231971835886,385.2631578947369,38911.57894736843,0.03533758098195642,10,Balanced cardio and strength training routine for steady and sustainable fitness improvement.
0.5365853658536586,Female,71.4,1.92,171.0,167.0,57.0,0.08000000000000002,0.7528852681602172,Strength,10.0,1.8,3.0,1.0,18.19,0.21597472860065942,0.7103150375653051,0.4444444444444442,0.9552305170251856,0.1687744493703622,2277.4193548387098,259625.8064516129,0.040661425860666844,6,Balanced cardio and strength training routine for steady and sustainable fitness improvement.
0.3658536585365854,Male,74.6,1.58,172.0,165.0,68.0,0.5999999999999999,0.6571622539035982,Yoga,15.6,2.7,2.0,2.0,13.23,0.4583697625865774,0.2481437297528005,0.2857142857142856,0.9109816094337999,0.30444566776797655,907.8571428571429,94417.14285714286,0.02585216392186902,6,Balanced cardio and strength training routine for steady and sustainable fitness improvement.
0.8048780487804879,Male,47.1,2.0,177.0,163.0,65.0,0.5266666666666666,0.5682281059063137,Yoga,21.9,2.8,5.0,1.0,14.85,0.04091963169262253,0.23999874381732758,0.41269841269841256,0.8128018132386403,0.5917117650791026,883.7209302325581,98976.7441860465,0.04608370776345891,10,Balanced cardio and strength training routine for steady and sustainable fitness improvement.
0.6829268292682928,Female,49.2,1.5,184.0,120.0,73.0,1.0,0.3591310251188052,Yoga,25.9,3.3,3.0,1.0,15.31,0.2735659884051382,0.08216203357099378,0.39682539682539675,0.12569295429376992,0.6859049404986596,416.0,46176.0,0.033536585365853654,5,Endurance-focused training with longer cardio sessions and attention to pacing and recovery.
0.8048780487804879,Male,80.8,2.0,167.0,129.0,55.0,0.6799999999999999,0.7813985064494229,Cardio,33.9,1.6,3.0,1.0,12.58,0.23514379902239402,0.2645853487701524,0.41269841269841256,0.433236768847612,0.10196868770394621,956.578947368421,107136.84210526316,0.013027618551328817,9,High-intensity interval training with strength conditioning and proper recovery.
1.0,Female,85.7,1.6,182.0,140.0,72.0,1.0,0.638153428377461,Yoga,33.4,1.5,4.0,3.0,24.01,0.541212558258497,0.15150989007913462,0.38095238095238093,0.4249925873385929,0.07356859360068083,621.5,68365.0,0.008751458576429404,5,Endurance-focused training with longer cardio sessions and attention to pacing and recovery.
0.0,Male,42.3,1.64,198.0,169.0,65.0,0.7,0.6082824168363883,Cardio,26.4,3.2,4.0,1.0,15.26,0.13203199105854935,0.2028200104230828,0.746031746031746,0.6405487877031977,0.7918551082528522,773.5483870967741,102881.93548387096,0.04880652787310304,-1,General fitness improvement recommended.
0.12195121951219517,Female,41.5,1.89,188.0,129.0,59.0,0.5666666666666667,0.15546503733876443,HIIT,27.6,3.4,3.0,2.0,20.79,0.03729601619935813,0.07476292911883203,0.6825396825396823,0.2126172094227452,0.8694015774960623,394.0740740740741,50835.555555555555,0.060687193217313695,-1,General fitness improvement recommended.
0.09756097560975613,Male,84.3,1.6,173.0,127.0,72.0,0.2,0.41276306856754924,HIIT,24.0,3.3,5.0,1.0,13.86,0.5286052773672842,0.3260606383946376,0.23809523809523792,0.3351779823439698,0.3409222719048016,1138.75,115013.75,0.048932384341637006,1,High-intensity interval training with strength conditioning and proper recovery.
0.39024390243902446,Male,82.4,1.66,192.0,148.0,72.0,0.4066666666666667,0.5342837746096403,Strength,26.3,3.4,2.0,2.0,18.08,0.45882418809128017,0.27315783538452004,0.5396825396825395,0.4290901418386115,0.3670638286675396,981.9819819819819,117837.83783783783,0.0371730954255226,0,Balanced cardio and strength training routine for steady and sustainable fitness improvement.
0.6829268292682928,Female,58.6,2.0,194.0,135.0,55.0,1.0,0.5831636116768499,HIIT,27.1,3.6,2.0,1.0,24.38,0.10719790837785614,0.13784279427096088,0.841269841269841,0.2374344225954821,0.6162380028202455,581.0,80759.0,0.030716723549488054,5,Endurance-focused training with longer cardio sessions and attention to pacing and recovery.
0.04878048780487804,Male,40.0,1.81,176.0,138.0,66.0,0.6266666666666667,0.6157501697216565,Cardio,23.0,3.6,4.0,2.0,12.32,0.050939512641558826,0.22533845426649843,0.38095238095238093,0.4629880927023997,0.9691177519435134,840.2777777777778,92430.55555555556,0.0625,-1,General fitness improvement recommended.
0.878048780487805,Male,88.5,2.0,173.0,134.0,58.0,0.4066666666666667,0.7365919891378139,HIIT,27.7,3.7,3.0,2.0,36.73,0.2795214277594635,0.36375497810136526,0.46031746031746024,0.4386353121479025,0.3738057159619732,1250.4504504504503,143801.80180180178,0.03766478342749529,9,High-intensity interval training with strength conditioning and proper recovery.
0.7073170731707319,Male,70.1,1.84,188.0,129.0,67.0,0.4666666666666666,0.6503733876442634,Strength,28.4,2.5,3.0,2.0,17.99,0.2467935666330655,0.29639235428430166,0.5555555555555554,0.2126172094227452,0.2979024432578766,1050.8333333333335,127150.83333333336,0.02971944840703757,9,High-intensity interval training with strength conditioning and proper recovery.
0.4146341463414634,Male,49.3,1.71,180.0,152.0,73.0,0.36000000000000004,0.4433129667345553,Cardio,32.9,1.7,4.0,3.0,12.65,0.158143161347792,0.2519818641067443,0.33333333333333326,0.6173044785394568,0.2833188640684293,919.2307692307692,98357.6923076923,0.03315649867374005,6,Balanced cardio and strength training routine for steady and sustainable fitness improvement.
0.5365853658536586,Male,79.5,1.92,184.0,156.0,52.0,0.5266666666666666,0.5940257976917855,Strength,14.7,1.5,4.0,1.0,23.51,0.2666289821814255,0.2499394011187077,0.7301587301587298,0.6259509123829741,0.0904303921476276,913.1782945736434,120539.53488372093,0.01462629808395495,0,Balanced cardio and strength training routine for steady and sustainable fitness improvement.
